overture_id,business_name,website_url,phone,email_public,address,locality,postcode,region,country,overture_category,overture_category_hierarchy,overture_confidence,relevance_score,source_type,source_release
6725f7ec-c3d7-4d47-b940-58f33389af6b,5 Star SEO & Web Design,https://5star-seo.com/,0416 598 556,,84 Parkyn Pde,Mooloolaba,4557,QLD,AU,advertising_agency,"[services_and_business, professional_service, advertising_agency]",0.77,14,overture-maps,2026-08-19.0
2a283378-cef4-4122-8942-7f2cf93553f8,CJ&CO Digital Marketing Agency,https://cjco.com.au/,(07) 3184 5443,,Nerang Street,Gold Coast,4215,QLD,AU,advertising_agency,"[services_and_business, professional_service, advertising_agency]",0.77,14,overture-maps,2026-08-19.0
cca15971-04c4-4749-b447-ceb8eb449099,"WP Speed Fix - Technical SEO, Site Speed & Core Web Vitals Consulting",https://wpspeedfix.com/,+61734850633,,Level 2/194 Varsity Parade,Gold Coast,4227,QLD,AU,web_designer,"[services_and_business, design_service, web_designer]",0.8962348830699921,13,overture-maps,2026-08-19.0
473fcf9f-f5b1-42e3-97c8-9c9877c2364e,Buzzword Digital Marketing Agency,https://buzzword.net.au/,+611300729098,sales@buzzword.net.au,3/42 Lawrence Dr,Gold Coast,4211,QLD,AU,internet_marketing_service,"[services_and_business, professional_service, internet_marketing_service]",0.8465009263157844,13,overture-maps,2026-08-19.0
79a66ce1-c863-4641-bbdc-1421e180bb8b,Static Wave Web & Digital Marketing,https://staticwave.com.au/,(07) 5493 0820,,84 Kings Rd,Glass House Mountains,4518,QLD,AU,web_designer,"[services_and_business, design_service, web_designer]",0.77,13,overture-maps,2026-08-19.0
3c324d29-625e-4c8d-a700-bad182dee9ec,Trondez - Website Development & Graphic Design,https://trondez.com/,+61458240123,joy@trondez.com,41 Kanangra St,Brisbane,4301,QLD,AU,web_designer,"[services_and_business, design_service, web_designer]",0.8834598821401596,12,overture-maps,2026-08-19.0
d9847a62-f090-44ed-a8c3-6f22bf1d4de4,D Dot Design & Websites,https://ddotdesign.com.au/,+61404061639,,28 Gotha St,Brisbane,4163,QLD,AU,web_designer,"[services_and_business, design_service, web_designer]",0.8702335032820702,12,overture-maps,2026-08-19.0
eda279ee-7ef3-4f9b-973a-14c13e0e248c,No Nonsense Website Design,https://nncomputers.com/,+61402133866,nn@nncomputers.com,8 Shearwater Ct,Brisbane,4508,QLD,AU,web_designer,"[services_and_business, design_service, web_designer]",0.8482705065608025,12,overture-maps,2026-08-19.0
7e63d1c6-bbc9-4df9-86a3-20ed78341136,Cairns Website Design,https://cairns-website-design.com/,+61410307116,info@cairnswebsites.com,516-518 Varley St,Cairns,4878,QLD,AU,web_designer,"[services_and_business, design_service, web_designer]",0.8346508350968361,12,overture-maps,2026-08-19.0
4c149a0b-8149-4ae2-b0f0-ef9c9f3c2f59,Boost Digital Marketing,https://boostdigitalmarketing.com.au/,0414 806 443,,19 Hastings Pl,Buderim,4556,QLD,AU,web_designer,"[services_and_business, design_service, web_designer]",0.77,12,overture-maps,2026-08-19.0
806a38d2-79e4-4181-ab0b-f2c8b378d25c,GenXalt Website Design,https://genxalt.com.au/,0424 133 213,,7 Weyba Ct,Petrie,4502,QLD,AU,web_designer,"[services_and_business, design_service, web_designer]",0.77,12,overture-maps,2026-08-19.0
59e38000-8135-4bde-ac28-fb0d5b990641,Gold Coast Website Designs,https://goldcoastwebsitedesigns.com.au/,(07) 5641 0224,gcwebsitedesigns@gmail.com,13 Belmore Cl #166,Robina,4226,QLD,AU,web_designer,"[services_and_business, design_service, web_designer]",0.77,12,overture-maps,2026-08-19.0
fec6ffd5-8210-4985-bcd5-fc706d376f04,JaydenWEB - Website Design & Development,https://jaydenweb.com.au/,0422 118 165,,124 Warrigal Rd #1,Runcorn,4113,QLD,AU,web_designer,"[services_and_business, design_service, web_designer]",0.77,12,overture-maps,2026-08-19.0
1a535dd8-b3b8-4178-930a-0cae9404ca3d,KM Digital Marketing,https://kmdigitalmarketing.com/,0422 024 926,,38 Cooinda St #35,Eastern Heights,4305,QLD,AU,web_designer,"[services_and_business, design_service, web_designer]",0.77,12,overture-maps,2026-08-19.0
5e5e0f8a-cc64-4a79-8fce-16d3a7cfe71b,Sunshine Coast Website Designs,https://sunshinecoastwebsitedesigns.com.au/,(07) 5641 0224,,5 Stewart Way,Shelly Beach,4551,QLD,AU,web_designer,"[services_and_business, design_service, web_designer]",0.77,12,overture-maps,2026-08-19.0
8461c1f9-ab4c-4edf-89a0-9ae6759a171a,Website Design 808,https://websitedesign808.com/,0434 098 860,aj@808base.com,18 Koondara St,Carindale,4152,QLD,AU,web_designer,"[services_and_business, design_service, web_designer]",0.77,12,overture-maps,2026-08-19.0
48ca244a-7322-47e1-b687-0064d71758f7,Website Design Mackay,https://xanderdigital.com.au/,(07) 4955 0185,,64 Broomdykes Dr,Mackay,4740,QLD,AU,web_designer,"[services_and_business, design_service, web_designer]",0.77,12,overture-maps,2026-08-19.0
6ae28d7f-d68a-4c96-a90a-d465b64f2282,Website Design Master,https://websitedesignmaster.com.au/,(03) 9028 7975,,23 Anthony St Unit 3,West End,4101,QLD,AU,web_designer,"[services_and_business, design_service, web_designer]",0.77,12,overture-maps,2026-08-19.0
90e6ee7a-66f7-4388-8f1f-eb5bd3bf83d2,Website Designer Gold Coast,https://bsmart.com.au/,(07) 5522 9589,,4 Gill Ct,Mudgeeraba,4213,QLD,AU,web_designer,"[services_and_business, design_service, web_designer]",0.77,12,overture-maps,2026-08-19.0
0f0311ca-5f48-426a-a6dd-8cf06c4cad98,spIT Website Design,https://spit.com.au/,+611800225588,info@spit.com.au,"Southport Central Residential, 9 Lawson St",Gold Coast,4215,QLD,AU,web_designer,"[services_and_business, design_service, web_designer]",0.6383910179138184,12,overture-maps,2026-08-19.0
5e4c8b48-b914-4cf8-85a2-f8fceacd2d76,Resurge Digital | Digital Marketing Agency Brisbane,https://resurgedigital.com.au/,+611300659035,hello@resurgedigital.com.au,17c/455 Brunswick St,Brisbane,4006,QLD,AU,marketing_agency,"[services_and_business, professional_service, marketing_agency]",0.846759520471096,11,overture-maps,2026-08-19.0
53c524a9-d998-4c3d-8d0a-6c92f6d195a3,B2B Websites,https://b2bwebsites.com.au/,0435 661 080,,2404 Logan Rd,Eight Mile Plains,4113,QLD,AU,web_designer,"[services_and_business, design_service, web_designer]",0.77,11,overture-maps,2026-08-19.0
b3316c58-dfad-4d18-8a94-cb5f1f9321eb,Bluehype Websites,https://bluehype.com.au/,1300 797 439,,56 Scarbrough St #1708,Southport,4215,QLD,AU,web_designer,"[services_and_business, design_service, web_designer]",0.77,11,overture-maps,2026-08-19.0
6c897945-98a4-4227-a196-a7cb8b008068,Complete Websites Services,https://completewebsiteservices.com.au/,0435 532 363,,5 Alvarado Ct,Broadbeach Waters,4218,QLD,AU,web_designer,"[services_and_business, design_service, web_designer]",0.77,11,overture-maps,2026-08-19.0
c2b794ba-a85f-4a47-9564-df003f5b4ddf,Digikiki Websites,https://digikiki.com.au/,1300 545 133,mail@digikiki.com.au,15 Dunes Ct #73,Peregian Beach,4573,QLD,AU,web_designer,"[services_and_business, design_service, web_designer]",0.77,11,overture-maps,2026-08-19.0
33768383-e69c-43be-9d00-e7dc102bb41c,Focus Websites,https://121websites.com.au/,(07) 3204 2110,,15 Mizzen Pl,Deception Bay,4508,QLD,AU,web_designer,"[services_and_business, design_service, web_designer]",0.77,11,overture-maps,2026-08-19.0
08d37cd2-2ce0-4331-911b-c75137d23a05,Get Found Websites,https://getfoundwebsites.com.au/,0419 528 669,,,Sunshine Coast,4551,QLD,AU,web_designer,"[services_and_business, design_service, web_designer]",0.77,11,overture-maps,2026-08-19.0
f4244e54-a661-4273-afa2-7311f4faa7e1,Gold Coast Unique Websites,https://goldcoast.uniquewebsites.com.au/,0403 487 998,,10 Moray Ct,Highland Park,4211,QLD,AU,web_designer,"[services_and_business, design_service, web_designer]",0.77,11,overture-maps,2026-08-19.0
216bd340-1740-43e2-9d98-55d3bbcf7ae4,Orange Mantra - Web Development Company,https://orangemantra.in/,0406 670 807,,30 Stratton Tce,Wynnum,4178,QLD,AU,web_designer,"[services_and_business, design_service, web_designer]",0.77,11,overture-maps,2026-08-19.0
8edbd1fc-067b-4080-b170-d8ca8226971d,Rent-a-Website,https://rent-a-website.com.au/,(07) 5592 2685,,"Suite 1, 66 Appel Street",Surfers Paradise,4217,QLD,AU,web_designer,"[services_and_business, design_service, web_designer]",0.77,11,overture-maps,2026-08-19.0
7a390814-03cd-42dd-82d8-7b83ee426fa6,SEO Leads,https://seoleads.com.au/,1800 799 813,,420 Queen St,Brisbane,4000,QLD,AU,web_designer,"[services_and_business, design_service, web_designer]",0.77,11,overture-maps,2026-08-19.0
ddf133ff-5aca-4de5-97de-3f0e4fb66a52,Web Design Cairns - Fancy Pants Digital Design,https://fancypants.com.au/,0488 777 540,,98 Sydney St,Bayview Heights,4868,QLD,AU,advertising_agency,"[services_and_business, professional_service, advertising_agency]",0.77,11,overture-maps,2026-08-19.0
1483b46d-4e5d-4c42-9caa-24445754aa94,Website Profits for You,https://websiteprofitsforyou.com/,(07) 5525 0986,,33 Irene St,Tugun,4224,QLD,AU,web_designer,"[services_and_business, design_service, web_designer]",0.77,11,overture-maps,2026-08-19.0
84e05f83-e0fa-4117-8af5-29ba4b5f7240,Websites With Purpose,https://websiteswithpurpose.com.au/,0414 909 759,,14 Sherman Dr,Upper Coomera,4209,QLD,AU,web_designer,"[services_and_business, design_service, web_designer]",0.77,11,overture-maps,2026-08-19.0
fd4e6c43-6c39-47cf-80ee-ba46fac222b2,Ignite Digital Marketing,https://ignitedigitalmarketing.com.au/,+61754940641,info@ignitedigitalmarketing.com.au,3/5 Peachester Rd,Beerwah,4519,QLD,AU,marketing_agency,"[services_and_business, professional_service, marketing_agency]",0.8912198042869568,10,overture-maps,2026-08-19.0
e495a54a-6c41-4a6c-9a75-4b19fa15fc82,Dgdonline Web and Graphic Design,https://dgdonline.com.au/,+611300491606,james@dgdonline.com.au,13 Shak St,Caboolture,4510,QLD,AU,web_designer,"[services_and_business, design_service, web_designer]",0.866798278093338,10,overture-maps,2026-08-19.0
c6770010-e27f-40b8-80b2-a948e232f71e,PurpleCow Digital Marketing,https://purplecow.digital/,+61489260927,standout@purplecow.digital,59 Turner St,Brisbane,4020,QLD,AU,marketing_agency,"[services_and_business, professional_service, marketing_agency]",0.8548758783936501,10,overture-maps,2026-08-19.0
f8fb7b92-fd59-489f-8e54-3b26a9b54217,Mackay Web Design,https://mackaywebdesigns.com.au/,+61427732460,info@mackweb.com.au,15 Muldoon Ct,Mackay,4740,QLD,AU,marketing_agency,"[services_and_business, professional_service, marketing_agency]",0.8171371610462665,10,overture-maps,2026-08-19.0
47c192e4-2aed-401d-8050-842f2941a997,Digital Marketing Titan,https://digitalmarketingtitan.com/,+61730630780,media@digitalmarketingtitan.com,Level 54/111 Eagle St,Brisbane,4000,QLD,AU,marketing_agency,"[services_and_business, professional_service, marketing_agency]",0.8008944855630398,10,overture-maps,2026-08-19.0
b09394d8-da99-4d5f-8ceb-6b0ab5b1777e,Business Website Designers,https://businesswebsitedesigners.com.au/,(07) 5530 4496,,31 Leviathan Dr,Mudgeeraba,4213,QLD,AU,advertising_agency,"[services_and_business, professional_service, advertising_agency]",0.77,10,overture-maps,2026-08-19.0
f49adc79-6d14-4878-87e1-6ef3373b2583,Jason Suli Digital Marketing,https://jasonsuli.com.au/,0468 338 515,,Level 1/241 Adelaide St,Brisbane City,4000,QLD,AU,advertising_agency,"[services_and_business, professional_service, advertising_agency]",0.77,10,overture-maps,2026-08-19.0
7bd9ced2-1c16-4cc3-8a0c-962033e9bde0,Launchpr Marketing Design Web Print,https://launchpr.com.au/,0430 730 757,,159 Sutton St #157,Redcliffe,4020,QLD,AU,web_designer,"[services_and_business, design_service, web_designer]",0.77,10,overture-maps,2026-08-19.0
d32573a4-c426-402d-a3bb-97b97237dd4e,Pixel House Web Design,https://pixel-house.com.au/,(07) 5630 4110,,492 Christine Ave Suite 11,Gold Coast,4226,QLD,AU,advertising_agency,"[services_and_business, professional_service, advertising_agency]",0.77,10,overture-maps,2026-08-19.0
2e60b973-b544-4581-b2a3-f6bf99b0c11d,Superuser Web Design,https://superuser.com.au/,0403 344 132,,175 Chilton St,Sunnybank,4109,QLD,AU,advertising_agency,"[services_and_business, professional_service, advertising_agency]",0.77,10,overture-maps,2026-08-19.0
5fece990-3799-4b44-98e6-c4fd4c9aab89,The Ironing Board - Web Design,https://theironingboard.com.au/,(07) 3122 2311,,9 Hall St,Paddington,4064,QLD,AU,advertising_agency,"[services_and_business, professional_service, advertising_agency]",0.77,10,overture-maps,2026-08-19.0
064a3a5e-f129-49cb-8d3b-4f7ef522fdaf,Web Design Sunshine Coast,https://12website.com.au/,(07) 5445 6225,,7 The Esplanade,Kuluin,4558,QLD,AU,advertising_agency,"[services_and_business, professional_service, advertising_agency]",0.77,10,overture-maps,2026-08-19.0
ed9d9a1e-a251-4e2d-83a2-fc86501c100b,D.P. Web Design,https://dpwebdesign.com.au/,0747734719,,"5 Trembath Crescent, Kirwan",Townsville,4817,QLD,AU,web_designer,"[services_and_business, design_service, web_designer]",0.9731798808947205,9,overture-maps,2026-08-19.0
280fc52a-6d57-43f9-970a-caca73217f97,Anchor Digital,https://anchordigital.com.au/,+61730360994,info@anchordigital.com.au,2 Warner St,Brisbane,4006,QLD,AU,marketing_agency,"[services_and_business, professional_service, marketing_agency]",0.9377863425016403,9,overture-maps,2026-08-19.0
de8e9494-b899-4421-b4a1-e080e261df82,URSEO,https://urseoservicescompany.com/,+61430874546,,100 Quay St,Brisbane,4000,QLD,AU,advertising_agency,"[services_and_business, professional_service, advertising_agency]",0.92139131128788,9,overture-maps,2026-08-19.0
5be68503-088b-48ca-9d25-f5244b31463f,WebsiteFix,https://websitefix.com.au/,+61731915431,info@websitefix.com.au,25 Cracknell Rd,Brisbane,4103,QLD,AU,advertising_agency,"[services_and_business, professional_service, advertising_agency]",0.8983697962760926,9,overture-maps,2026-08-19.0
00a52465-0f10-474a-87ac-e2ae4fb6e549,Searchical SEO Gold Coast,https://searchicalseo.com.au/,+611300899123,iman@searchical.com.au,13/40 Watson Esplanade,Gold Coast,4217,QLD,AU,marketing_agency,"[services_and_business, professional_service, marketing_agency]",0.8787379580736161,9,overture-maps,2026-08-19.0
dcb77b7e-9f6c-4269-a5df-240af98f402a,Discover Web Design Brisbane,https://discoverwebdesignbrisbane.com.au/,+61730622106,davidmcclemans@yahoo.com.au,273 Water St,Brisbane,4006,QLD,AU,web_designer,"[services_and_business, design_service, web_designer]",0.8759721055626869,9,overture-maps,2026-08-19.0
fdcdda13-e47d-43ab-8fb0-62c304480224,Tiny Digital,https://tinydigit.al/,+61731230214,info@tinydigit.al,258 Tingal Rd,Brisbane,4178,QLD,AU,marketing_agency,"[services_and_business, professional_service, marketing_agency]",0.8701063585281372,9,overture-maps,2026-08-19.0
91fa1814-0acf-43d9-ba85-8762152603b0,BNE Digital,https://bnedigital.com/,+611300770839,support@bnedigital.com,Level 4/155 Queen St,Brisbane,4000,QLD,AU,marketing_agency,"[services_and_business, professional_service, marketing_agency]",0.8585206604003907,9,overture-maps,2026-08-19.0
b0799a0e-1c59-4c02-88c7-392c586df79a,Dameon Jamie Web Design,https://dameonjamie.com/,+61740321264,contact@dameonjamie.com,8 Cadaga Clos,Cairns,4870,QLD,AU,web_designer,"[services_and_business, design_service, web_designer]",0.8432216691970825,9,overture-maps,2026-08-19.0
12714a80-0c35-460c-820b-fcc4937776ac,MIwebdesigns,https://webdesignipswich.com.au/,+611300064932,sales@miwebdesigns.com,Hawthorne St,Brisbane,4305,QLD,AU,web_designer,"[services_and_business, design_service, web_designer]",0.8400259414315223,9,overture-maps,2026-08-19.0
94a6aea9-8b5d-4f64-9b21-a4495e1af589,New Web Design,https://newwebdesign.com.au/,+61402323233,mark@newwebdesign.com.au,37 Gloucester Rd,Sunshine Coast,4556,QLD,AU,web_designer,"[services_and_business, design_service, web_designer]",0.8321397107839584,9,overture-maps,2026-08-19.0
ba7ffa3e-5aab-4cea-9771-8aa5d6200230,Ape-X SEO and PPC Services,https://ape-x.com.au/,+611800273973,enquiries@ape-x.com.au,324 Queen St,Brisbane,4000,QLD,AU,marketing_agency,"[services_and_business, professional_service, marketing_agency]",0.8222319889068603,9,overture-maps,2026-08-19.0
3af060d4-24e8-4493-a1da-61df5a757487,Learn Wordpress Web Design,https://learnwebdesign.com.au/,+61731946239,,22 Qualtrough St,Brisbane,4102,QLD,AU,web_designer,"[services_and_business, design_service, web_designer]",0.8125400546193123,9,overture-maps,2026-08-19.0
e63dc725-8d40-4baf-a782-251ede93c854,Adzus Digital,https://adzus.com.au/,+61731290645,info@adzus.com.au,12 Furley St,Brisbane,4034,QLD,AU,marketing_agency,"[services_and_business, professional_service, marketing_agency]",0.7949653580784798,9,overture-maps,2026-08-19.0
342b595b-2191-4df2-9906-c21105bbbed0,Rolls Royce Digital,https://jetsetdigital.com.au/,+611300351593,info@jetsetdigital.com.au,107/137 Laver Dr,Gold Coast,4226,QLD,AU,marketing_agency,"[services_and_business, professional_service, marketing_agency]",0.7941927749663591,9,overture-maps,2026-08-19.0
7984885e-3f94-4c42-86fb-53578c506412,FairyDigital,https://fairydigital.com.au/,+61731323001,info@fairydigital.com.au,156 Boundary St,Brisbane,4101,QLD,AU,marketing_agency,"[services_and_business, professional_service, marketing_agency]",0.7858335814625025,9,overture-maps,2026-08-19.0
b1d645ce-c5c6-4cec-a78e-1a319f0c1d1f,Adaptive SEO Solutions Cairns,https://adaptiveseosolutions.com/,0481 790 862,,112 McCoombe St,Cairns City,4870,QLD,AU,advertising_agency,"[services_and_business, professional_service, advertising_agency]",0.77,9,overture-maps,2026-08-19.0
3693d39d-604b-4b21-a1f1-75a88d12e61d,Australian SEO Company Brisbane,https://australianseocompany.com.au/,(07) 2102 1281,,123 Albert St #44,Brisbane,4000,QLD,AU,advertising_agency,"[services_and_business, professional_service, advertising_agency]",0.77,9,overture-maps,2026-08-19.0
a60e964d-8226-40f1-99d5-d58e99215c6d,Australian Web Digital,https://australianweb.net/,(02) 8091 2733,,65 Jean St,Woodridge,4114,QLD,AU,web_designer,"[services_and_business, design_service, web_designer]",0.77,9,overture-maps,2026-08-19.0
2385241d-0a17-4b45-b6de-b65716858416,Bluex2 Web Designs,https://bluex2.com/,(07) 3102 3460,,17 Tedder Ave,Main Beach,4217,QLD,AU,web_designer,"[services_and_business, design_service, web_designer]",0.77,9,overture-maps,2026-08-19.0
54495af9-dbe2-46fa-8536-0aa6fee12342,Business Website Services Noosa,https://bizweb.com.au/,0404 799 294,,27 Cloudsley St,Noosaville,4566,QLD,AU,advertising_agency,"[services_and_business, professional_service, advertising_agency]",0.77,9,overture-maps,2026-08-19.0
f9b5fe08-bd64-43c1-b3f7-faa4bc3fe7d0,BusyWeb Web Design,https://busywebdesign.com.au/,0412 342 226,yellow@busyweb.com.au,40 Cotlew St #9,Southport,4215,QLD,AU,web_designer,"[services_and_business, design_service, web_designer]",0.77,9,overture-maps,2026-08-19.0
5c184e05-677b-4c0a-8cc0-0a883ebcfc2d,Colour Fast Graphic & Web Design,https://colourfastgraphics.com.au/,0401 590 904,,3 Emporio Pl,Kuluin,4558,QLD,AU,web_designer,"[services_and_business, design_service, web_designer]",0.77,9,overture-maps,2026-08-19.0
b037e5a6-7ccc-4d32-b7d2-639d42d1b71b,Eagle Web Design,https://eaglewebdesign.com.au/,(07) 5472 7252,,78 Mount Combe Rd,Yandina,4561,QLD,AU,web_designer,"[services_and_business, design_service, web_designer]",0.77,9,overture-maps,2026-08-19.0
b3103625-32f2-4239-8f95-b16a7990ace0,Elliott J Web Design,https://elliottj.com/,0432 719 936,,2 Keppell St,Birkdale,4159,QLD,AU,web_designer,"[services_and_business, design_service, web_designer]",0.77,9,overture-maps,2026-08-19.0
df3e415d-ca57-49d1-94b0-4da8cc87c907,Ezi Tiger Web Hosting & Design,https://ezitiger.com.au/,0424 154 688,,88 Cotlew St #6,Southport,4215,QLD,AU,web_designer,"[services_and_business, design_service, web_designer]",0.77,9,overture-maps,2026-08-19.0
cf473d65-1b2e-47ef-a91e-6bba44f0456a,Fuze Web Design,https://fuzeweb.com.au/,0410 841 266,,78 Brookes St,Bowen Hills,4006,QLD,AU,web_designer,"[services_and_business, design_service, web_designer]",0.77,9,overture-maps,2026-08-19.0
a86a0045-c2c0-4dff-ad7a-acd76d86dcc4,Ideal Technology Group,https://idealtechnology.com.au/,1300 799 516,,56 Scarborough St #1111,Southport,4215,QLD,AU,web_designer,"[services_and_business, design_service, web_designer]",0.77,9,overture-maps,2026-08-19.0
4ba484a2-d44a-49c5-8ea9-1068df95e758,iformat SEO,https://iformat.com.au/,(07) 3732 6522,,5 Delancey St,Cleveland,4163,QLD,AU,advertising_agency,"[services_and_business, professional_service, advertising_agency]",0.77,9,overture-maps,2026-08-19.0
23e6e299-1be8-4208-b54a-674e6f1a752f,Interwarp Web Design,https://interwarp.com.au/,1300 790 961,,420 Queen St,Brisbane,4000,QLD,AU,web_designer,"[services_and_business, design_service, web_designer]",0.77,9,overture-maps,2026-08-19.0
d8ddf88a-343a-4319-a3a0-44a6ac0a90aa,Jamzar Web Design,https://jamzarwebdesign.com.au/,(07) 3863 1305,,8 Alexander St,Zillmere,4034,QLD,AU,web_designer,"[services_and_business, design_service, web_designer]",0.77,9,overture-maps,2026-08-19.0
3234c3ea-1971-415c-960c-f532fdf5dad8,Kintek Web Design Brisbane,https://kintek.com.au/,(07) 3878 1151,,17 Station Rd #1,Indooroopilly,4068,QLD,AU,web_designer,"[services_and_business, design_service, web_designer]",0.77,9,overture-maps,2026-08-19.0
7647b9c1-7830-44d1-a17a-ab3574f21fcc,Lead Drive SEO,https://leaddriveseo.com.au/,1300 832 847,,2 Flinders Pde Suite 3G,North Lakes,4509,QLD,AU,advertising_agency,"[services_and_business, professional_service, advertising_agency]",0.77,9,overture-maps,2026-08-19.0
59398bb5-c8f6-4237-b443-f1ec87a7398e,Lighthouse Digital Design,https://lighthousedigitaldesign.com/,0403 577 753,,Service Area,Moggill,4070,QLD,AU,web_designer,"[services_and_business, design_service, web_designer]",0.77,9,overture-maps,2026-08-19.0
64cb6788-b593-4c25-bc01-5ea4bcc03819,Mick Linnell.com Web Site Design and Development,https://micklinnell.com/,(07) 4032 5662,,29-33 Springfield Cres #101,Manoora,4870,QLD,AU,web_designer,"[services_and_business, design_service, web_designer]",0.77,9,overture-maps,2026-08-19.0
715eea3b-50a8-416f-8dd8-e85d7da6cb33,NE3 Creative and Marketing,https://ne3.com.au/,0402 917 617,,19 Orana Ave,Southport,4215,QLD,AU,web_designer,"[services_and_business, design_service, web_designer]",0.77,9,overture-maps,2026-08-19.0
d5e33fb8-4507-4ac1-8955-632c4064cc5d,Onsite Online Marketing,https://onsiteonline.com.au/,0423 637 242,enquiries@onsiteonline.com.au,13 William Banks Dr,Burleigh Heads,4220,QLD,AU,web_designer,"[services_and_business, design_service, web_designer]",0.77,9,overture-maps,2026-08-19.0
5eb1c2bb-b8eb-4ef6-93ad-556078d89faf,Open Web Design,https://openwebdesign.com.au/,(07) 4051 5952,,9 Law St,Cairns,4870,QLD,AU,web_designer,"[services_and_business, design_service, web_designer]",0.77,9,overture-maps,2026-08-19.0
79fc6be9-a5d3-411f-955c-12f222f44732,Orange Technology,https://otechnology.com.au/,(07) 3102 4428,,14 Warana Ave,Mount Lofty,4350,QLD,AU,web_designer,"[services_and_business, design_service, web_designer]",0.77,9,overture-maps,2026-08-19.0
99cab50d-2b64-40e3-8492-8caa0b24c02c,Pixel Co Creative & Marketing,https://pixelcocreative.com.au/,0423 634 010,,43 Bribie Pine Ct,Buderim,4556,QLD,AU,web_designer,"[services_and_business, design_service, web_designer]",0.77,9,overture-maps,2026-08-19.0
3ee1c903-4432-4a91-be63-e4609b728f17,Rutten Technology Services,https://ruttentech.com/,(07) 4041 5004,,1 Brisbane St,Parramatta Park,4870,QLD,AU,web_designer,"[services_and_business, design_service, web_designer]",0.77,9,overture-maps,2026-08-19.0
fc628a1c-da79-49c4-a7cf-a5703b8439d1,SEO Expert Brisbane,https://seoexpertbrisbane.com.au/,(07) 3053 8418,,166 Creek St,Brisbane,4000,QLD,AU,advertising_agency,"[services_and_business, professional_service, advertising_agency]",0.77,9,overture-maps,2026-08-19.0
0aa15f3b-31c1-4ebc-8895-7624ecda3ff6,SEO Gold Coast,https://seo-goldcoast.com.au/,1300 885 487,,27 Dandenong Tce #1,Robina,4226,QLD,AU,advertising_agency,"[services_and_business, professional_service, advertising_agency]",0.77,9,overture-maps,2026-08-19.0
e06de352-a7b8-4a2c-ae54-9ba9bbcc6ac5,SEO Works,https://seoworks.com.au/,(07) 3733 1422,getintouch@seoworks.com,69 Ann St #22,Brisbane,4000,QLD,AU,advertising_agency,"[services_and_business, professional_service, advertising_agency]",0.77,9,overture-maps,2026-08-19.0
5418aaa2-1e1a-4051-abab-04928740394e,Seobrisbanehq,https://seobrisbanehq.com.au/,(02) 8003 5516,contact@seobrisbanehq.com.au,111 Eagle St Level 54,Brisbane,4000,QLD,AU,advertising_agency,"[services_and_business, professional_service, advertising_agency]",0.77,9,overture-maps,2026-08-19.0
c8a06817-fd7d-4e8e-b8cc-7cbcf4ee0252,Sherpa Web Design,https://webdesigners.net.au/,(07) 5535 8414,,6 Coolibah Dr,Palm Beach,4221,QLD,AU,web_designer,"[services_and_business, design_service, web_designer]",0.77,9,overture-maps,2026-08-19.0
5d72c4f6-f969-4971-a942-e5ffd6ff3bb4,Sivart Internet Marketing,https://sivartinternetmarketing.com/,0467 735 101,,4 Chifley Ct,Middle Ridge,4350,QLD,AU,web_designer,"[services_and_business, design_service, web_designer]",0.77,9,overture-maps,2026-08-19.0
a624fe9e-95dd-4671-bbcd-7098d776c13c,Toowoomba Web Design,https://toowoombawebdesign.com/,(07) 4635 3386,,17a Buckland St,Toowoomba,4350,QLD,AU,web_designer,"[services_and_business, design_service, web_designer]",0.77,9,overture-maps,2026-08-19.0
ebd98508-2852-42c3-b99e-52c1c889abb5,Udesign Print & Web Solutions,https://udesign.com.au/,(07) 5596 1238,,120 Varsity Pde,Varsity Lakes,4227,QLD,AU,web_designer,"[services_and_business, design_service, web_designer]",0.77,9,overture-maps,2026-08-19.0
1d5d206f-31b6-42ae-8f27-a26daa1b3c5d,Web Design Magic,https://webdesignmagic.com.au/,1300 308 210,,5 Taree St #5,Burleigh Heads,4220,QLD,AU,web_designer,"[services_and_business, design_service, web_designer]",0.77,9,overture-maps,2026-08-19.0
0ecc1ca4-eef7-43cc-a1aa-69ae6678047b,Web Design Squad,https://webdesignsquad.com.au/,(07) 5515 7904,hello@webdesignsquad.com.au,"76 Township Dr Suite 1, Unit 11",Burleigh Heads,4220,QLD,AU,web_designer,"[services_and_business, design_service, web_designer]",0.77,9,overture-maps,2026-08-19.0
e4fcc169-7831-43d3-bb2c-c9e37697efac,Web Design Sunshine Coast,https://incipientinfo.com/,(02) 8006 7674,,43 Gilbert St,Buderim,4556,QLD,AU,web_designer,"[services_and_business, design_service, web_designer]",0.77,9,overture-maps,2026-08-19.0
62641f8d-64d4-4571-b69d-18f1df2af7aa,Web Design Sydney - Innovoweb,https://innovoweb.com.au/,(02) 9090 2542,,80 Palatine St,Calamvale,4116,QLD,AU,web_designer,"[services_and_business, design_service, web_designer]",0.77,9,overture-maps,2026-08-19.0
5b15bc06-8946-46f0-99d9-da5cca80c925,WebScape Designs,https://webscape.net.au/,0439 593 167,,100 Link Rd,Victoria Point,4165,QLD,AU,web_designer,"[services_and_business, design_service, web_designer]",0.77,9,overture-maps,2026-08-19.0
a57e83c4-71b8-45e7-b700-da3b3333e1cf,Your amazing website,https://youramazingwebsite.com/,0432 870 442,,"18 Cypress Ave, Surfers Paradise QLD 4217, Australia",Surfers Paradise,4207,QLD,AU,advertising_agency,"[services_and_business, professional_service, advertising_agency]",0.77,9,overture-maps,2026-08-19.0
44aa182c-8e83-4686-a80f-824e8ad9a704,SunCoast Media,https://suncoastmedia.com.au/,0430148779,,,Pavilion Drive,4573,QLD,AU,web_designer,"[services_and_business, design_service, web_designer]",0.9655,8,overture-maps,2026-08-19.0
bccc63dd-83a7-4ca1-b35a-818c69b09f7d,Niche Studio,https://nichestudio.com.au/,+61731230214,sales@nichestudio.com.au,258 Tingal Rd,Brisbane,4178,QLD,AU,web_designer,"[services_and_business, design_service, web_designer]",0.9622953873872757,8,overture-maps,2026-08-19.0
7f46f89b-dfda-43f4-bb3c-7e5ebaae6311,Untangle My Web,https://untanglemyweb.com/,+61731037991,contact@untanglemyweb.com,525 Lytton Rd,Brisbane,4170,QLD,AU,web_designer,"[services_and_business, design_service, web_designer]",0.9104909980297089,8,overture-maps,2026-08-19.0
4b951075-2535-413d-ac85-dfa317768777,Code Digital,https://codedigital.com.au/,+611300782220,admin@codedigital.com.au,15 Nariel St,Brisbane,4010,QLD,AU,web_designer,"[services_and_business, design_service, web_designer]",0.8964341032505035,8,overture-maps,2026-08-19.0
53f5a80d-c214-4be8-a68e-7e5baf77bc46,Indigo Web,https://indigowebdesign.com.au/,+61746387552,admin@indigoweb.com.au,158 Margaret St,Toowoomba,4350,QLD,AU,web_designer,"[services_and_business, design_service, web_designer]",0.8935576665401459,8,overture-maps,2026-08-19.0
4afc5098-40c2-4953-accd-bbe1a3ebce09,Zephyrmedia,https://zephyrmedia.com.au/,+611300045666,info@zephyrmedia.com.au,6 McCleary St,Gold Coast,4217,QLD,AU,web_designer,"[services_and_business, design_service, web_designer]",0.8914505690336227,8,overture-maps,2026-08-19.0
51b0c33f-b7f6-42d2-a3eb-7b0d15c4948c,Smart Multimedia,https://smartmultimedia.com.au/,+61731292314,,1/200 Creek St,Brisbane,4000,QLD,AU,web_designer,"[services_and_business, design_service, web_designer]",0.8869303876161575,8,overture-maps,2026-08-19.0
586f67d9-de58-41bd-8800-77e2f21b45b7,Studio None,https://studionone.com.au/,+61731299960,info@studionone.com.au,92a Arthur Ter,Brisbane,4059,QLD,AU,web_designer,"[services_and_business, design_service, web_designer]",0.8852149444818497,8,overture-maps,2026-08-19.0
ea9dcbe9-664c-420c-bce1-d14c5b843d54,Mozmo Creative,https://mozmo.com.au/,+61731620802,ben@mozmo.com.au,11/82 Buckland Rd,Brisbane,4012,QLD,AU,web_designer,"[services_and_business, design_service, web_designer]",0.8825409907102585,8,overture-maps,2026-08-19.0
2769f504-e5f6-41b9-b718-df9bd9877ab1,Boldacious Digital,https://boldacious.com.au/,+61410609267,seamus@boldacious.com.au,15 Hastie St,Mareeba,4880,QLD,AU,web_designer,"[services_and_business, design_service, web_designer]",0.8790331691503525,8,overture-maps,2026-08-19.0
96611c1f-7e55-4263-b2c8-6c6d14bdff82,Mahi Web,https://mahiweb.com.au/,+61742221660,info@mahiweb.com.au,2/78 Pease St,Cairns,4870,QLD,AU,web_designer,"[services_and_business, design_service, web_designer]",0.8749951630830765,8,overture-maps,2026-08-19.0
9552e2b8-42d5-4938-bcad-3746f4ac151a,SEO Wizkid,https://seowizkid.com/,+611300736557,,Suite 9/1 Kalimna Dr,Gold Coast,4218,QLD,AU,internet_marketing_service,"[services_and_business, professional_service, internet_marketing_service]",0.8689489224553109,8,overture-maps,2026-08-19.0
719db785-2c80-4f45-83a3-c3621e463ed2,RJ New Designs,https://rjnewdesigns.com/,+61740410776,richard@rjnewdesigns.com,14 Spence St,Cairns,4870,QLD,AU,web_designer,"[services_and_business, design_service, web_designer]",0.8644185072183609,8,overture-maps,2026-08-19.0
bdad4469-7f6e-4c7d-a22f-28889025c5ae,Digital Accord,https://digitalaccord.com.au/,+61735540017,info@digitalaccord.com.au,level 7 unit 30/445 Edward St,Brisbane,4000,QLD,AU,web_designer,"[services_and_business, design_service, web_designer]",0.8623883929848671,8,overture-maps,2026-08-19.0
0d1123d0-c8c6-40ac-9c1b-71a0e077aee9,Idealweb,https://idealweb.com.au/,+61490095710,info@idealweb.com.au,27 Horton St,Brisbane,4114,QLD,AU,web_designer,"[services_and_business, design_service, web_designer]",0.8619470021128655,8,overture-maps,2026-08-19.0
001300b0-fd65-46eb-a83d-899136d88385,Eightball Media,https://8bm.com.au/,0731229888,,719A Stanley Street,Brisbane,4102,QLD,AU,web_designer,"[services_and_business, design_service, web_designer]",0.85,8,overture-maps,2026-08-19.0
2b37ca8f-f82f-4418-b88b-966be506d32c,LK Design,https://lkdesign.net.au/,,,31 Coonoowrin Crescent,Sunshine Coast,4557,QLD,AU,web_designer,"[services_and_business, design_service, web_designer]",0.85,8,overture-maps,2026-08-19.0
4972f7e4-ecf9-4f2b-b1e2-322010ce8dd6,Lively Design,https://livelydesign.com/,+61730078555,sales@livelydesign.com,Level 9/445 Edward St,Brisbane,4000,QLD,AU,web_designer,"[services_and_business, design_service, web_designer]",0.847715165913105,8,overture-maps,2026-08-19.0
3a2e49d1-a2fe-40a3-8798-798f56577af4,33 Technologies,https://33technologies.com.au/,+611300330867,support@33technologies.com.au,Unit 4/33 Kingsbury St,Brisbane,4500,QLD,AU,web_designer,"[services_and_business, design_service, web_designer]",0.8418248865008354,8,overture-maps,2026-08-19.0
9725c98f-4d91-437a-8536-425b5bfcbe48,Oop Design,https://oopdesign.com.au/,+61410237956,oop@oopdesign.com.au,19 Juan St,Sunshine Coast,4572,QLD,AU,web_designer,"[services_and_business, design_service, web_designer]",0.8408275312185287,8,overture-maps,2026-08-19.0
75687f04-53c0-4c62-b4f3-6db78a0c0622,JR Web Solutions,https://jrwebsolutions.com.au/,+61448978084,janet@jrwebsolutions.com.au,Macdonnell Rd,Brisbane,4019,QLD,AU,web_designer,"[services_and_business, design_service, web_designer]",0.8366880437731743,8,overture-maps,2026-08-19.0
51fef430-f0ec-4618-b1d7-869a9e411067,LBM Designs,https://lbmdesigns.com.au/,+61412715030,nicole@lbmdesigns.com.au,30 Torquay Cres,Brisbane,4173,QLD,AU,web_designer,"[services_and_business, design_service, web_designer]",0.8282684275507928,8,overture-maps,2026-08-19.0
7ad49a9c-287a-43fb-8a59-85f8eb36bfe4,Oz-IT Web Services,https://oz-it.com.au/,+61408139528,info@oz-it.com.au,"Corner of Byrnes and, 303b Byrnes Street, Basalt St",Mareeba,4880,QLD,AU,web_designer,"[services_and_business, design_service, web_designer]",0.8218161311745644,8,overture-maps,2026-08-19.0
3c03d7a4-95f9-4048-816e-54c1e56d9669,TMD Online,https://tmdonline.com.au/,,info@tmdonline.com.au,2/5 Markeri St,Gold Coast,4218,QLD,AU,web_designer,"[services_and_business, design_service, web_designer]",0.8070368061959744,8,overture-maps,2026-08-19.0
258c899d-eff8-46ee-84a4-be0786454e9c,Nuvo Creative,https://nuvocreative.com.au/,+61414301717,info@nuvobiz.com,73 Pullen Rd,Brisbane,4053,QLD,AU,web_designer,"[services_and_business, design_service, web_designer]",0.8040116021037103,8,overture-maps,2026-08-19.0
695a3c91-2018-43ed-9d2d-fdf2db819156,yoco design factory,https://yocodesignfactory.com/,+61438790461,,69 Dudleigh St,Brisbane,4304,QLD,AU,web_designer,"[services_and_business, design_service, web_designer]",0.784712099134922,8,overture-maps,2026-08-19.0
432a82e1-2ebf-48ae-a71a-3770e15a0e16,121 Creative Geebung,https://121creative.com.au/,(07) 3633 0126,,483 Newman Rd #1,Geebung,4034,QLD,AU,web_designer,"[services_and_business, design_service, web_designer]",0.77,8,overture-maps,2026-08-19.0
90beceae-b651-4946-b7ad-1742066d2c49,4sureOnline,https://4sure.com.au/,0421 904 834,,14 Vine St,Greenslopes,4120,QLD,AU,web_designer,"[services_and_business, design_service, web_designer]",0.77,8,overture-maps,2026-08-19.0
d3c81c6b-b58b-4e2c-937d-c7db8117350e,61 Design,https://61design.com.au/,1300 728 050,,7 Hill St,North Ipswich,4305,QLD,AU,web_designer,"[services_and_business, design_service, web_designer]",0.77,8,overture-maps,2026-08-19.0
f5dafe30-d6b7-4f37-bf88-90ab478cf6a2,7 Advertising & Design,https://7ad.in/,0407 646 374,,255 Lake St,Cairns,4870,QLD,AU,web_designer,"[services_and_business, design_service, web_designer]",0.77,8,overture-maps,2026-08-19.0
df58e8eb-c11e-4432-abc8-593eb6997685,Alex Horton Design,https://alexhorton.com.au/,0431 919 674,,36 Lutwyche St,Brisbane,4000,QLD,AU,web_designer,"[services_and_business, design_service, web_designer]",0.77,8,overture-maps,2026-08-19.0
983bcb34-15ae-47e2-9689-fe64ae8afcd3,appSyndrome,https://appsyndrome.com/,(07) 3040 2779,contact@appsyndrome.com,37 Mortimer Rd #24,Acacia Ridge,4110,QLD,AU,web_designer,"[services_and_business, design_service, web_designer]",0.77,8,overture-maps,2026-08-19.0
8f3238b6-1fd4-4049-ab97-8d94e8f7842e,Arabella Creative,https://arabellacreative.com.au/,0405 748 848,,8 Cassatt Pl,Ellen Grove,4078,QLD,AU,web_designer,"[services_and_business, design_service, web_designer]",0.77,8,overture-maps,2026-08-19.0
fc878d43-f447-42ba-a5bb-ddfaecb5e68f,Bec Waterhouse Media,https://becwmedia.com.au/,0433 483 780,,118 Samsonvale Rd,Strathpine,4500,QLD,AU,web_designer,"[services_and_business, design_service, web_designer]",0.77,8,overture-maps,2026-08-19.0
a0463eea-f7df-4968-98fd-0d0f73a625a3,Bizy Bug Creative,https://bizybugcreative.com/,0414 716 766,info@bizybugcreative.com,5 Whistler Pl,Beerwah,4519,QLD,AU,web_designer,"[services_and_business, design_service, web_designer]",0.77,8,overture-maps,2026-08-19.0
689ea0e8-f3a7-4192-8d01-6583f35105c4,BlueLily Web Solutions,https://bluelily.com.au/,0411 951 625,,101 Monmouth St,Morningside,4170,QLD,AU,web_designer,"[services_and_business, design_service, web_designer]",0.77,8,overture-maps,2026-08-19.0
fa0b551b-703f-41b3-a578-0d66a92c6fe9,Bonsai Media,https://bonsaimedia.com.au/,(07) 3412 3817,,24 Lanyana Way,Noosa Heads,4567,QLD,AU,web_designer,"[services_and_business, design_service, web_designer]",0.77,8,overture-maps,2026-08-19.0
a83f0201-a1b4-4c08-a168-ed9a1d13db6b,Burger Digital,https://burgerdigital.com.au/,1300 660 160,,10 Market St,Brisbane,4000,QLD,AU,web_designer,"[services_and_business, design_service, web_designer]",0.77,8,overture-maps,2026-08-19.0
0817da10-0843-44ec-9be2-7d76b92883cd,Cairns Digital Services,https://cairnsdigitalservices.com/,(07) 4055 7669,,18 Cunningham St,Yorkeys Knob,4878,QLD,AU,web_designer,"[services_and_business, design_service, web_designer]",0.77,8,overture-maps,2026-08-19.0
a6b48a30-8d5d-4578-9816-d8f9784422ed,CKP Creative,https://ckpcreative.com.au/,0400 640 840,,"24, Gawalla St",The Gap,4061,QLD,AU,web_designer,"[services_and_business, design_service, web_designer]",0.77,8,overture-maps,2026-08-19.0
52c5cef5-abf3-4957-a19a-deb6604a06ff,Corporate Design Solutions,https://corporatedesignsolutions.com.au/,0422 190 683,,8 Starling St #213,Buderim,4556,QLD,AU,web_designer,"[services_and_business, design_service, web_designer]",0.77,8,overture-maps,2026-08-19.0
e1be1f2e-9f9f-45f1-b464-3ce6583b6efb,Creative Ground,https://creativeground.com.au/,0449 679 519,,30 Galeen Drive,Gold Coast,4220,QLD,AU,web_designer,"[services_and_business, design_service, web_designer]",0.77,8,overture-maps,2026-08-19.0
6150de2f-d1ed-4f65-9f84-d99cf2065749,Cue Media,https://cuemedia.com.au/,(07) 5532 5055,,17 Tedder Ave Suite 1,Main Beach,4217,QLD,AU,web_designer,"[services_and_business, design_service, web_designer]",0.77,8,overture-maps,2026-08-19.0
fa90d9b1-0b81-491b-a52d-7b0b2a1a4134,Daniel Sim Design,https://danielsim.com/,1300 566 500,,2291 Beaudesert Rd,Calamvale,4116,QLD,AU,web_designer,"[services_and_business, design_service, web_designer]",0.77,8,overture-maps,2026-08-19.0
1da37290-cf6a-4f75-bb92-419b18395a91,Dash Designs,https://dashdesigns.com.au/,0415 386 584,,1 Precision Dr #1,Gold Coast,4214,QLD,AU,web_designer,"[services_and_business, design_service, web_designer]",0.77,8,overture-maps,2026-08-19.0
dd081db0-df1c-4235-a6f1-2cd9d2153c55,DC Digital Services,https://dcdigitalservices.com/,1300 186 262,,58 Somerfield St,Mansfield,4122,QLD,AU,web_designer,"[services_and_business, design_service, web_designer]",0.77,8,overture-maps,2026-08-19.0
882133d3-a5b8-45db-be14-b102da9deeb5,Design Presence,https://designpresence.com.au/,(07) 3800 0499,sue@designpresence.com.au,12 Eyre Pl,Drewvale,4116,QLD,AU,web_designer,"[services_and_business, design_service, web_designer]",0.77,8,overture-maps,2026-08-19.0
43907d0c-cb02-4e9f-abdc-66a1306976ac,Digital Glare,https://digitalglare.com.au/,(07) 3122 2958,,49 Stevenson St Level 1,Ascot,4007,QLD,AU,web_designer,"[services_and_business, design_service, web_designer]",0.77,8,overture-maps,2026-08-19.0
133e3cfe-4dc0-4b03-a1a2-290753752122,Digital Remedy,https://digitalremedy.com.au/,1300 646 955,,175 Eagle St Level 18,Brisbane,4000,QLD,AU,web_designer,"[services_and_business, design_service, web_designer]",0.77,8,overture-maps,2026-08-19.0
f5cecc12-4192-437c-aeda-b7389e8e8f59,DJW Designs,https://djwdesigns.com.au/,(07) 5438 9700,info@djwdesigns.com.au,45-47 Minchinton St,Caloundra,4551,QLD,AU,web_designer,"[services_and_business, design_service, web_designer]",0.77,8,overture-maps,2026-08-19.0
7b3a48e3-18a6-4173-9828-26af8a4ed3a4,Dynamic Motion Multimedia,https://dynamicmotion.biz/,(07) 3844 4555,,170 Montague Rd Suite 6,West End,4101,QLD,AU,web_designer,"[services_and_business, design_service, web_designer]",0.77,8,overture-maps,2026-08-19.0
966356bc-b493-424b-9c02-4f5a97711cba,Ecommerce Brisbane,https://ecommercebrisbane.com/,(07) 3412 3837,,116A Enoggera Tce,Paddington,4064,QLD,AU,web_designer,"[services_and_business, design_service, web_designer]",0.77,8,overture-maps,2026-08-19.0
37e8fe7e-9f27-42bb-8017-f0f0932c71fc,Emviz Design,https://emvizdesign.com/,0466 525 990,,209 Brighton Rd Unit 1,Sandgate,4017,QLD,AU,web_designer,"[services_and_business, design_service, web_designer]",0.77,8,overture-maps,2026-08-19.0
6f3a5806-559b-493f-8b31-aa15d4beb3e2,Froggy Digital,https://froggydigital.com.au/,0437 194 175,froggydigital@gmail.com,2 Masters Ave Unit 2,Victoria Point,4165,QLD,AU,web_designer,"[services_and_business, design_service, web_designer]",0.77,8,overture-maps,2026-08-19.0
ddcc2529-4c9b-4837-8c6c-2757263fb0cb,Graphic Media,https://graphicmedia.com.au/,(07) 3245 1560,,29 Moreton Bay Rd #19,Capalaba,4157,QLD,AU,web_designer,"[services_and_business, design_service, web_designer]",0.77,8,overture-maps,2026-08-19.0
7cdbaf48-c8e4-4736-9870-b5143d0eed76,Graphics Online,https://graphicsonline.com.au/,(07) 5503 0477,sales1@graphicsonline.com.au,105 Scarborough St #17,Southport,4215,QLD,AU,web_designer,"[services_and_business, design_service, web_designer]",0.77,8,overture-maps,2026-08-19.0
824d6738-46ab-4997-9fb5-85f146f48daf,Graphite Banana Graphic Design,https://graphitebanana.com.au/,0427 650 676,,168 Musa Vale Rd,Cooroy,4563,QLD,AU,web_designer,"[services_and_business, design_service, web_designer]",0.77,8,overture-maps,2026-08-19.0
b3e6fdd2-b6c0-46f2-9048-383a12bcc1dc,Graystone Studio,https://graystonestudio.com.au/,(07) 3255 2655,,14 Merivale St Unit 3,South Brisbane,4101,QLD,AU,web_designer,"[services_and_business, design_service, web_designer]",0.77,8,overture-maps,2026-08-19.0
359efe24-acd4-4ec0-8c31-fae3f3435612,Hairbrain Creative,https://hairbraincreative.com/,0419 170 043,,143 Wickham St,Fortitude Valley,4006,QLD,AU,web_designer,"[services_and_business, design_service, web_designer]",0.77,8,overture-maps,2026-08-19.0
21ebb07d-1078-4e5b-9f94-75e22cc9f0a9,HappyWeb,https://happyweb.com.au/,1300 932 691,,28 Eenie Creek Rd,Noosaville,4566,QLD,AU,web_designer,"[services_and_business, design_service, web_designer]",0.77,8,overture-maps,2026-08-19.0
ddf201fe-d3ae-488f-9959-98fa4a4d410a,HM Studios,https://hmstudios.com.au/,0407 886 907,,34 Fairway Cl,Mount Coolum,4573,QLD,AU,web_designer,"[services_and_business, design_service, web_designer]",0.77,8,overture-maps,2026-08-19.0
331c6ceb-bb29-4e2f-a557-4c3ebea47cf3,Hyperactive Designs,https://hyperactivedesigns.com.au/,1300 721 213,,8 Rowes Ct,Bundall,4217,QLD,AU,web_designer,"[services_and_business, design_service, web_designer]",0.77,8,overture-maps,2026-08-19.0
afc1650c-2da3-463e-8cf6-137b74face5e,Insight Social Media,https://insightsocialmedia.com.au/,(07) 5430 6665,hello@insightsocialmedia.com.au,28 Eenie Creek Rd,Noosaville,4566,QLD,AU,web_designer,"[services_and_business, design_service, web_designer]",0.77,8,overture-maps,2026-08-19.0
13ab9db6-e9e0-45bf-866e-26b1ad1d127e,Inventive Media,https://inventivemedia.com.au/,0405 258 132,info@inventivemedia.com.au,24 Lencol St #2,Mount Gravatt,4122,QLD,AU,web_designer,"[services_and_business, design_service, web_designer]",0.77,8,overture-maps,2026-08-19.0
9663efe5-1e4b-4a7c-98fa-8d44724f8460,Ishash Webservices,https://ishash.com/,0410 175 144,,7 Sherborne St,Carindale,4152,QLD,AU,web_designer,"[services_and_business, design_service, web_designer]",0.77,8,overture-maps,2026-08-19.0
ebc6c831-8b7b-4d12-9f94-6e6501a89ac8,Jetpack Digital,https://jetpack.com.au/,(07) 5408 5100,support@jetpack.com.au,120 Brisbane Rd #6,Mooloolaba,4557,QLD,AU,web_designer,"[services_and_business, design_service, web_designer]",0.77,8,overture-maps,2026-08-19.0
9cb860c6-da73-4206-91f6-89a685909c37,Joel Harris Design,https://joelharrisdesign.com/,0488 039 835,,24 Lanyana Way #2,Noosa Heads,4567,QLD,AU,web_designer,"[services_and_business, design_service, web_designer]",0.77,8,overture-maps,2026-08-19.0
e97acb14-2584-419e-bd7e-ce78ee2e4f53,Lillyrock Creative,https://lillyrock.com.au/,0427 175 117,,318 Junction Rd,Clayfield,4011,QLD,AU,web_designer,"[services_and_business, design_service, web_designer]",0.77,8,overture-maps,2026-08-19.0
2039e386-349b-4c15-8c3a-5a60caa0e8a7,Marinaided Marketing Solutions,https://marinaided.com/,1300 137 467,,421 Brunswick St Suite 222,Newstead,4006,QLD,AU,web_designer,"[services_and_business, design_service, web_designer]",0.77,8,overture-maps,2026-08-19.0
694a6807-c6d6-4e2c-9bea-a4dcb95d420d,Mayhem Design,https://mayhemdesign.com.au/,(07) 4914 2613,,60 Maple Dr,Mackay,4740,QLD,AU,web_designer,"[services_and_business, design_service, web_designer]",0.77,8,overture-maps,2026-08-19.0
b52eb1a3-30c4-4c66-8497-7e295470b4cf,MIMC Creative,https://mimccreative.com/,0423 384 106,,655 David Low Way,Pacific Paradise,4564,QLD,AU,web_designer,"[services_and_business, design_service, web_designer]",0.77,8,overture-maps,2026-08-19.0
ca03a24a-8091-4194-a9db-de28e1ee7f1c,Motor Media,https://motormedia.com.au/,(07) 3245 5049,,29 Moreton Bay Rd #19,Capalaba,4157,QLD,AU,web_designer,"[services_and_business, design_service, web_designer]",0.77,8,overture-maps,2026-08-19.0
fcf3282c-ab68-417c-98eb-f6ba3e727526,NovaKat Designs,https://novakatdesigns.com.au/,(07) 3288 0422,,47 Scotts Rd,Ripley,4306,QLD,AU,web_designer,"[services_and_business, design_service, web_designer]",0.77,8,overture-maps,2026-08-19.0
32877b97-fc3d-4a2f-9b6b-c60f2389222d,O2L Media,https://o2l.com.au/,0452 133 949,,23 Waratah Ave,Carina,4152,QLD,AU,web_designer,"[services_and_business, design_service, web_designer]",0.77,8,overture-maps,2026-08-19.0
30232ed0-660a-4d1f-a684-aade548b7c48,On Q Web,https://onqweb.com.au/,(07) 3295 2079,info@onqweb.com.au,324 Wickham St Floor 1,Fortitude Valley,4006,QLD,AU,web_designer,"[services_and_business, design_service, web_designer]",0.77,8,overture-maps,2026-08-19.0
3fe9cd11-2cbe-440a-8a35-bb792d05d2d5,OnlineMarketizing Co,https://onlinemarketizing.com/,0416 571 849,,110 Mons School Rd,Buderim,4556,QLD,AU,web_designer,"[services_and_business, design_service, web_designer]",0.77,8,overture-maps,2026-08-19.0
df5ee0a3-332b-464f-94da-8bf59b4cf710,Orange Fish Design - Graphic Design Services,https://orangefishdesign.com/,0438 397 495,,49 Boland St,Freshwater,4870,QLD,AU,web_designer,"[services_and_business, design_service, web_designer]",0.77,8,overture-maps,2026-08-19.0
dcd523ba-95db-4256-bde8-38e16212e678,Palm Cove Online,https://palmcove.net.au/,(07) 3040 0102,,63 Terebra St,Palm Cove,4879,QLD,AU,web_designer,"[services_and_business, design_service, web_designer]",0.77,8,overture-maps,2026-08-19.0
f49e3a0b-36db-4aea-9bd5-0d46841ab09c,Parangat Technologies,https://parangat.com/,(08) 7200 1476,,74 Ashmore Rd,Bundall,4217,QLD,AU,web_designer,"[services_and_business, design_service, web_designer]",0.77,8,overture-maps,2026-08-19.0
7f9d5a5b-4999-4daa-98a0-59c1915a63a0,Phillips Design,https://phillipsdesign.com.au/,0437 218 101,,22 Honey St,Toowoomba,4350,QLD,AU,web_designer,"[services_and_business, design_service, web_designer]",0.77,8,overture-maps,2026-08-19.0
bcc2625c-e767-4fa2-a0e5-c3be547d8067,Pilcrow Multimedia,https://pilcrowmultimedia.com.au/,0405 847 449,,8 Ponticello St,Cairns,4870,QLD,AU,web_designer,"[services_and_business, design_service, web_designer]",0.77,8,overture-maps,2026-08-19.0
6831950a-1a49-4d23-a094-a9a6a6062520,Pixelo Design,https://pixelodesign.com.au/,0490 707 083,aengus@pixelodesign.com,23 Oakwal Tce,Windsor,4030,QLD,AU,web_designer,"[services_and_business, design_service, web_designer]",0.77,8,overture-maps,2026-08-19.0
a070f103-ebaf-4e9a-a71e-8e0efc5dc4b3,Portfolio Design,https://portfolio.com.au/,(07) 3252 3533,,270 Water St,Spring Hill,4000,QLD,AU,web_designer,"[services_and_business, design_service, web_designer]",0.77,8,overture-maps,2026-08-19.0
b9bcc349-1662-4eb5-a8f4-890bf7257a91,Power in Design,https://powerindesign.com/,0447 869 777,,16 Washington Dr,Wondunna,4655,QLD,AU,web_designer,"[services_and_business, design_service, web_designer]",0.77,8,overture-maps,2026-08-19.0
195bd2d4-3a86-4a8a-9a9f-bfe40abcdd3d,Pulse Media,https://pulsemedia.com.au/,0403 895 740,,David Low Way,Pacific Paradise,4564,QLD,AU,web_designer,"[services_and_business, design_service, web_designer]",0.77,8,overture-maps,2026-08-19.0
657dd263-8be8-4651-a5b8-431ea1646dda,Puremedia,https://puremedia.com.au/,1300 138 427,,333 Ann St Level 18,Brisbane,4000,QLD,AU,web_designer,"[services_and_business, design_service, web_designer]",0.77,8,overture-maps,2026-08-19.0
39afe4d5-eed9-452c-95bb-63bc1d7eef67,Ramify Creative,https://ramifycreative.com.au/,0430 901 969,,25 Clarke St,Southport,4215,QLD,AU,web_designer,"[services_and_business, design_service, web_designer]",0.77,8,overture-maps,2026-08-19.0
695819e1-0c0a-4375-b347-7d462ffb08ef,Red Cup Media Group,https://redcupmedia.com.au/,(07) 4184 9135,,64 Sugar Rd #4,Maroochydore,4558,QLD,AU,web_designer,"[services_and_business, design_service, web_designer]",0.77,8,overture-maps,2026-08-19.0
d1c258fd-b78f-4871-8ecb-fe8791a27a28,Rendr Web Solutions,https://rendrweb.solutions/,0402 773 546,,9 Lauren Dr,Emerald,4720,QLD,AU,web_designer,"[services_and_business, design_service, web_designer]",0.77,8,overture-maps,2026-08-19.0
f7648a59-449a-451e-9b83-24519986e25b,Riggs Designs,https://riggsdesigns.com.au/,0438 323 731,,Eden St,Townsville,4810,QLD,AU,web_designer,"[services_and_business, design_service, web_designer]",0.77,8,overture-maps,2026-08-19.0
ae5e5fcc-cdeb-4271-a4ba-63d18a22e6c2,Sevah Creative,https://sevahcreative.com/,0400 963 002,,33 Garrick St #2,Coolangatta,4225,QLD,AU,web_designer,"[services_and_business, design_service, web_designer]",0.77,8,overture-maps,2026-08-19.0
4ded49aa-3dac-4293-b3a8-5a8d6bf81e29,SF Interactive,https://sfi.net.au/,(07) 5413 9292,,2 Innovation Pky,Birtinya,4575,QLD,AU,web_designer,"[services_and_business, design_service, web_designer]",0.77,8,overture-maps,2026-08-19.0
b8dc27ae-6954-448e-89cb-eff91e64b041,Shared Marketing,https://sharedmarketing.com.au/,(07) 5577 1420,,"247 Bayview St Suite 22, Level 1",Runaway Bay,4216,QLD,AU,web_designer,"[services_and_business, design_service, web_designer]",0.77,8,overture-maps,2026-08-19.0
cff4511a-d2b5-40a0-85c3-248386523ad4,Shazam Designs,https://shazamdesigns.com.au/,(07) 3820 2886,,8 Borrowdale St,Alexandra Hills,4161,QLD,AU,web_designer,"[services_and_business, design_service, web_designer]",0.77,8,overture-maps,2026-08-19.0
8937098c-a6e6-4e51-97a0-ad494b614c8a,Spirelight - Brand Media Management,https://spirelight.com.au/,(07) 5593 2800,info@spirelight.com.au,492 Christine Ave #1,Robina,4226,QLD,AU,web_designer,"[services_and_business, design_service, web_designer]",0.77,8,overture-maps,2026-08-19.0
47ffc42b-c561-4ed7-8954-da92c82e1403,Start Creative,https://startcreative.com.au/,1300 760 400,george@startcreative.com.au,66 Slobodian Ave #409,Eight Mile Plains,4113,QLD,AU,web_designer,"[services_and_business, design_service, web_designer]",0.77,8,overture-maps,2026-08-19.0
931629fa-7df1-4689-a231-fd96c00ea50b,Stoked on Design,https://goldcoast.yalwa.com.au/,(07) 5535 8423,,17 Connor St #5,Burleigh Heads,4220,QLD,AU,web_designer,"[services_and_business, design_service, web_designer]",0.77,8,overture-maps,2026-08-19.0
f74e9f64-b474-4743-a110-e78ece148af7,Studioquigs,https://studioquigs.com.au/,(07) 4939 6587,,24 Evelyn St,Emu Park,4710,QLD,AU,web_designer,"[services_and_business, design_service, web_designer]",0.77,8,overture-maps,2026-08-19.0
9e15f069-655b-425e-b67a-4ffabce915ad,TBA Media,https://tbamedia.com.au/,1300 087 764,,52 Beale St,Southport,4215,QLD,AU,web_designer,"[services_and_business, design_service, web_designer]",0.77,8,overture-maps,2026-08-19.0
a8a98fd4-54fc-4b2a-bae4-cc6d00cce73e,TBD Studio,https://tbdstudio.com.au/,(07) 5535 2946,creative@tbdstudio.com.au,22 Township Dr #2,Burleigh Heads,4220,QLD,AU,web_designer,"[services_and_business, design_service, web_designer]",0.77,8,overture-maps,2026-08-19.0
88b724b6-751b-4619-a56a-89494ee4b279,Tech Blogging,https://techblogging.com.au/,(07) 3834 6555,,259 Wickham Tce,Brisbane,4000,QLD,AU,web_designer,"[services_and_business, design_service, web_designer]",0.77,8,overture-maps,2026-08-19.0
f00e0e71-c329-45ca-b103-be566a1cae63,Tell Media,https://tellmedia.com.au/,0413 680 747,,50 Marine Pde,Southport,4215,QLD,AU,web_designer,"[services_and_business, design_service, web_designer]",0.77,8,overture-maps,2026-08-19.0
51194513-970e-4ecf-9432-d4a2a85397b8,The Little Web Company,https://thelittlewebcompany.com.au/,0418 552 678,,228 Ney Rd,Capalaba,4157,QLD,AU,web_designer,"[services_and_business, design_service, web_designer]",0.77,8,overture-maps,2026-08-19.0
16c9692e-90e7-4d0e-939a-ee8dfb309ef8,Titan Digital,https://titandigital.com.au/,(07) 3012 6000,,345 Queen St #21,Brisbane,4000,QLD,AU,web_designer,"[services_and_business, design_service, web_designer]",0.77,8,overture-maps,2026-08-19.0
4bb218f7-4fa8-4d0c-968c-70d33375aac6,Touchpoint Marketing & Public Relations,https://touchpointmarketing.com.au/,1300 556 422,,38 Skyring Tce #108,Teneriffe,4006,QLD,AU,web_designer,"[services_and_business, design_service, web_designer]",0.77,8,overture-maps,2026-08-19.0
67923bfe-c274-4da7-b1d9-6a3876f404f0,Turnkey Media,https://turnkeymedia.com.au/,(07) 5657 0919,,3 Sibley St #3,North Lakes,4509,QLD,AU,web_designer,"[services_and_business, design_service, web_designer]",0.77,8,overture-maps,2026-08-19.0
313923b8-6f78-4dd1-be59-eb8405203dd0,Twist Illustration and Design,https://twist.com.au/,(07) 3371 9157,,78 Hume St,Auchenflower,4066,QLD,AU,web_designer,"[services_and_business, design_service, web_designer]",0.77,8,overture-maps,2026-08-19.0
a64ee423-bb35-42e9-adda-39567601d507,Van Dycke Design,https://vandyckedesign.com.au/,0407 160 838,serge@vandyckedesign.com.au,7 Caribbean St,Cairns,4870,QLD,AU,web_designer,"[services_and_business, design_service, web_designer]",0.77,8,overture-maps,2026-08-19.0
cb13fefb-b754-42b1-b152-3309f936b065,Web Destination,https://webdestination.com.au/,(07) 5635 4277,,50 Cavill Ave Level 13,Surfers Paradise,4217,QLD,AU,web_designer,"[services_and_business, design_service, web_designer]",0.77,8,overture-maps,2026-08-19.0
676a76f4-682d-479b-94a4-68de4e135b7f,Web One Two,https://web12.com.au/,1300 933 399,support@web12.com.au,Brisbane Rd,Mooloolaba,4557,QLD,AU,web_designer,"[services_and_business, design_service, web_designer]",0.77,8,overture-maps,2026-08-19.0
cd8eebcf-3bc5-44fa-8a76-fc443a2d2844,Website Design Studio,https://websitedesignstudio.com.au/,0481 303 919,,"15/36 Albert St Waterford, QLD",Brisbane,4133,QLD,AU,product_design,"[services_and_business, design_service, product_design]",0.77,8,overture-maps,2026-08-19.0
4675b756-2afc-423a-b274-594b78e81941,Webspinners,https://webspinners.com.au/,(07) 3352 7082,,11 Bishop St,Kelvin Grove,4059,QLD,AU,web_designer,"[services_and_business, design_service, web_designer]",0.77,8,overture-maps,2026-08-19.0
4e6db1f5-4c11-4baf-aef2-2505febae8e3,Wild Lime Media,https://wildlime.com.au/,(07) 4031 3560,,127 Abbott St,Cairns,4870,QLD,AU,web_designer,"[services_and_business, design_service, web_designer]",0.77,8,overture-maps,2026-08-19.0
a19b0372-5b86-4cf3-ac4c-77a4dbafc7bd,Working Planet Design,https://workingplanet.com.au/,(07) 5445 2699,,14 Cottman St,Buderim,4556,QLD,AU,web_designer,"[services_and_business, design_service, web_designer]",0.77,8,overture-maps,2026-08-19.0
0779a417-5494-4002-bf5d-7fa27e6ab679,Yellow Frog Design,https://yellowfrog.com.au/,(07) 3286 5548,,6 River Gum Cl,Thornlands,4164,QLD,AU,web_designer,"[services_and_business, design_service, web_designer]",0.77,8,overture-maps,2026-08-19.0
7fd7b7c8-ff7a-4c77-bff2-b3b9e93f3443,Koben Digital,https://koben.com.au/,+61755201120,,237 Scottsdale Dr,Gold Coast,4226,QLD,AU,web_designer,"[services_and_business, design_service, web_designer]",0.7307674884796143,8,overture-maps,2026-08-19.0
7a42a6f6-3287-44c6-a62a-3ad9d7ae96a8,AR Digital Solutions,https://ardigitalsolutions.com.au/,+61730678910,info@ardigitalsolutions.com.au,92 George St,Brisbane,4207,QLD,AU,web_designer,"[services_and_business, design_service, web_designer]",0.6620782017707825,8,overture-maps,2026-08-19.0
f5a8af30-d32c-486b-9b1a-1945d8652467,The ICT Shak,https://theictshak.com.au/,+61731033133,web@theictshak.com.au,18D/120 Birkdale Rd,Brisbane,4159,QLD,AU,web_designer,"[services_and_business, design_service, web_designer]",0.9224927800893784,7,overture-maps,2026-08-19.0
e42f1e37-bc1b-49c6-8efa-36049a6ff3f2,Innovate Media - Sunshine Coast Video Production Agency,https://innovatemedia.com.au/,1300366421,,7/4 Strong Street,Baringa,4551,QLD,AU,marketing_agency,"[services_and_business, professional_service, marketing_agency]",0.9211014851927757,7,overture-maps,2026-08-19.0
cb8ec3f0-1354-46ef-912f-96451b3bd3cc,Zoik,https://zoik.com.au/,+61738563303,info@zoik.com.au,158 Enoggera Rd,Brisbane,4051,QLD,AU,web_designer,"[services_and_business, design_service, web_designer]",0.9126970475912094,7,overture-maps,2026-08-19.0
674a1078-b28d-49b1-be3d-7cb99b2d6ff3,Prolist,https://prolist.com.au/,+61740356001,angelo@prolist.com.au,107 Draper St,Cairns,4870,QLD,AU,web_designer,"[services_and_business, design_service, web_designer]",0.907110561132431,7,overture-maps,2026-08-19.0
98c82905-3ea3-4f09-bda7-5935880f18fd,PIXELPIXEL,https://pixelpixel.agency/,+61753576011,hello@pixelpixel.com.au,First Floor/24 Lanyana Way,Sunshine Coast,4567,QLD,AU,web_designer,"[services_and_business, design_service, web_designer]",0.8985648488998413,7,overture-maps,2026-08-19.0
4cd7784e-b29a-4d85-a7c4-7e466a67ed05,The Monday Glory,https://themondayglory.com/,+61413501045,,"Shores, 1 Como Cres",Gold Coast,4215,QLD,AU,web_designer,"[services_and_business, design_service, web_designer]",0.8833814182877541,7,overture-maps,2026-08-19.0
2669676f-9ad4-4485-8688-d81ca9ae2458,Orange Mantra,https://orangemantra.com.au/,+61406670807,orangemantra.au@gmail.com,30 Stratton Terrace,Brisbane,4178,QLD,AU,web_designer,"[services_and_business, design_service, web_designer]",0.878443274796009,7,overture-maps,2026-08-19.0
6ef59405-9096-472a-b735-db6340d39502,ZipSites,https://zipsites.com.au/,+611300526386,hello@zipsites.com.au,3/2485 Gold Coast Hwy,Gold Coast,4218,QLD,AU,web_designer,"[services_and_business, design_service, web_designer]",0.8780066272616387,7,overture-maps,2026-08-19.0
e182e1d4-9e1c-4fd5-9e36-a26a5261d69e,Yazookie,https://yazookie.com.au/,+61488843932,,27 Sinclair St,Gold Coast,4214,QLD,AU,web_designer,"[services_and_business, design_service, web_designer]",0.8740078222751617,7,overture-maps,2026-08-19.0
33c98de4-fc06-4d08-aa3b-c841e00ed54e,Slinkylinks,https://slinkylinks.com.au/,+61405229892,jade@slinkylinks.com.au,7 Ocean View Ave,Airlie Beach,4802,QLD,AU,web_designer,"[services_and_business, design_service, web_designer]",0.8730307632684707,7,overture-maps,2026-08-19.0
25fd0629-b060-47ac-8cfa-3d020c0df842,Aspedia,https://aspedia.net/,+611800677656,,435-461 Logan Rd,Brisbane,4120,QLD,AU,web_designer,"[services_and_business, design_service, web_designer]",0.8720500713586807,7,overture-maps,2026-08-19.0
d102fd0e-295e-40a7-8086-82070defcff3,Kinetic,https://kineticetc.com.au/,+61738528000,murray@kineticetc.com.au,18 Wandoo St,Brisbane,4006,QLD,AU,web_designer,"[services_and_business, design_service, web_designer]",0.8629679507017136,7,overture-maps,2026-08-19.0
019a63be-f286-40a7-82f9-cfabaf293c29,Lifegames Photography,https://elizabethrichardson.info/,+61459675251,fun@elizabethrichardson.info,Unit 38/326-342 Marine Parade,Gold Coast,4215,QLD,AU,web_designer,"[services_and_business, design_service, web_designer]",0.8609839400649071,7,overture-maps,2026-08-19.0
bac952e1-9d43-4f51-b598-5583bb5d8b65,Real Social,https://real.social/,+61741919901,info@real.social,44 Scotland St,Bundaberg,4670,QLD,AU,web_designer,"[services_and_business, design_service, web_designer]",0.8527102568745613,7,overture-maps,2026-08-19.0
96f7013e-ffef-4f78-9739-89536be18143,Ifactory,https://ifactory.com.au/,0733190500,,33 Murray Street,Brisbane,4006,QLD,AU,web_designer,"[services_and_business, design_service, web_designer]",0.85,7,overture-maps,2026-08-19.0
90db25d5-7cb4-4631-9939-a316208c7899,Vance Graphix & Print,https://vancegraphix.com.au/,0404777738,,22-26 Allgas Street,"Logan Industrial Park, Slacks Creek",4127,QLD,AU,web_designer,"[services_and_business, design_service, web_designer]",0.85,7,overture-maps,2026-08-19.0
64f4fcdd-4a1f-482b-b4f4-1abd42beaa67,Sweet Lemon Design and Marketing,https://sweetlemon.com.au/,+61756201444,hello@sweetlemon.com.au,Unit 5/90 Township Dr,Gold Coast,4220,QLD,AU,marketing_agency,"[services_and_business, professional_service, marketing_agency]",0.8458887204527855,7,overture-maps,2026-08-19.0
cb261398-8a4b-4e4a-82a4-312ac81f62fd,Developer Quotes,https://developerquotes.com.au/,+61736357311,info@developerquotes.com.au,"Suite 54102, Level 54/111 Eagle St",Brisbane,4000,QLD,AU,web_designer,"[services_and_business, design_service, web_designer]",0.8222023670375347,7,overture-maps,2026-08-19.0
242607cd-0f28-45df-903d-aa12c7638d90,LCIT Dynamics,https://lcitdynamics.com.au/,+61755783320,info@lcitdynamics.com.au,3/42 Lawrence Dr,Gold Coast,4211,QLD,AU,web_designer,"[services_and_business, design_service, web_designer]",0.819756168872118,7,overture-maps,2026-08-19.0
9031d5b7-d451-49a8-ba06-2858e07925ef,Otte,https://otte.com.au/,+61402257354,,79 Evelyn St,Brisbane,4051,QLD,AU,web_designer,"[services_and_business, design_service, web_designer]",0.8148503753542901,7,overture-maps,2026-08-19.0
7c4491da-2cef-4258-8fd9-1250b50099cd,Pixelkraft,https://pixelkraft.com.au/,+61738229366,enquiry@pixelkraft.com.au,16 Catherine St,Brisbane,4159,QLD,AU,web_designer,"[services_and_business, design_service, web_designer]",0.8148413102328778,7,overture-maps,2026-08-19.0
20301c12-189e-4ed9-9958-502c5d54de29,Online Marketing Genies,https://onlinemarketinggenies.com.au/,+61731703220,hello@onlinemarketinggenies.com.au,9 Wallen Pl,Brisbane,4178,QLD,AU,marketing_agency,"[services_and_business, professional_service, marketing_agency]",0.8007561473548412,7,overture-maps,2026-08-19.0
f2db1606-b15d-4ddb-bbe1-5320a7f79437,Rawkus Creative Studio,https://rawkuscreativestudio.com.au/,+61413497091,aimee@rawkuscreativestudio.com.au,Unit 7/10 Thomas St,Sunshine Coast,4566,QLD,AU,marketing_agency,"[services_and_business, professional_service, marketing_agency]",0.7775452252849937,7,overture-maps,2026-08-19.0
6d2fc4d2-aa06-488f-a2d0-5de62c8e6ddb,888 Corporate,https://888corporate.com.au/,(07) 5557 8700,,50 Marine Pde Level 3,Southport,4215,QLD,AU,web_designer,"[services_and_business, design_service, web_designer]",0.77,7,overture-maps,2026-08-19.0
cf809a17-255b-4c95-a82c-c391cf80471c,Absoft Group,https://absoft.com.au/,(07) 3257 2194,,192 Breakfast Creek Rd Suite 36,Newstead,4006,QLD,AU,web_designer,"[services_and_business, design_service, web_designer]",0.77,7,overture-maps,2026-08-19.0
263a9751-5712-4b86-9327-67dcdc2e2cd4,ActiveSite,https://activesite.com.au/,(07) 5660 6774,,160 Marine Pde #2,Southport,4215,QLD,AU,web_designer,"[services_and_business, design_service, web_designer]",0.77,7,overture-maps,2026-08-19.0
85eddf89-2de4-4f1d-beac-74dceae1d590,All About Boat and Jetski Licencing,https://boatlicence.net.au/,0447 330 007,,7 Flinders Pde,Gladstone Central,4680,QLD,AU,web_designer,"[services_and_business, design_service, web_designer]",0.77,7,overture-maps,2026-08-19.0
26e6fa94-7c0e-4ab4-96b9-ab3d95a18214,Anakoda,https://anakoda.com.au/,0432 959 626,,50 Cavill Ave,Surfers Paradise,4217,QLD,AU,web_designer,"[services_and_business, design_service, web_designer]",0.77,7,overture-maps,2026-08-19.0
11c30761-c180-467e-91f4-0ad1ade129e8,AuHosts,https://auhosts.com.au/,0418 182 285,,21 Swallow St,Cairns,4870,QLD,AU,web_designer,"[services_and_business, design_service, web_designer]",0.77,7,overture-maps,2026-08-19.0
284448a9-e432-42fd-9c3a-528e39084974,Aussie Logos,https://aussielogos.com.au/,0414 853 361,,Lake Placid Rd,Kamerunga,4870,QLD,AU,web_designer,"[services_and_business, design_service, web_designer]",0.77,7,overture-maps,2026-08-19.0
8760f34d-7ba9-428d-9ad9-210a3c680b38,Box Ten,https://boxten.com.au/,(07) 4632 4992,,158 Margaret St,Toowoomba,4350,QLD,AU,web_designer,"[services_and_business, design_service, web_designer]",0.77,7,overture-maps,2026-08-19.0
5f19571e-e604-4796-8003-665bb0e570cd,Coxartworks,https://coxartworks.com.au/,0434 400 052,,21 Casella St,Cairns,4870,QLD,AU,web_designer,"[services_and_business, design_service, web_designer]",0.77,7,overture-maps,2026-08-19.0
df32d694-0218-48cd-90c3-02005a01c990,CPAP Direct Sunshine Coast,https://cpapdirect.com.au/,1300 133 298,,86 Burnett St Shop 6,Buderim,4556,QLD,AU,web_designer,"[services_and_business, design_service, web_designer]",0.77,7,overture-maps,2026-08-19.0
d129e820-d314-433e-847f-bb8764ff4392,Cresser Creative Strategy + Design,https://cresser.com.au/,(07) 5534 2786,,6 Nuban St Unit 1,Currumbin,4223,QLD,AU,advertising_agency,"[services_and_business, professional_service, advertising_agency]",0.77,7,overture-maps,2026-08-19.0
83fbe77c-41b1-4cd6-89c9-6cccb60c03c6,Datanova,https://datanova.com.au/,1300 552 166,,"43-45 Primary School Ct Unit 8, Level 2",Maroochydore,4558,QLD,AU,web_designer,"[services_and_business, design_service, web_designer]",0.77,7,overture-maps,2026-08-19.0
27a1e140-abb9-4e6e-93a1-0cef3002b6b4,Deezyn,https://deanne094.wixsite.com/,(07) 4999 9273,,10 Clark St,Mackay,4740,QLD,AU,web_designer,"[services_and_business, design_service, web_designer]",0.77,7,overture-maps,2026-08-19.0
51fe9932-d1c9-4a0a-ab8b-72368866396c,Dot Dash,https://dotdash.com.au/,(07) 3896 6600,,371 Queen St Level 5,Brisbane,4000,QLD,AU,web_designer,"[services_and_business, design_service, web_designer]",0.77,7,overture-maps,2026-08-19.0
2085e084-fb18-4ea8-b9db-ee806a4455dd,Eacsoft,https://eacsoft.com/,(07) 3341 2202,info@eacsoft.com,111 Eagle St Level 54,Brisbane,4000,QLD,AU,web_designer,"[services_and_business, design_service, web_designer]",0.77,7,overture-maps,2026-08-19.0
e028c725-9a25-4f35-974d-451d879d2c94,Easemail.net,https://easemail.net/,(07) 3257 2226,,47 Baxter St,Brisbane,4006,QLD,AU,web_designer,"[services_and_business, design_service, web_designer]",0.77,7,overture-maps,2026-08-19.0
de0be1c3-3e49-4d6b-b465-5dafb702e3c7,Elevate Media Marketing,https://elevate.net.au/,(07) 4972 7648,,100 Goondoon St #12,Gladstone Central,4680,QLD,AU,advertising_agency,"[services_and_business, professional_service, advertising_agency]",0.77,7,overture-maps,2026-08-19.0
9b31ae77-c01d-43df-831e-235ee0e68621,Epic Times - Social Media Marketing,https://epictimes.com.au/,0432 241 960,,57 Abbott St,Cairns,4870,QLD,AU,advertising_agency,"[services_and_business, professional_service, advertising_agency]",0.77,7,overture-maps,2026-08-19.0
ed20e2d0-3b8c-42f4-854e-df86a3c466c9,eTraffic Web Marketing,https://etrafficwebdesign.com.au/,1300 887 804,domingoousaleks@yahoo.com,220 Varsity Pde #220,Varsity Lakes,4227,QLD,AU,advertising_agency,"[services_and_business, professional_service, advertising_agency]",0.77,7,overture-maps,2026-08-19.0
58106ad0-5766-4481-94ce-3d0a9c8b1d41,Farcool,https://farcool.com/,0435 342 833,,107 Downs St,North Ipswich,4305,QLD,AU,web_designer,"[services_and_business, design_service, web_designer]",0.77,7,overture-maps,2026-08-19.0
45806f2f-d46b-4680-8588-9d21188cf6d8,Fitzroy Basin Association,https://fba.org.au/,(07) 4999 2800,,80 East St #1,Rockhampton,4700,QLD,AU,web_designer,"[services_and_business, design_service, web_designer]",0.77,7,overture-maps,2026-08-19.0
23184c9f-30e4-42c0-999c-49331e83d320,Geekware,https://geekware.com.au/,1300 766 949,info@geekware.com.au,1-9 McDonald Rd,Jimboomba,4280,QLD,AU,web_designer,"[services_and_business, design_service, web_designer]",0.77,7,overture-maps,2026-08-19.0
9667e33b-de9e-4eb5-a4c1-3fadcf9f4348,Graphics mind,https://graphicsmind.com.au/,0422 819 759,,19 Kanthin Rd No 1544,Weipa,4874,QLD,AU,web_designer,"[services_and_business, design_service, web_designer]",0.77,7,overture-maps,2026-08-19.0
0b2dd565-96b8-4eeb-b3f9-eb5b8196a559,Green Label Web Design,https://greenlabeldesign.com.au/,(07) 3281 3310,,175 Brisbane Street,Ipswich,4305,QLD,AU,information_technology_company,"[services_and_business, corporate_or_business_office, information_technology_company]",0.77,7,overture-maps,2026-08-19.0
5e4c4447-3c96-488d-8b8b-fd99944a2219,Host-Smarter,https://host-smarter.com/,1300 100 088,,128 Bowen St,Spring Hill,4000,QLD,AU,web_designer,"[services_and_business, design_service, web_designer]",0.77,7,overture-maps,2026-08-19.0
837ee630-dc5c-4bfc-8024-a78f7bfb4f6e,Hostniper,https://hostniper.com/,0400 729 700,,46 Moody St,Emerald,4720,QLD,AU,web_designer,"[services_and_business, design_service, web_designer]",0.77,7,overture-maps,2026-08-19.0
936e070b-ef13-4f15-aa71-01d2b695c71d,Hot Croc Advertising,https://hotcroc.com.au/,(07) 4051 0088,,16 Minnie St,Cairns,4870,QLD,AU,web_designer,"[services_and_business, design_service, web_designer]",0.77,7,overture-maps,2026-08-19.0
583ee1ec-df9a-40c2-9317-bcc4976d29f2,I4U,https://i4u.com.au/,(07) 5630 6695,,45 Nerang St,Southport,4215,QLD,AU,web_designer,"[services_and_business, design_service, web_designer]",0.77,7,overture-maps,2026-08-19.0
b91fc8c2-0757-445b-8e01-0759d26e93ee,ICT Web Design,https://ictwebdesign.com.au/,0435 532 363,,74 Slatyer Ave,Bundall,4217,QLD,AU,product_design,"[services_and_business, design_service, product_design]",0.77,7,overture-maps,2026-08-19.0
89fb6852-229e-4a9d-a57d-83a0521eaafe,Infotech Marketing & Communications,https://infotechmarketing.com.au/,(07) 5478 2177,,91 Karawatha Dr Level 2,Mountain Creek,4557,QLD,AU,advertising_agency,"[services_and_business, professional_service, advertising_agency]",0.77,7,overture-maps,2026-08-19.0
b47aa950-08a9-4f20-b12a-20769951414f,Interlated Queensland,https://interlated.com.au/,0400 264 962,,8 Queen St,Cooran,4569,QLD,AU,web_designer,"[services_and_business, design_service, web_designer]",0.77,7,overture-maps,2026-08-19.0
cb28c557-a295-4dfc-a7bf-e0a58ae4bef1,Internet Marketing Experts Hervey Bay,https://internetmarketingexpertsherveybay.com.au/,1300 595 013,,5 Nissen St Shop 1,Hervey Bay,4655,QLD,AU,advertising_agency,"[services_and_business, professional_service, advertising_agency]",0.77,7,overture-maps,2026-08-19.0
e7c04a74-1bb0-4987-9461-31f0b9cc80a5,Internet Marketing Experts Mackay,https://internetmarketingexpertsmackay.com.au/,1300 595 013,,1 Ungerer St,Mackay,4740,QLD,AU,advertising_agency,"[services_and_business, professional_service, advertising_agency]",0.77,7,overture-maps,2026-08-19.0
972e3726-4734-405a-a602-664fd0be0beb,Isonic Website Design,https://isonic.net.au/,(07) 3103 2174,,86 shore street west,Cleveland,4163,QLD,AU,product_design,"[services_and_business, design_service, product_design]",0.77,7,overture-maps,2026-08-19.0
81d7dfa7-5e5b-4e48-818e-6023d7d56716,Jennifer Ryan Consultancy Services,https://jrcs.com.au/,(07) 4974 7810,,Murphy Rd,Miriam Vale,4677,QLD,AU,web_designer,"[services_and_business, design_service, web_designer]",0.77,7,overture-maps,2026-08-19.0
0428a3ed-0f15-47bf-94d1-59acb6dc5cbd,Kboodl,https://kboodl.com/,(07) 3245 2230,,111 Eagle St Level 54,Brisbane,4000,QLD,AU,web_designer,"[services_and_business, design_service, web_designer]",0.77,7,overture-maps,2026-08-19.0
bcfa33a0-9055-40e0-8d84-f73663ead1e0,Kwik Kopy Geebung,https://geebung.kwikkopy.com.au/,(07) 3265 5366,,483 Newman Rd #1,Geebung,4034,QLD,AU,web_designer,"[services_and_business, design_service, web_designer]",0.77,7,overture-maps,2026-08-19.0
9d4370b2-c9e2-4bc2-8635-8ac477f19afe,Latitude Travel Services,https://latituderesorts.com.au/,1800 738 100,,54 Macrossan St,Port Douglas,4877,QLD,AU,web_designer,"[services_and_business, design_service, web_designer]",0.77,7,overture-maps,2026-08-19.0
89de2476-004e-4ffe-8ef8-7354503b37b4,Lloyd Art,https://lloydart.com/,0413 298 247,,65 Landsborough Ave #41,Scarborough,4020,QLD,AU,web_designer,"[services_and_business, design_service, web_designer]",0.77,7,overture-maps,2026-08-19.0
58bb5994-8924-471c-85b8-7b8ae7eab438,Local Online Marketing,https://localonlinemarketing.net.au/,0407 630 280,,14 Regency Ct,Ferny Grove,4055,QLD,AU,advertising_agency,"[services_and_business, professional_service, advertising_agency]",0.77,7,overture-maps,2026-08-19.0
35d21657-8d03-409f-aa59-04d29b1b8522,Logophy,https://logophy.com/,0411 285 870,,10 Grebe St,Peregian Springs,4573,QLD,AU,web_designer,"[services_and_business, design_service, web_designer]",0.77,7,overture-maps,2026-08-19.0
d8ee5c6a-ba63-4d00-b4b8-045d90ffa7cb,Made Neat,https://madeneat.com.au/,1300 254 791,,10 Thomas St #7,Noosaville,4566,QLD,AU,web_designer,"[services_and_business, design_service, web_designer]",0.77,7,overture-maps,2026-08-19.0
1f3be7e6-a1e5-4946-b8a0-fad816836969,Marketronics Australia,https://marketronics.com.au/,0418 750 166,,19 Headland Pl,Deception Bay,4508,QLD,AU,web_designer,"[services_and_business, design_service, web_designer]",0.77,7,overture-maps,2026-08-19.0
c8fddc13-4b06-4095-b5d9-5769b60a8621,Maryvale Computer Service,https://maryvalecomputers.com.au/,(07) 4661 5774,sales@maryvalecomputers.com.au,53 Wantley St,Warwick,4370,QLD,AU,web_designer,"[services_and_business, design_service, web_designer]",0.77,7,overture-maps,2026-08-19.0
409c2044-d90d-43d9-b0a3-3a6c65efc772,Matlib Networks,https://matlib.com.au/,(07) 3102 4422,support@matlib.com.au,Queen St,Brisbane,4000,QLD,AU,web_designer,"[services_and_business, design_service, web_designer]",0.77,7,overture-maps,2026-08-19.0
e49242d4-c3a3-4fdf-aa77-63d5769a0808,My vCIO,https://myvcio.com.au/,(07) 2103 2928,,110 Observatory Dr,Reedy Creek,4227,QLD,AU,web_designer,"[services_and_business, design_service, web_designer]",0.77,7,overture-maps,2026-08-19.0
d5520adf-4683-4154-88ae-d2fffbb7190e,Netvision,https://netvision.com.au/,1300 448 556,aisha@netvision.com.au,207 Currumburra Rd Suite 33a,Ashmore,4214,QLD,AU,web_designer,"[services_and_business, design_service, web_designer]",0.77,7,overture-maps,2026-08-19.0
83c1c8c8-2a91-42cf-9d00-500b26716991,NiCHE Travel Tools,https://nichetravelsites.com/,(07) 3103 3078,,224 David Low Way #22,Peregian Beach,4573,QLD,AU,web_designer,"[services_and_business, design_service, web_designer]",0.77,7,overture-maps,2026-08-19.0
b8da60bb-9946-478f-9524-b729b5069fbe,Oganro,https://oganro.com/,(07) 3911 1140,,81 Lyon St,Moorooka,4105,QLD,AU,web_designer,"[services_and_business, design_service, web_designer]",0.77,7,overture-maps,2026-08-19.0
f9b90e39-7cdf-4c99-aaa2-3fa0c7383d59,Opal Auctions,https://opalauctions.com/,(07) 5575 4255,,10-16 Alexander Ave,Broadbeach,4218,QLD,AU,web_designer,"[services_and_business, design_service, web_designer]",0.77,7,overture-maps,2026-08-19.0
c17d33f1-7e1c-4d76-b067-778847a9ac70,Ourdesk,https://ourdesk.com.au/,0401 054 280,,27 Boardwalk Bvd,Mount Coolum,4573,QLD,AU,web_designer,"[services_and_business, design_service, web_designer]",0.77,7,overture-maps,2026-08-19.0
5831ce6e-b073-4f82-9f56-b7721c88fda3,PC Graphic Art,https://pcgraphicart.com.au/,(07) 3358 4654,,146 Harcourt St,New Farm,4005,QLD,AU,web_designer,"[services_and_business, design_service, web_designer]",0.77,7,overture-maps,2026-08-19.0
4b8d92ef-f6ce-4886-b7d9-0528c4ae4db2,Pegaan,https://pegaan.com/,0437 015 676,,99 Woods Rd,Sharon,4670,QLD,AU,web_designer,"[services_and_business, design_service, web_designer]",0.77,7,overture-maps,2026-08-19.0
04d7f54f-cc3e-4e18-a361-945553092064,Pixler,https://pixler.com.au/,1300 239 252,,90 Sippy Downs Dr,Sippy Downs,4556,QLD,AU,web_designer,"[services_and_business, design_service, web_designer]",0.77,7,overture-maps,2026-08-19.0
2890a663-cd7f-40bf-925c-d8c70972a333,Riverlab,https://riverlab.com.au/,0406 580 458,,123 Eagle St,Brisbane,4000,QLD,AU,web_designer,"[services_and_business, design_service, web_designer]",0.77,7,overture-maps,2026-08-19.0
a89df59b-64fb-4ec4-8e45-e2c1f0c4b5e3,Roessler Graphics,https://roesslergraphics.com.au/,(07) 4683 2409,,203 Kelly Rd,Applethorpe,4378,QLD,AU,web_designer,"[services_and_business, design_service, web_designer]",0.77,7,overture-maps,2026-08-19.0
a09c38ac-d22d-4251-9501-12bb965d89bc,Rowlands Group,https://rowlandsgroup.com/,0418 992 781,,63 Sylvan Dr,Moore Park Beach,4670,QLD,AU,web_designer,"[services_and_business, design_service, web_designer]",0.77,7,overture-maps,2026-08-19.0
be3b6b13-ae0b-499a-9c60-bf4edbca54cf,School Site Solutions,https://schoolsitesolutions.com.au/,0407 132 868,,"Wellington Point, Redland",Wellington Point,4160,QLD,AU,web_designer,"[services_and_business, design_service, web_designer]",0.77,7,overture-maps,2026-08-19.0
877e6629-8e79-4909-987e-029143bcbf25,Share Story Video Production Creative Agency,https://sharestory.com.au/,0488 774 169,,368 Earnshaw Rd #12,Banyo,4014,QLD,AU,advertising_agency,"[services_and_business, professional_service, advertising_agency]",0.77,7,overture-maps,2026-08-19.0
dc9e1e6c-ef3c-4a5e-a89a-b8b6981a816e,Snap Cairns,https://snap.com.au/,(07) 4051 9433,,185 Mulgrave Rd,Cairns,4870,QLD,AU,web_designer,"[services_and_business, design_service, web_designer]",0.77,7,overture-maps,2026-08-19.0
a6f0b1b8-0cc0-4fbc-a616-cea8b47ec05e,SOS Development,https://sosdevelopment.com.au/,1300 533 550,enquiries@sosdevelopment.com.au,2 Dixon St,Yatala,4207,QLD,AU,web_designer,"[services_and_business, design_service, web_designer]",0.77,7,overture-maps,2026-08-19.0
f9ee0198-2c39-4316-bc1a-9eae1a6e887a,Southport Printing Co,https://southportprintingco.com.au/,(07) 5591 4699,,"65 Johnston Street, Southport, QLD 4215",Southport,4215,QLD,AU,web_designer,"[services_and_business, design_service, web_designer]",0.77,7,overture-maps,2026-08-19.0
e98ce8e4-30a4-4eed-8cc3-af85a57afbd2,Sxope Consolidate,https://sxope.com.au/,0411 382 967,sales@sxope.com.au,14 Brook St #12,Everton Park,4053,QLD,AU,web_designer,"[services_and_business, design_service, web_designer]",0.77,7,overture-maps,2026-08-19.0
2dabf42d-4cca-4a6b-a963-c1bd423203d8,The Wedding Lab,https://theweddinglab.com.au/,1300 005 227,,48 Ashgrove Ave,Ashgrove,4060,QLD,AU,web_designer,"[services_and_business, design_service, web_designer]",0.77,7,overture-maps,2026-08-19.0
2d0ddf5f-2b10-42b9-b929-1df2b59be56b,Third Planet Publications,https://thirdplanet.com.au/,(07) 3806 0399,,3986 Pacific Hwy Unit 1,Loganholme,4129,QLD,AU,web_designer,"[services_and_business, design_service, web_designer]",0.77,7,overture-maps,2026-08-19.0
7aab20b5-917e-496a-9925-244430a7d734,Total Data Solutions,https://totaldatasolutions.com.au/,0413 511 935,,30 Killarney Ave,Manly West,4179,QLD,AU,web_designer,"[services_and_business, design_service, web_designer]",0.77,7,overture-maps,2026-08-19.0
cb0a4d64-a724-4cf7-afe7-76441fc9038a,Via Social,https://viasocial.com.au/,0412 262 663,admin@viasocial.com.au,12 Barramul St #19,Bulimba,4171,QLD,AU,web_designer,"[services_and_business, design_service, web_designer]",0.77,7,overture-maps,2026-08-19.0
094b7ad1-e6b5-4d57-8719-08e0ff1d0e1d,Vivo Group,https://vivogroup.com.au/,(07) 3257 3418,info@vivogroup.com.au,9 Creswell Street,Newstead,4006,QLD,AU,web_designer,"[services_and_business, design_service, web_designer]",0.77,7,overture-maps,2026-08-19.0
b11b3cd1-8396-4110-be8d-b85e866b21ea,Web Shop Online,https://webshoponline.info/,0418 988 444,,38 Ruatoka Ct,Burpengary,4505,QLD,AU,advertising_agency,"[services_and_business, professional_service, advertising_agency]",0.77,7,overture-maps,2026-08-19.0
f8ba145c-8bd6-4a1e-a8ce-b9ed71bb7bec,Website Development & Marketing,https://websitedevelopmentmarketing.com/,0434 080 944,,1 Hooked Blvd,Broadbeach,4218,QLD,AU,it_service_and_computer_repair,"[services_and_business, technical_service, it_service_and_computer_repair]",0.77,7,overture-maps,2026-08-19.0
6fefc61e-2e66-4acf-917b-10f08974b3d1,WhoNet IT Services,https://whonet.com.au/,0401 583 696,,28 Audrey Dr,Gracemere,4702,QLD,AU,web_designer,"[services_and_business, design_service, web_designer]",0.77,7,overture-maps,2026-08-19.0
c7cb4537-1769-4215-8f22-a573c280ee36,WISwhatsinstore,https://social-talk.mobi/,0422 739 783,,72 Channon St,Gympie,4570,QLD,AU,web_designer,"[services_and_business, design_service, web_designer]",0.77,7,overture-maps,2026-08-19.0
7c526f5a-f858-4001-bd88-97de9ad562b9,Yeppoon.com,https://yeppoon.com/,(07) 4939 3428,,140 Matthew Flinders Dr,Yeppoon,4703,QLD,AU,web_designer,"[services_and_business, design_service, web_designer]",0.77,7,overture-maps,2026-08-19.0
72193a65-2855-4035-8575-712cc690e88c,Zeroseven,https://zeroseven.com.au/,1300 323 472,,19 Musgrave St #5,West End,4101,QLD,AU,web_designer,"[services_and_business, design_service, web_designer]",0.77,7,overture-maps,2026-08-19.0
cf94043f-b15a-42e6-9d82-c19ea34bc0cc,Centreforce Technology Group,https://glencoretechnology.com/,+61738899822,glencoretechnology@glencore.com.au,15/201 Charlotte St,Brisbane,4000,QLD,AU,software_development,"[services_and_business, technical_service, software_development]",0.6488934755325317,7,overture-maps,2026-08-19.0
90a57948-78d1-4b78-bdb9-a163cbcf8c07,simPRO Software,https://simprogroup.com/,+61730405572,sales@simpro.com.au,31 McKechnie Dr,Brisbane,4113,QLD,AU,it_service_and_computer_repair,"[services_and_business, technical_service, it_service_and_computer_repair]",0.9964991227686405,6,overture-maps,2026-08-19.0
a7c50072-808d-47d3-9b1d-dcb2a8408b94,TechPath,https://techpath.com.au/,+611300033300,info@techpath.com.au,1/49-53 Allgas St,Brisbane,4127,QLD,AU,software_development,"[services_and_business, technical_service, software_development]",0.9954765585660934,6,overture-maps,2026-08-19.0
c3728f03-df05-4c62-86a4-64cf182d32f2,Pronto Software,https://pronto.com.au/,+61733771177,,189 Coronation Dr,Brisbane,4064,QLD,AU,it_service_and_computer_repair,"[services_and_business, technical_service, it_service_and_computer_repair]",0.9836507380008698,6,overture-maps,2026-08-19.0
c072f6b2-7faf-4934-9ab5-55d7afc1e393,Tout Marketing,https://toutmarketing.com.au/,0755194442,,292 Water street,Fortitude Valley,4209,QLD,AU,marketing_agency,"[services_and_business, professional_service, marketing_agency]",0.9816529821902513,6,overture-maps,2026-08-19.0
064b48a8-a30f-433a-9bba-e8290a4383b3,Elluminati Inc - Software Development Co,https://elluminatiinc.com/,0207993559,,"31-45 Eyre street Unit 24-25, 2nd Floor","North Ward, Townsville",4810,QLD,AU,software_development,"[services_and_business, technical_service, software_development]",0.9737573161050678,6,overture-maps,2026-08-19.0
692430d1-5066-4e15-b39a-81273ebba773,Smoke Creative,https://smokecreative.com/,+61732574636,info@smokecreative.com,34 Wyandra St,Brisbane,4006,QLD,AU,advertising_agency,"[services_and_business, professional_service, advertising_agency]",0.9597509843111038,6,overture-maps,2026-08-19.0
5e3e481a-195a-4fe2-b6f7-538788748417,Arosoftware,https://arosoftware.com/,+61730593035,support@arosoftware.com,9/21 Birtwill St,Sunshine Coast,4573,QLD,AU,software_development,"[services_and_business, technical_service, software_development]",0.9427290922403335,6,overture-maps,2026-08-19.0
f369fbd0-9506-4d1f-bae0-8b1b2af9378d,KK&O. Agency,https://kkoagency.com.au/,+61414410146,contact@kkoagency.com.au,17 Harvest Ct,Gold Coast,4215,QLD,AU,advertising_agency,"[services_and_business, professional_service, advertising_agency]",0.9419950813055038,6,overture-maps,2026-08-19.0
a80a30aa-e92d-49f0-ad01-cacef133a3ac,Fresh PR and Marketing,https://freshprm.com.au/,+61753511010,info@freshprm.com.au,35 Seaside Blvd,Sunshine Coast,4564,QLD,AU,marketing_agency,"[services_and_business, professional_service, marketing_agency]",0.9412787276506424,6,overture-maps,2026-08-19.0
68599754-2cc9-44b6-b07f-b0c91ea6a082,Sunfresh Marketing,https://sunfresh.com.au/,+61754463783,sunfresh@sunfresh.com.au,43 Link Cres,Sunshine Coast,4573,QLD,AU,marketing_agency,"[services_and_business, professional_service, marketing_agency]",0.935715080499649,6,overture-maps,2026-08-19.0
21637812-336c-4682-9776-4c240debdb6f,PR Media Solutions,https://prmediasolutions.com.au/,+61746671895,admin@prmediasolutions.com.au,153 Palmerin St,Warwick,4370,QLD,AU,marketing_agency,"[services_and_business, professional_service, marketing_agency]",0.9268610513210297,6,overture-maps,2026-08-19.0
dbab9788-937f-4dab-b8e7-3dfcb6fe85e1,Global Interactive Group,https://globalinteractive.com.au/,+61755703337,danny@globalinteractive.com.au,Level 1/20 Queensland Ave,Gold Coast,4218,QLD,AU,marketing_agency,"[services_and_business, professional_service, marketing_agency]",0.9239781165122986,6,overture-maps,2026-08-19.0
aa279f39-14ad-417a-958e-df4d14b16c49,Mediapower,https://mediapower.com.au/,+61740512211,info@mediapower.com.au,"Shop 59, Village Lane, 20 Lake St",Cairns,4870,QLD,AU,advertising_agency,"[services_and_business, professional_service, advertising_agency]",0.9216782695055008,6,overture-maps,2026-08-19.0
2db40be0-2b3f-4e70-94e0-d4efd6244e2f,Vividus Marketing,https://vividus.com.au/,+61734824262,info@vividus.com.au,7/37 Flinders Parade,Brisbane,4509,QLD,AU,marketing_agency,"[services_and_business, professional_service, marketing_agency]",0.9196409648656845,6,overture-maps,2026-08-19.0
ce92bd95-2dab-409e-9f32-5d5f524f9b6a,Fan Design Studio,https://fandesign.com.au/,+61754793987,hello@fandesign.com.au,22/156-158 Alexandra Parade,Sunshine Coast,4572,QLD,AU,graphic_designer,"[services_and_business, design_service, graphic_designer]",0.9079500496387481,6,overture-maps,2026-08-19.0
745fe82c-a021-4012-b742-ed100534a1d5,Brisbane Digital Co,https://brisbanedigital.co/,+61730888049,,Unit 32/27 S Pine Rd,Brisbane,4500,QLD,AU,marketing_agency,"[services_and_business, professional_service, marketing_agency]",0.9070137476921082,6,overture-maps,2026-08-19.0
616f6bb9-2e78-4873-b4f4-c0ce74fc6b60,Nutshell Creative,https://nutshellcreative.com.au/,+61738653782,info@nutshellcreative.com.au,17 Pandora St,Brisbane,4034,QLD,AU,advertising_agency,"[services_and_business, professional_service, advertising_agency]",0.9064821511507034,6,overture-maps,2026-08-19.0
e552c38e-8184-4fda-9f5b-a3036d340b5a,Art-Work Agency,https://art-work.com.au/,+61419490280,hello@art-work.com.au,1/53-55 Cronulla Ave,Gold Coast,4218,QLD,AU,marketing_agency,"[services_and_business, professional_service, marketing_agency]",0.9023997551202774,6,overture-maps,2026-08-19.0
65cc688a-dc5c-4bd0-bd52-aa8fd6883f0d,Evolve Brand Design,https://evolvebranddesign.com/,+61738621236,info@evolvebranddesign.com,28 Lucy St,Brisbane,4010,QLD,AU,marketing_agency,"[services_and_business, professional_service, marketing_agency]",0.9002598792314529,6,overture-maps,2026-08-19.0
14f928e5-b336-466d-9682-ce82d2401471,Carbon Creative,https://carbon-creative.com.au/,+61731362524,,20 Brookes St,Brisbane,4006,QLD,AU,marketing_agency,"[services_and_business, professional_service, marketing_agency]",0.8960782885551453,6,overture-maps,2026-08-19.0
a0f2be5e-6967-4a5f-bef3-f717397476e9,Anypoint Software Development,https://anypoint.com/,+61756463000,support@anypoint.com.au,Unit 8/3-5 Ballinger Rd,Sunshine Coast,4556,QLD,AU,software_development,"[services_and_business, technical_service, software_development]",0.8937515950202942,6,overture-maps,2026-08-19.0
981268b0-b4df-4017-9479-740b8b11bd18,INmarketing,https://inmarketing.com.au/,+61497282814,contact@inmarketing.com.au,14 Eureka St,Cairns,4870,QLD,AU,marketing_agency,"[services_and_business, professional_service, marketing_agency]",0.8935918295383454,6,overture-maps,2026-08-19.0
52205f5e-6074-4a22-a6d6-c211168968c3,GeoSim Technologies Pty Ltd,https://geosim.com.au/,+61419781697,cdp@geosim.com.au,1326 Boundary Rd,Brisbane,4076,QLD,AU,software_development,"[services_and_business, technical_service, software_development]",0.891752799153328,6,overture-maps,2026-08-19.0
8c6daf8e-9e69-46f4-93a2-349f0f570948,Objective Livestock Marketing,https://objectivelivestock.com/,+61746714661,office@objectivelivestock.com,105 Callandoon St,Goondiwindi,4390,QLD,AU,marketing_agency,"[services_and_business, professional_service, marketing_agency]",0.8915936779975892,6,overture-maps,2026-08-19.0
04dea6c4-f24a-4ce2-a318-03125a4a658f,NSIPE Multimedia,https://nsipemultimedia.com.au/,+61468680661,seo@nsipemultimedia.com.au,2633 Gold Coast Hwy,Gold Coast,4218,QLD,AU,advertising_agency,"[services_and_business, professional_service, advertising_agency]",0.8892294669151306,6,overture-maps,2026-08-19.0
7f91de06-ee60-4e15-8bdb-9921929aaef1,Evolve Marketing,https://evolvemarketing.com.au/,+61413435823,hello@evolvemarketing.com.au,suite i/24 Macquarie St,Brisbane,4005,QLD,AU,marketing_agency,"[services_and_business, professional_service, marketing_agency]",0.884591908454895,6,overture-maps,2026-08-19.0
eb6a2813-77c1-4eba-9f7b-d65444dbf0da,Local Lead Agency,https://localleadagency.com.au/,+61498088573,brad@localleadagency.com.au,Level 3/37 Sinnathamby Blvd,Brisbane,4300,QLD,AU,marketing_agency,"[services_and_business, professional_service, marketing_agency]",0.8835842028260231,6,overture-maps,2026-08-19.0
689b0ec6-0d34-481a-ab0c-74315ddd83af,Peke Media,https://peke.com.au/,+61431311633,admin@peke.com.au,13 Byres St,Brisbane,4006,QLD,AU,marketing_agency,"[services_and_business, professional_service, marketing_agency]",0.8832575020194053,6,overture-maps,2026-08-19.0
3ca0292c-4156-4ffb-b9bb-ba4d20f9fe41,Evoke Design Studio,https://evokedesignstudio.com.au/,+61416197357,hello@evokedesignstudio.com.au,30 Albatross Ave,Sunshine Coast,4551,QLD,AU,graphic_designer,"[services_and_business, design_service, graphic_designer]",0.8831808203458786,6,overture-maps,2026-08-19.0
1f9e9c4e-4201-4c07-8a5c-17350b39a02a,Podium Project Marketing,https://podium.property/,+61733586896,info@podium.property,1/24 Macquarie St,Brisbane,4005,QLD,AU,marketing_agency,"[services_and_business, professional_service, marketing_agency]",0.8827635231614113,6,overture-maps,2026-08-19.0
cf5197e5-4435-4e98-ac3e-596d1433f20d,iPH Creative Studios,https://iphcreative.com/,+611300441411,info@iphcreative.com,113 Sugar Rd,Sunshine Coast,4558,QLD,AU,b2b_advertising_and_marketing_service,"[services_and_business, b2b_service, b2b_office_and_professional_service, b2b_advertising_and_marketing_service]",0.8826574903726578,6,overture-maps,2026-08-19.0
e56c888a-18e0-4b6f-b882-5ba06bc690f3,Assure Digital,https://kolossusdigital.com.au/,+61730535571,info@kolossusdigital.com.au,155 Queen St,Brisbane,4000,QLD,AU,software_development,"[services_and_business, technical_service, software_development]",0.8798791968822479,6,overture-maps,2026-08-19.0
d5a85b1d-a78c-4915-8f85-cef68b8c17bf,iStyle Studio,https://istyle.studio/,+61403712495,paul@istyle.studio,Unit 21/300 Cullen Ave E,Brisbane,4009,QLD,AU,marketing_agency,"[services_and_business, professional_service, marketing_agency]",0.8773452058434487,6,overture-maps,2026-08-19.0
276ae493-4ea5-48fd-9653-6d75cc4d03a1,Misah Software Solutions,https://misah.com.au/,+61747004623,info@misah.com.au,Tenancy 2181/191 Sturt St,Townsville,4810,QLD,AU,software_development,"[services_and_business, technical_service, software_development]",0.8772596818208694,6,overture-maps,2026-08-19.0
6954bcf5-198b-425d-94c3-b621f75753b3,Sabukat Technologies,https://sabukat.com/,+61741290477,,238 Pacific Haven Dr,Pacific Haven,4659,QLD,AU,advertising_agency,"[services_and_business, professional_service, advertising_agency]",0.8770583230257034,6,overture-maps,2026-08-19.0
e84ee60d-dba0-4024-89a1-311c97b6ae39,AdaptAd Marketing and Communications,https://adaptad.com.au/,+61740516666,welcome@adaptad.com.au,Level 1/21 Aplin St,Cairns,4870,QLD,AU,marketing_agency,"[services_and_business, professional_service, marketing_agency]",0.8769845366477966,6,overture-maps,2026-08-19.0
5399796b-0c6d-411b-9398-4d9d514eeb64,Frontline Fashion Marketing,https://frontlinedistributors.com.au/,+61733682244,danielle@ffm.com.au,6 Campbell St,Brisbane,4064,QLD,AU,marketing_agency,"[services_and_business, professional_service, marketing_agency]",0.8724350219964981,6,overture-maps,2026-08-19.0
cb35489a-1f89-4519-9e22-2e3606569d64,Burning Love Creative,https://burninglovecreative.com.au/,+61755592550,lisa@burninglovecreative.com.au,17 Mewsdale Row,Gold Coast,4213,QLD,AU,advertising_agency,"[services_and_business, professional_service, advertising_agency]",0.8670710062980652,6,overture-maps,2026-08-19.0
f4fc7fde-edc9-4a27-81af-ef022625a24e,Cru Digital,https://crudigital.com.au/,+61733586845,thecru@crudigital.com.au,232 Arthur St,Brisbane,4005,QLD,AU,advertising_agency,"[services_and_business, professional_service, advertising_agency]",0.8647388538718224,6,overture-maps,2026-08-19.0
77e820a4-fbde-4738-95e6-96081fc9786a,Tailored Media,https://tailoredmedia.com.au/,+61755341228,team@tailoredmedia.com.au,1176 Gold Coast Hwy,Gold Coast,4221,QLD,AU,advertising_agency,"[services_and_business, professional_service, advertising_agency]",0.8613714200258256,6,overture-maps,2026-08-19.0
b4fccdf9-d60f-49a0-a705-36d9b376f5d6,Converge Marketing,https://convergemarketing.com.au/,+61430582583,clint@convergemarketing.com.au,14-20 Aerodrome Rd,Sunshine Coast,4558,QLD,AU,advertising_agency,"[services_and_business, professional_service, advertising_agency]",0.8592748990654946,6,overture-maps,2026-08-19.0
730987a1-ba35-4a68-9af0-bda01e0cb7f4,Absolute Media Solutions Pty Ltd,https://absolutemedia.com.au/,+61733006308,solutions@absolutemedia.com.au,20 Devonhill St,Brisbane,4061,QLD,AU,marketing_agency,"[services_and_business, professional_service, marketing_agency]",0.8567491883039475,6,overture-maps,2026-08-19.0
65cb23f4-2244-44cd-8af5-2b3af26a74a0,e-Sage Digital Consultancy,https://esage.com.au/,+61730628520,info@esage.com.au,6e/140 Creek St,Brisbane,4000,QLD,AU,marketing_agency,"[services_and_business, professional_service, marketing_agency]",0.856335051059723,6,overture-maps,2026-08-19.0
3a4cf3fc-818d-47f3-a2d3-7cce665356ed,Arc Creative,https://arccreative.com.au/,+61405109655,info@arccreative.com.au,38 Hefferan St,Brisbane,4103,QLD,AU,advertising_agency,"[services_and_business, professional_service, advertising_agency]",0.8545437213778496,6,overture-maps,2026-08-19.0
6d57704f-520d-4d7a-aecb-29fdefdb7eca,Maybray Digital Pty. Ltd.,https://maybray.com/,+611300629272,sales@maybray.com,973 Fairfield Rd,Brisbane,4105,QLD,AU,software_development,"[services_and_business, technical_service, software_development]",0.8537068101763725,6,overture-maps,2026-08-19.0
720897b2-56c0-4de7-b091-d5e68d853041,Lulu Creative Studio,https://lulucreativestudio.com/,+61468910468,lana@lulucreativestudio.com,1102/108 Albert St,Brisbane,4000,QLD,AU,internet_marketing_service,"[services_and_business, professional_service, internet_marketing_service]",0.8533095899224281,6,overture-maps,2026-08-19.0
ecdafaea-cab4-4e47-8ad9-bee1243e8aaf,Osprey Marketing,https://ospreymarketing.com.au/,+61424016921,a.ghafary@ospreymarketing.com.au,Unit 3 A/19 Musgrave St,Brisbane,4101,QLD,AU,marketing_agency,"[services_and_business, professional_service, marketing_agency]",0.8528260231018067,6,overture-maps,2026-08-19.0
18b5b1bd-dc2e-49df-92e2-fdc9486e43a7,aTeam Soft Solutions | Web & Mobile App Development Co,https://ateamsoftsolutions.com/,1800686492,,8 Alkira Way,Worongary QLD,4213,QLD,AU,software_development,"[services_and_business, technical_service, software_development]",0.85,6,overture-maps,2026-08-19.0
1ec28e0a-ba18-4a66-8daa-945306c63cc6,Panda Bridge Media,https://pandabridgemedia.com/,0493984145,,28 wharf street,kanaroo point,4169,QLD,AU,marketing_agency,"[services_and_business, professional_service, marketing_agency]",0.85,6,overture-maps,2026-08-19.0
834c3763-a6ff-40dc-b1ec-de2413f0a21e,Town Creative & Branding,https://towncreative.com.au/,0414706714,,"Studio 6, 690 Ann street, Fortitude Valley",Brisbane,4006,QLD,AU,advertising_agency,"[services_and_business, professional_service, advertising_agency]",0.85,6,overture-maps,2026-08-19.0
ff14672e-54a4-42fb-b498-f770b8f3b5ab,Childcare Concepts Marketing,https://childcareconceptsmarketing.com.au/,+61732572027,alexandria@childcareconcepts.com.au,273 Abbotsford Rd,Brisbane,4006,QLD,AU,marketing_agency,"[services_and_business, professional_service, marketing_agency]",0.8480618751049042,6,overture-maps,2026-08-19.0
7668c940-b31a-49df-9b8d-940dddd3ec00,Scorpion Marketing Media,https://scorpionmarketingmedia.com/,+61476503219,,17 Endeavour St,Port Douglas,4877,QLD,AU,internet_marketing_service,"[services_and_business, professional_service, internet_marketing_service]",0.8476635238528252,6,overture-maps,2026-08-19.0
d5c3f67d-2666-4353-b213-1874395b5c93,Illustration Design Studios,https://idstudios.net.au/,+61417806620,info@idstudios.net.au,12 Liam St,Brisbane,4152,QLD,AU,graphic_designer,"[services_and_business, design_service, graphic_designer]",0.8467273932695389,6,overture-maps,2026-08-19.0
9223c7a7-99b6-4acb-946d-dd1f9ee0ef6e,Techpanda Technologies,https://techpandatechnologies.com.au/,+61735541077,info@techpandatechnologies.com.au,1/625 Ruthven St,Toowoomba,4350,QLD,AU,software_development,"[services_and_business, technical_service, software_development]",0.8452477940917016,6,overture-maps,2026-08-19.0
b7fccd1a-c9c9-42b1-9b3b-0baf71e36c60,Astie Design Studio,https://astiedesign.com.au/,+61742221414,studio@astiedesign.com.au,252 Mulgrave Rd,Cairns,4870,QLD,AU,graphic_designer,"[services_and_business, design_service, graphic_designer]",0.8445466300845146,6,overture-maps,2026-08-19.0
94cc3861-b41e-4f7c-9f1c-8578c2981860,Chilli Pepper Media,https://chillipepper.com.au/,+61733964848,,"Suite 10/3, Level 182/4 Bay Terrace",Brisbane,4178,QLD,AU,software_development,"[services_and_business, technical_service, software_development]",0.8444720116257668,6,overture-maps,2026-08-19.0
73d9c7dc-d327-459a-98ab-672fce24f477,Mooball Technologies,https://mooball.com/,+61730404440,admin@mooball.com,1/888 Brunswick St,Brisbane,4005,QLD,AU,software_development,"[services_and_business, technical_service, software_development]",0.8385104861855507,6,overture-maps,2026-08-19.0
d6168567-89d8-43eb-ad38-6a79bd0544a1,Technisoft Pty Ltd,https://technisoft.com.au/,+61755545844,technisoft@technisoft.com.au,"Ste 7, Level 1/2484 Gold Coast Hwy",Gold Coast,4218,QLD,AU,software_development,"[services_and_business, technical_service, software_development]",0.8338644829392433,6,overture-maps,2026-08-19.0
29e902af-64f2-4cb9-a28a-72507360b339,Green Mountain Marketing,https://greenmountainmarketing.com.au/,+61741305329,,8 Larder St,Bargara,4670,QLD,AU,advertising_agency,"[services_and_business, professional_service, advertising_agency]",0.8327024817466736,6,overture-maps,2026-08-19.0
4876d063-e123-445e-9622-2ebd17d73263,Aynsley Campbell Creative,https://aynsleycampbellcreative.com.au/,+61422869133,hello@aynsleycampbellcreative.com,35 Rhodium Cres,Gold Coast,4212,QLD,AU,marketing_agency,"[services_and_business, professional_service, marketing_agency]",0.8325713613629342,6,overture-maps,2026-08-19.0
cb5a641f-2032-4fdd-b378-9904b07773b6,Brimble Media,https://brimblemedia.com/,+61731282550,,32 Hope St,Brisbane,4101,QLD,AU,marketing_agency,"[services_and_business, professional_service, marketing_agency]",0.8323891678452492,6,overture-maps,2026-08-19.0
ceaf0dd4-b584-487a-a0f7-8240bea5ca3d,4PS Software,https://4ps.com.au/,+61749441272,,31 Harvison St,Mackay,4740,QLD,AU,software_development,"[services_and_business, technical_service, software_development]",0.8286566546559334,6,overture-maps,2026-08-19.0
8226774f-2d35-434d-b8ca-3e5dc9f639b7,Creative Threshold,https://creativethreshold.com.au/,+61739999799,simon@creativethreshold.com.au,35 Ethel St,Brisbane,4105,QLD,AU,advertising_agency,"[services_and_business, professional_service, advertising_agency]",0.8275312155485153,6,overture-maps,2026-08-19.0
a68e4336-75bd-42bd-9728-9a36dfccb9d6,Lamb Agency,https://rostami.com.au/,+61733683617,info@rostami.com.au,7/141 Queen St,Brisbane,4000,QLD,AU,marketing_agency,"[services_and_business, professional_service, marketing_agency]",0.8262664134800435,6,overture-maps,2026-08-19.0
b6c55a6e-f379-426a-86d8-e29cb708e0f1,Vet Marketing Services,https://vetmarketingservices.com.au/,+61756363766,results@vetmarketingservices.com.au,486 Scottsdale Dr,Gold Coast,4227,QLD,AU,marketing_agency,"[services_and_business, professional_service, marketing_agency]",0.8251717615127564,6,overture-maps,2026-08-19.0
f123edcd-98e6-4f7b-a241-088d95afda81,Ex-Online,https://ex-online.com/,+61730400082,contact@ex-online.com,Level 1/99 Melbourne St,Brisbane,4101,QLD,AU,software_development,"[services_and_business, technical_service, software_development]",0.823412319123745,6,overture-maps,2026-08-19.0
e03bbe12-d5fd-4653-9ed3-865556339cab,Digital Forms,https://digitaldirections.io/,+611300792479,info@digitaldirections.io,level 3/243 Edward St,Brisbane,4000,QLD,AU,software_development,"[services_and_business, technical_service, software_development]",0.8219299678504467,6,overture-maps,2026-08-19.0
7bbd07ef-83b5-4e9a-bbcf-43a1acccdda4,Softlite Crew Technoworld,https://softlitecrew.com.au/,+61754139285,,Level 1/2 Innovation Pkwy,Sunshine Coast,4575,QLD,AU,software_development,"[services_and_business, technical_service, software_development]",0.8208453235030174,6,overture-maps,2026-08-19.0
20eeb3bf-9d31-4f26-b6fe-70c1fe59f667,Wildkinds Studio,https://linktr.ee/,+61485866183,info@wildkinds.com.au,unit 14j/96 Wilkie St,Brisbane,4150,QLD,AU,marketing_agency,"[services_and_business, professional_service, marketing_agency]",0.8180328361690045,6,overture-maps,2026-08-19.0
3591f653-65f1-4666-9c99-98f0b40cb15b,Tender Software,https://astrum.software/,+18133601544,hello@astrum.software,111/10 Albert Ave,Gold Coast,4218,QLD,AU,software_development,"[services_and_business, technical_service, software_development]",0.8179344084858895,6,overture-maps,2026-08-19.0
d613a514-22fc-4663-851f-5f06a010285e,Inflexi Technologies,https://velasustainability.com/,+61730409477,,level 3/155 Queen St,Brisbane,4000,QLD,AU,software_development,"[services_and_business, technical_service, software_development]",0.8166609491407871,6,overture-maps,2026-08-19.0
b81ee66e-aa0c-4ba9-b653-42073e5ee496,Half Brick Studios,https://halfbrick.com/,+61733560429,,190 Kelvin Grove Rd,Brisbane,4059,QLD,AU,advertising_agency,"[services_and_business, professional_service, advertising_agency]",0.8085927367210388,6,overture-maps,2026-08-19.0
8dba32a0-28a0-4cbc-bf87-5fba2cf4ba13,Redback.Agency,https://redback.agency/,+61740349546,info@redback.agency,14 Spence St,Cairns,4870,QLD,AU,marketing_agency,"[services_and_business, professional_service, marketing_agency]",0.8083999571204186,6,overture-maps,2026-08-19.0
eabd8b79-1820-4e24-8ba2-126134bcf3ea,Effigy Creative,https://effigy.com.au/,+61730404343,jacob@augurcreative.com,283 Cavendish Rd,Brisbane,4151,QLD,AU,advertising_agency,"[services_and_business, professional_service, advertising_agency]",0.8071454745531083,6,overture-maps,2026-08-19.0
1830ba21-5689-4068-8f52-106ab68ce192,Peak Marketing,https://peakmarketing.com.au/,+61732054877,enquiry@peakmarketing.com.au,Unit 1/40 Yarraman Pl,Brisbane,4014,QLD,AU,marketing_agency,"[services_and_business, professional_service, marketing_agency]",0.7941544289886951,6,overture-maps,2026-08-19.0
8787288d-2773-4f65-b12a-c3c2af8d97e9,Rex Software,https://crmgrader.io/,,,29B Helen St,Brisbane,4006,QLD,AU,software_development,"[services_and_business, technical_service, software_development]",0.7870901358127594,6,overture-maps,2026-08-19.0
96b384ca-0ab2-466c-b6e6-f88e00aba2f8,Inspection Apps,https://inspectionapps.com/,+61417314751,,"Corner Grove Street and, McLeod St",Cairns,4870,QLD,AU,software_development,"[services_and_business, technical_service, software_development]",0.7837518757209182,6,overture-maps,2026-08-19.0
d8c78992-c8da-48ec-9584-c508b0b0b376,3d Animation & Video Software,https://bit.do/,(07) 5519 9654,,11 Fallow Ct,Upper Coomera,4209,QLD,AU,computer_wholesaler,"[services_and_business, b2b_service, wholesaler, computer_wholesaler]",0.77,6,overture-maps,2026-08-19.0
9fa5dda3-c02b-4fb3-9aa4-daaaf0428139,7P Marketing,https://7pmarketing.com.au/,1300 599 281,,240 Waterworks Rd,Ashgrove,4060,QLD,AU,advertising_agency,"[services_and_business, professional_service, advertising_agency]",0.77,6,overture-maps,2026-08-19.0
509b365b-965d-414b-b210-b323a5e175e7,A+W Software Australia Pty Ltd,https://a-w.com/,1800 849 233,,37 Brandl St,Eight Mile Plains,4113,QLD,AU,computer_wholesaler,"[services_and_business, b2b_service, wholesaler, computer_wholesaler]",0.77,6,overture-maps,2026-08-19.0
467e3e12-0d17-43ab-9a82-5d486885c62a,A1 Software Solutions,https://a1software.com.au/,1300 724 945,,5 Alcester St,Grange,4051,QLD,AU,it_service_and_computer_repair,"[services_and_business, technical_service, it_service_and_computer_repair]",0.77,6,overture-maps,2026-08-19.0
7a75d51f-6017-4f66-887d-394473a3aa36,Abraham Multimedia,https://abrahammedia.com/,0466 425 876,,48 Williamson Rd,Morayfield,4506,QLD,AU,advertising_agency,"[services_and_business, professional_service, advertising_agency]",0.77,6,overture-maps,2026-08-19.0
20424b08-e165-4216-9822-4c849bc38538,Accelerated Business Marketing,https://acceleratedbusinessmarketing.com.au/,(07) 5446 2919,,17 Skylark St,Coolum Beach,4573,QLD,AU,advertising_agency,"[services_and_business, professional_service, advertising_agency]",0.77,6,overture-maps,2026-08-19.0
353399d3-ee4f-409a-b3fb-2d92839e62da,Aceway Software,https://aceway.net/,(07) 3881 2228,,36 Outlook Pde,Bray Park,4500,QLD,AU,it_service_and_computer_repair,"[services_and_business, technical_service, it_service_and_computer_repair]",0.77,6,overture-maps,2026-08-19.0
55299ee2-8008-4a47-9283-d56fb17379ec,Achtung Design,https://achtungdesign.com.au/,(07) 5537 9730,sales@achtungdesign.com.au,227A Brisbane Rd #3,Biggera Waters,4215,QLD,AU,advertising_agency,"[services_and_business, professional_service, advertising_agency]",0.77,6,overture-maps,2026-08-19.0
bafa0ee2-6a85-42ca-ab45-3c709b284593,ADLSoftware,https://adlsoftware.com/,(07) 3367 1982,,104 Newmarket Rd #3,Windsor,4030,QLD,AU,computer_wholesaler,"[services_and_business, b2b_service, wholesaler, computer_wholesaler]",0.77,6,overture-maps,2026-08-19.0
ff9d44dd-dbaf-4b12-b60b-2c5c256a7362,ADPR Media,https://madprmedia.com/,0439 582 415,,122 Howlett St,Currajong,4812,QLD,AU,advertising_agency,"[services_and_business, professional_service, advertising_agency]",0.77,6,overture-maps,2026-08-19.0
30e51563-2b83-464c-b92f-37ebdeb26fa1,Agent Digital Australia,https://agentdigital.com.au/,(07) 3186 6007,,19 Fern St Suite 1,Surfers Paradise,4217,QLD,AU,advertising_agency,"[services_and_business, professional_service, advertising_agency]",0.77,6,overture-maps,2026-08-19.0
4b12d372-c3a7-4160-ae34-97cbf79d6846,Alkira Software,https://alkirasoftware.com/,(07) 5351 1271,,1838-1842 David Low Way #216,Peregian Springs,4573,QLD,AU,computer_wholesaler,"[services_and_business, b2b_service, wholesaler, computer_wholesaler]",0.77,6,overture-maps,2026-08-19.0
bd6ac5b1-59ab-4006-9b1a-49a55d4f6857,Altor Software,https://altor.com.au/,(07) 5547 8533,,69 Arbee Rd,Stockleigh,4280,QLD,AU,it_service_and_computer_repair,"[services_and_business, technical_service, it_service_and_computer_repair]",0.77,6,overture-maps,2026-08-19.0
66aeb126-c497-4b78-aff8-b0eec92d6b5a,Around Cairns Online,https://aroundcairns.com.au/,0414 308 579,,239 Lake St,Cairns,4870,QLD,AU,advertising_agency,"[services_and_business, professional_service, advertising_agency]",0.77,6,overture-maps,2026-08-19.0
ad709283-405b-4cab-a746-3e27b016abf5,Arrow Accounting Software,https://arrowaccountingsoftware.com/,(07) 3135 9995,,275 Stafford Rd #3,Stafford,4053,QLD,AU,it_service_and_computer_repair,"[services_and_business, technical_service, it_service_and_computer_repair]",0.77,6,overture-maps,2026-08-19.0
b78e5ca2-fb0c-42ee-afb2-d361a06fa955,Arttism Print & Design,https://arttism.com/,(07) 5491 7961,,13 Arthur St Unit 6,Battery Hill,4551,QLD,AU,advertising_agency,"[services_and_business, professional_service, advertising_agency]",0.77,6,overture-maps,2026-08-19.0
01b7cd9e-63c2-4353-9fed-1fefa9e4b5af,assetTRAC - Asset monitoring and tracking software,https://assettrac.com.au/,(07) 5443 6247,,63 Primary School Ct,Maroochydore,4558,QLD,AU,computer_wholesaler,"[services_and_business, b2b_service, wholesaler, computer_wholesaler]",0.77,6,overture-maps,2026-08-19.0
11764e86-fa96-4f5c-9668-6f8d8d9c29b0,Avani Creative,https://avani.com.au/,0421 998 722,,1 Domain Rd,Currumbin,4223,QLD,AU,advertising_agency,"[services_and_business, professional_service, advertising_agency]",0.77,6,overture-maps,2026-08-19.0
8cd30148-b08f-4c99-9ada-b2b476005f9c,Barefoottech,https://barefoottech.net/,(07) 4612 3857,,28 Fisher St,Clifton,4184,QLD,AU,advertising_agency,"[services_and_business, professional_service, advertising_agency]",0.77,6,overture-maps,2026-08-19.0
c2fbb60e-9e41-48e9-b6ba-4847ff091d4f,BeWrite Professional Writing & Marketing Services,https://bewrite.com.au/,1300 032 383,,Harriet St,West End,4101,QLD,AU,advertising_agency,"[services_and_business, professional_service, advertising_agency]",0.77,6,overture-maps,2026-08-19.0
1502611a-de8e-40dc-ad3b-700d3a3c0834,Bigfoot Sign Studio,https://bigfootsigns.com.au/,(07) 3890 0699,mail@bigfootsigns.com.au,14 Palmer Pl #3,Murarrie,4172,QLD,AU,advertising_agency,"[services_and_business, professional_service, advertising_agency]",0.77,6,overture-maps,2026-08-19.0
37df234f-4e26-4818-b09d-26e6cff0cddb,Black Book Marketing & PR,https://blackbook.net.au/,(07) 5534 3741,,25A Teemangum St,Currumbin,4223,QLD,AU,advertising_agency,"[services_and_business, professional_service, advertising_agency]",0.77,6,overture-maps,2026-08-19.0
9133271c-221f-44c7-a38e-e2ba0db1ab4b,BlueCrystal Creative,https://bluecrystalcreative.com/,0418 752 103,,44 Station Rd,Bethania,4205,QLD,AU,advertising_agency,"[services_and_business, professional_service, advertising_agency]",0.77,6,overture-maps,2026-08-19.0
41a14a07-eb9b-4672-b16e-3ba2fbc7aebf,Brack Software Solutions,https://brack.net.au/,0418 764 562,,29 Ladybird St,Kallangur,4503,QLD,AU,information_technology_company,"[services_and_business, corporate_or_business_office, information_technology_company]",0.77,6,overture-maps,2026-08-19.0
e177532e-7ca1-4879-98b7-63f9c7bc9695,Brisbane Advertising Agency - Ka Ching,https://internetmarketingbrisbane.com/,(07) 3166 9622,,888 Brunswick St Level 1,New Farm,4005,QLD,AU,advertising_agency,"[services_and_business, professional_service, advertising_agency]",0.77,6,overture-maps,2026-08-19.0
489aaea1-dcfb-4a27-925c-aa5e2ab5949e,Cairns Highlands Marketing & Festivals,https://cairnshighlands.com.au/,(07) 3056 2168,,63 Terebra St,Palm Cove,4879,QLD,AU,advertising_agency,"[services_and_business, professional_service, advertising_agency]",0.77,6,overture-maps,2026-08-19.0
97ae0e46-9ba1-41d2-a316-81d0e23dec12,Calibre Print & Marketing,https://calibreprintandmarketing.com.au/,0410 144 810,,22 Daphne Ct,Elanora,4221,QLD,AU,advertising_agency,"[services_and_business, professional_service, advertising_agency]",0.77,6,overture-maps,2026-08-19.0
6820aca8-b666-4136-8854-281e634095a8,Centium Software,https://centiumsoftware.com/,1300 236 848,,60 Brandl Street,Eight Mile Plains,4113,QLD,AU,information_technology_company,"[services_and_business, corporate_or_business_office, information_technology_company]",0.77,6,overture-maps,2026-08-19.0
8a917275-603e-4b6b-975a-b6878ddc6257,Classic Shakespeare Design,https://shakespearedesign.com.au/,0411 671 557,,45 Cronin Ave,Main Beach,4217,QLD,AU,advertising_agency,"[services_and_business, professional_service, advertising_agency]",0.77,6,overture-maps,2026-08-19.0
367012c6-1dbf-4eb5-aa85-7fed3860e343,Complete Web Qld,https://completewebqld.com.au/,(07) 4015 2515,,161 Aumuller St #1,Bungalow,4870,QLD,AU,advertising_agency,"[services_and_business, professional_service, advertising_agency]",0.77,6,overture-maps,2026-08-19.0
ff9cbea8-32e0-4b89-8343-e8e08215dbbf,Coyote Software,https://coyotesoftware.com.au/,(07) 3387 8735,,9 Murrajong Rd Level 1,Slacks Creek,4127,QLD,AU,it_service_and_computer_repair,"[services_and_business, technical_service, it_service_and_computer_repair]",0.77,6,overture-maps,2026-08-19.0
ed9099e8-0d7c-45e1-94e4-e0fc62a936d2,Crave Media,https://cravemedia.com.au/,(07) 5413 9292,,2 Innovation Pky,Birtinya,4575,QLD,AU,advertising_agency,"[services_and_business, professional_service, advertising_agency]",0.77,6,overture-maps,2026-08-19.0
c2e47017-85e5-45f3-a5dd-05725352f5ae,Creative Activation,https://creativeactivation.com.au/,1300 027 328,,2404 Logan Rd,Eight Mile Plains,4113,QLD,AU,advertising_agency,"[services_and_business, professional_service, advertising_agency]",0.77,6,overture-maps,2026-08-19.0
801bbe1b-734b-4d3b-9477-7761addb67f9,Creative Ink Advertising,https://creativeink.com.au/,(07) 5568 7144,,40 Lemana Ln,Burleigh Heads,4220,QLD,AU,advertising_agency,"[services_and_business, professional_service, advertising_agency]",0.77,6,overture-maps,2026-08-19.0
1c0f413e-67cc-44f3-86c8-b4da175e902b,Croll Digital,https://crolldigital.com.au/,1300 695 289,,70 Cirrus Way,Coomera,4209,QLD,AU,advertising_agency,"[services_and_business, professional_service, advertising_agency]",0.77,6,overture-maps,2026-08-19.0
9ca41a9a-b790-4e2f-83b1-0ce5e589f716,Devine Media Solutions,https://devinemedia.com.au/,(07) 3264 2120,,20 Cowrie Pde,Albany Creek,4035,QLD,AU,advertising_agency,"[services_and_business, professional_service, advertising_agency]",0.77,6,overture-maps,2026-08-19.0
322a7b00-6a78-4e0e-a678-56327d9ff9a2,Digital Advertising Gold Coast,https://internetmarketingexpertsgoldcoast.com.au/,1300 595 013,,2 Corporate Ct Level 15,Bundall,4217,QLD,AU,advertising_agency,"[services_and_business, professional_service, advertising_agency]",0.77,6,overture-maps,2026-08-19.0
3992bebb-1f9f-4f3d-8b09-698d780beed5,Digital Central Australia,https://digitalcentral.com.au/,1300 307 551,,22 Varley St #1,Yeerongpilly,4105,QLD,AU,advertising_agency,"[services_and_business, professional_service, advertising_agency]",0.77,6,overture-maps,2026-08-19.0
c141dd61-6c00-4348-ad1a-5eba3e9e0b5c,Digital Lollipop,https://digitallollipop.com.au/,(07) 5520 3380,,23 Township Dr Unit 6A,Burleigh Heads,4220,QLD,AU,advertising_agency,"[services_and_business, professional_service, advertising_agency]",0.77,6,overture-maps,2026-08-19.0
163f73fa-860c-4535-a7de-4d738e960ee0,"Digital Residence - Home Automation, Cinema, Theatre, Projectors Brisbane",https://digitalresidence.com.au/,1300 737 497,,505 Sandgate Rd Unit 2,Clayfield,4011,QLD,AU,advertising_agency,"[services_and_business, professional_service, advertising_agency]",0.77,6,overture-maps,2026-08-19.0
544e3da2-2e8c-4afc-a41f-a919f5346f93,Felicity Jane Digital,https://felicityjane.com.au/,0427 046 918,,11 Crayfish Street,Mountain Creek,4557,QLD,AU,advertising_agency,"[services_and_business, professional_service, advertising_agency]",0.77,6,overture-maps,2026-08-19.0
d7a1ab1f-9488-46f3-924c-aea52fe9fbad,Fire Advertising & Design,https://firead.com.au/,(07) 3899 5213,,17 Cecile St,Balmoral,4171,QLD,AU,advertising_agency,"[services_and_business, professional_service, advertising_agency]",0.77,6,overture-maps,2026-08-19.0
56719846-6061-4995-be7d-2daac5cd5e1a,Fireworks Websites,https://fireworkswebsites.com.au/,(07) 3481 8800,,36 Leonard Crescent,Brendale,4500,QLD,AU,information_technology_company,"[services_and_business, corporate_or_business_office, information_technology_company]",0.77,6,overture-maps,2026-08-19.0
573e055f-66e2-4f19-85d7-c8479d35d305,Flagship Digital,https://flagship.agency/,(07) 2113 4347,,99 W Burleigh Rd,Burleigh Heads,4220,QLD,AU,advertising_agency,"[services_and_business, professional_service, advertising_agency]",0.77,6,overture-maps,2026-08-19.0
fa9c318a-b151-424a-a571-127a49bba46e,Focused Marketing,https://focusedmarketingsolutions.com.au/,(07) 3844 9664,,190 Melbourne St Level 1,South Brisbane,4101,QLD,AU,advertising_agency,"[services_and_business, professional_service, advertising_agency]",0.77,6,overture-maps,2026-08-19.0
e4d15f7e-c1d6-4c64-a79b-04bf8950123e,Fresh New Media,https://freshnewmedia.com.au/,(07) 4771 2599,,60 Ingham Rd,Townsville,4810,QLD,AU,advertising_agency,"[services_and_business, professional_service, advertising_agency]",0.77,6,overture-maps,2026-08-19.0
e50c73a1-b38e-40c7-bbde-8f2ecde72e75,Frontier Software,https://frontiersoftware.com/,(07) 3839 2988,,259 Queen St Level 11,Brisbane,4000,QLD,AU,it_service_and_computer_repair,"[services_and_business, technical_service, it_service_and_computer_repair]",0.77,6,overture-maps,2026-08-19.0
2ec46bdd-b321-4152-84fa-be5f892c7232,Garnish Marketing,https://garnish.com.au/,(07) 3482 4286,,4 Sefton Ct,North Lakes,4509,QLD,AU,advertising_agency,"[services_and_business, professional_service, advertising_agency]",0.77,6,overture-maps,2026-08-19.0
f6b920d5-f4bf-43c9-b031-85fc29eae3d0,GMG Software,https://gmgsoftware.com.au/,(07) 5534 9099,,458 Tallebudgera Creek Rd,Tallebudgera,4228,QLD,AU,computer_wholesaler,"[services_and_business, b2b_service, wholesaler, computer_wholesaler]",0.77,6,overture-maps,2026-08-19.0
f0ffcbf8-9cd9-4fd0-8e97-d4cb206284f5,GP Software,https://gpsoft.com.au/,(07) 3366 1402,,21 Aloomba Rd,Ashgrove,4060,QLD,AU,it_service_and_computer_repair,"[services_and_business, technical_service, it_service_and_computer_repair]",0.77,6,overture-maps,2026-08-19.0
421c75bf-d158-4709-89cb-c0c3017edef5,GrowOnline,https://growonline.biz/,(07) 5477 7284,,18 University Way,Sippy Downs,4556,QLD,AU,advertising_agency,"[services_and_business, professional_service, advertising_agency]",0.77,6,overture-maps,2026-08-19.0
c04d391b-5ec8-4e41-b76b-cad709b75cec,Hanson Media Group,https://hansonmediagroup.com.au/,(07) 5522 5556,,5 Tyalla Ct,Tallebudgera,4228,QLD,AU,advertising_agency,"[services_and_business, professional_service, advertising_agency]",0.77,6,overture-maps,2026-08-19.0
f8620fef-e5b2-4201-9e9a-e7d28b33b711,Highgate Software,https://lennos.com/,(07) 3371 0922,,"52 High St Suite 5, Level 2",Toowong,4066,QLD,AU,it_service_and_computer_repair,"[services_and_business, technical_service, it_service_and_computer_repair]",0.77,6,overture-maps,2026-08-19.0
c166acab-4dc9-44ad-b996-bdcbeb95a0e5,Highspeed Business Marketing,https://robrawlings.com/,(07) 4148 7992,,103 Moes Rd,Urraween,4655,QLD,AU,advertising_agency,"[services_and_business, professional_service, advertising_agency]",0.77,6,overture-maps,2026-08-19.0
c9491285-8c5c-4ae0-995c-17a765a8b4a3,Human Creative,https://humancreative.org.au/,(07) 3012 8531,,"141 Queen St Suite 3, Level 8",Brisbane,4001,QLD,AU,advertising_agency,"[services_and_business, professional_service, advertising_agency]",0.77,6,overture-maps,2026-08-19.0
6db74f75-b8e4-4e89-80db-aceed1d93926,I need website,https://ineedwebsite.com.au/,0468 405 352,,90 Sippy Downs Drive,Sippy Downs,4556,QLD,AU,product_design,"[services_and_business, design_service, product_design]",0.77,6,overture-maps,2026-08-19.0
9cba80e6-12db-41d4-be38-d44f54732fb1,Ignite PR & Marketing,https://ignitepr.com.au/,(07) 3368 1650,,1990 Logan Rd Unit 3a,Mount Gravatt,4122,QLD,AU,advertising_agency,"[services_and_business, professional_service, advertising_agency]",0.77,6,overture-maps,2026-08-19.0
bb352b06-25ea-4afd-a298-a95388c78789,Imagine Media,https://imaginemedia.com.au/,(07) 4639 1607,,9 Cottesloe St,Toowoomba,4350,QLD,AU,advertising_agency,"[services_and_business, professional_service, advertising_agency]",0.77,6,overture-maps,2026-08-19.0
d53968c4-feb4-4bea-ab1b-6f47f04ae4f0,ImproveNet Marketing,https://improvenet.biz/,(07) 5476 7722,,7 Ocean St,Buderim,4556,QLD,AU,advertising_agency,"[services_and_business, professional_service, advertising_agency]",0.77,6,overture-maps,2026-08-19.0
0c4b5ded-071b-40df-9a0f-8c7abb878fdb,Infinity Web Development Brisbane,https://infinityweb.com.au/,(07) 3040 9179,,"Level 1, 16 McDougall Street, Milton",Milton,4064,QLD,AU,it_service_and_computer_repair,"[services_and_business, technical_service, it_service_and_computer_repair]",0.77,6,overture-maps,2026-08-19.0
30e03623-318e-4403-a859-b13ee9178a5c,Ipermedia,https://ipermedia.com.au/,(07) 3821 7377,,120 Bloomfield St Suite 29,Cleveland,4163,QLD,AU,advertising_agency,"[services_and_business, professional_service, advertising_agency]",0.77,6,overture-maps,2026-08-19.0
31f8e978-811f-4bf2-a54a-bc35c0c1697e,IT Media Solutions,https://itmediasolutions.com.au/,1300 892 594,,91 Commercial Rd,Newstead,4005,QLD,AU,advertising_agency,"[services_and_business, professional_service, advertising_agency]",0.77,6,overture-maps,2026-08-19.0
33509bf9-c962-449f-9210-44e81ae64ed5,Jigsaw Internet Solutions,https://jbs.com.au/,(07) 3806 6866,,Mount Lindesay Hwy #3,Forestdale,4118,QLD,AU,advertising_agency,"[services_and_business, professional_service, advertising_agency]",0.77,6,overture-maps,2026-08-19.0
1b13fa05-b761-4dc4-9a5a-58b4f068a36a,Kare Portal Software,https://kareportal.com/,(07) 4059 0077,,111-117 Williams Esplanade #21,Palm Cove,4879,QLD,AU,computer_wholesaler,"[services_and_business, b2b_service, wholesaler, computer_wholesaler]",0.77,6,overture-maps,2026-08-19.0
17eec72e-7b88-4a34-ae11-3681b258dce8,Kick Media,https://kickmedia.com.au/,(07) 3180 2383,,72A Wickham St #2,Fortitude Valley,4006,QLD,AU,advertising_agency,"[services_and_business, professional_service, advertising_agency]",0.77,6,overture-maps,2026-08-19.0
985c1577-10fa-4212-99a6-5e8cbd5c5dd0,KnightRiley Strategic Marketing,https://knightriley.com.au/,(07) 3106 4754,,433 Logan Rd,Stones Corner,4120,QLD,AU,advertising_agency,"[services_and_business, professional_service, advertising_agency]",0.77,6,overture-maps,2026-08-19.0
a0d30435-ba8f-4c21-8b39-533edf663f14,Laundry Software Solutions,https://laundrysoftwaresolutions.com.au/,(07) 4194 5666,,87 Beach Rd,Pialba,4655,QLD,AU,computer_wholesaler,"[services_and_business, b2b_service, wholesaler, computer_wholesaler]",0.77,6,overture-maps,2026-08-19.0
02833124-1500-4b3a-914d-dbd52fc5f6b6,Lava Lab Software,https://lavalab.com.au/,(07) 5679 1297,,34 Commercial Dr #1,Arundel,4214,QLD,AU,computer_wholesaler,"[services_and_business, b2b_service, wholesaler, computer_wholesaler]",0.77,6,overture-maps,2026-08-19.0
83770605-7675-4ff0-bb3b-18a6280fdb04,LeadKing Digital,https://leadkingdigital.com.au/,1300 060 695,hello@leadkingdigital.com.au,451 Esplanade,Manly,4179,QLD,AU,advertising_agency,"[services_and_business, professional_service, advertising_agency]",0.77,6,overture-maps,2026-08-19.0
96c42d56-5519-48c5-b3f1-b6d7ddb1ee05,Linx Software,https://linxcrm.com/,(07) 4945 2732,,54 Baden Powell St,Maroochydore,4558,QLD,AU,computer_wholesaler,"[services_and_business, b2b_service, wholesaler, computer_wholesaler]",0.77,6,overture-maps,2026-08-19.0
3c96d957-84af-4b61-838d-f2f245067332,LookAtMeMarketing,https://lookatmemarketing.com/,0468 425 755,,39 Curve Ave,Wynnum,4178,QLD,AU,advertising_agency,"[services_and_business, professional_service, advertising_agency]",0.77,6,overture-maps,2026-08-19.0
9a73fdcc-5b12-4764-a499-ecce0a7c3e4e,Louise Carroll Marketing,https://spenceconsulting.com.au/,(07) 5528 0000,,"Southport Central, Scarborough St Suite 1702",Southport,4215,QLD,AU,advertising_agency,"[services_and_business, professional_service, advertising_agency]",0.77,6,overture-maps,2026-08-19.0
baf404ef-e0b1-43ac-97e0-063156799b37,Mango Solutions Telemarketing,https://yalwa.com.au/,(07) 5553 4178,enquiries@mangosolutions.org,21 Orchid Ave Suite 1 Level 1,Surfers Paradise,4217,QLD,AU,advertising_agency,"[services_and_business, professional_service, advertising_agency]",0.77,6,overture-maps,2026-08-19.0
b895abd2-d2bb-44f3-bc92-f18ed5775b6f,Marketing Match,https://marketingmatch.com.au/,0406 763 907,,164 Brisbane St Level 1,Ipswich,4305,QLD,AU,advertising_agency,"[services_and_business, professional_service, advertising_agency]",0.77,6,overture-maps,2026-08-19.0
2013a5f3-169a-4a3e-91c3-052b125e8b17,Marketing Results,https://marketingresults.com.au/,1300 799 737,,22 Brookes St,Newstead,4006,QLD,AU,advertising_agency,"[services_and_business, professional_service, advertising_agency]",0.77,6,overture-maps,2026-08-19.0
1667d750-fd84-4a47-8963-b9f0765f0426,Mathers Media,https://mathersmedia.com/,0420 457 480,,59 Delsie St,Morningside,4170,QLD,AU,advertising_agency,"[services_and_business, professional_service, advertising_agency]",0.77,6,overture-maps,2026-08-19.0
8ba475d7-79e7-4e97-8c24-c98d2a603f99,Matte Black Brand Agency,https://matteblack.me/,(07) 3041 4045,,194 Varsity Pde,Varsity Lakes,4227,QLD,AU,advertising_agency,"[services_and_business, professional_service, advertising_agency]",0.77,6,overture-maps,2026-08-19.0
565cd85b-61d1-48c2-bf4d-fb7d27aebfea,Media Evolution,https://media-evolution.com.au/,1300 997 276,spencer@media-evolution.com.au,"3/37 Connor Street,",Burleigh Heads,4220,QLD,AU,advertising_agency,"[services_and_business, professional_service, advertising_agency]",0.77,6,overture-maps,2026-08-19.0
56d96128-ce3e-4d14-b400-9b7909135ad7,Media Group,https://mediagroup.com.au/,(07) 5551 0288,,8 Spencer Rd #2,Nerang,4211,QLD,AU,advertising_agency,"[services_and_business, professional_service, advertising_agency]",0.77,6,overture-maps,2026-08-19.0
0db3b923-e6e3-4a01-97d3-68615b648d8e,Modern Marketing,https://modern-marketing.com.au/,0415 529 558,,6 Tedder Ave,Main Beach,4217,QLD,AU,advertising_agency,"[services_and_business, professional_service, advertising_agency]",0.77,6,overture-maps,2026-08-19.0
85a7fdf2-5bc7-4b00-886e-9e796611a658,Muscle Media,https://musclebc.com/,1300 811 469,,757 Ann St,Fortitude Valley,4006,QLD,AU,advertising_agency,"[services_and_business, professional_service, advertising_agency]",0.77,6,overture-maps,2026-08-19.0
ab038d10-2561-40f6-8659-868acf9d9367,Muse Interactive,https://muse.com.au/,0419 668 810,,85 Lewis St,Woolloongabba,4102,QLD,AU,advertising_agency,"[services_and_business, professional_service, advertising_agency]",0.77,6,overture-maps,2026-08-19.0
1746ece8-20f7-4524-ba47-9c86b6f5ddf3,Newpath Web,https://newpathweb.com.au/,1300 761 806,,307 Queens St Level 9,Brisbane,4000,QLD,AU,advertising_agency,"[services_and_business, professional_service, advertising_agency]",0.77,6,overture-maps,2026-08-19.0
99b22b1f-2f57-4fe0-97e9-ed83b3be73b1,Oblong Software Products,https://oblong.com.au/,(07) 3851 3839,,15 Jane St,Arana Hills,4054,QLD,AU,it_service_and_computer_repair,"[services_and_business, technical_service, it_service_and_computer_repair]",0.77,6,overture-maps,2026-08-19.0
a60aae75-53de-496f-91dc-bdabe64b064b,Philip Morgan Creative,https://photoshoplink.com/,(07) 5447 3944,,12 Belfa Pl,Noosa Heads,4567,QLD,AU,advertising_agency,"[services_and_business, professional_service, advertising_agency]",0.77,6,overture-maps,2026-08-19.0
b4b67a1f-8ed3-4cb2-8419-fc3738e812c9,Pinnacle Software,https://pinnacle.com.au/,0402 640 920,,"P O Box 286,Salisbury,QLD 4107,Australia",Brisbane,4107,QLD,AU,information_technology_company,"[services_and_business, corporate_or_business_office, information_technology_company]",0.77,6,overture-maps,2026-08-19.0
3e94bafb-d3e0-4007-a166-3cd58e8a2a2d,Pixel-it Web Solutions,https://pixel-it.com.au/,0432 630 844,,109 Little Nerang Rd,Mudgeeraba,4213,QLD,AU,advertising_agency,"[services_and_business, professional_service, advertising_agency]",0.77,6,overture-maps,2026-08-19.0
170f7621-ccbf-4e70-8f90-b5d866537cb4,Puzzle Media,https://puzzlemedia.com.au/,1300 367 334,,194 Varsity Pde Level 2,Varsity Lakes,4227,QLD,AU,advertising_agency,"[services_and_business, professional_service, advertising_agency]",0.77,6,overture-maps,2026-08-19.0
a59901df-d113-4673-884f-373622531bf1,QTCo Creative Branded Products,https://qtco.com.au/,(07) 3861 7888,,30 Eagleview Pl,Eagle Farm,4009,QLD,AU,advertising_agency,"[services_and_business, professional_service, advertising_agency]",0.77,6,overture-maps,2026-08-19.0
ae7efde5-e93c-478a-aab3-23e6db3daf78,Queensland Interactive,https://queenslandinteractive.com.au/,0431 109 930,,4 Camellia Gr,Nerang,4211,QLD,AU,advertising_agency,"[services_and_business, professional_service, advertising_agency]",0.77,6,overture-maps,2026-08-19.0
7971a66b-2ed7-42a6-b5e6-7aec08bd71d6,Radix Software,https://radix.com.au/,(07) 3369 7880,,12 Railway Tce Level 1,Milton,4064,QLD,AU,it_service_and_computer_repair,"[services_and_business, technical_service, it_service_and_computer_repair]",0.77,6,overture-maps,2026-08-19.0
04d2904c-c048-4857-bc8c-b6632ad5647f,RAW Marketing,https://raw-marketing.com.au/,1300 866 935,,22 Arthur St Shop 2,Fortitude Valley,4006,QLD,AU,advertising_agency,"[services_and_business, professional_service, advertising_agency]",0.77,6,overture-maps,2026-08-19.0
abfd4d6e-c31a-4e85-8d79-53710dba15fc,Regal Signs and Designs,https://regalsigns.com.au/,(07) 3865 5577,sales@regalsigns.com.au,114 Delta St,Geebung,4034,QLD,AU,advertising_agency,"[services_and_business, professional_service, advertising_agency]",0.77,6,overture-maps,2026-08-19.0
bc21f12f-f3fe-45c4-9581-16521af3809d,Reputation Marketing Specialist,https://reputationmarketingspecialist.com.au/,0419 418 951,jeff@reputationmarketingspecialist.com.au,1 Success Cres #1,Ormeau,4208,QLD,AU,advertising_agency,"[services_and_business, professional_service, advertising_agency]",0.77,6,overture-maps,2026-08-19.0
a1ecf9e7-3d1b-484f-87e4-adc3fc0c47fc,Resolve Agency,https://resolveagency.com.au/,1300 796 122,,3/50 Cavill Ave,Surfers Paradise,4217,QLD,AU,advertising_agency,"[services_and_business, professional_service, advertising_agency]",0.77,6,overture-maps,2026-08-19.0
8fef8428-bb48-46d1-86a1-570fa5c7d633,Resort Software,https://resortsoftware.com/,(07) 3300 0059,,1 Cambridge Cl,The Gap,4061,QLD,AU,it_service_and_computer_repair,"[services_and_business, technical_service, it_service_and_computer_repair]",0.77,6,overture-maps,2026-08-19.0
003938f1-272f-4f94-8cae-f57f6228d231,Revolution Creative Group,https://revolutioncreative.com.au/,1300 787 572,,"5 Lawson St Suite 2405, Level 4",Southport,4215,QLD,AU,advertising_agency,"[services_and_business, professional_service, advertising_agency]",0.77,6,overture-maps,2026-08-19.0
45ea06e1-b26f-4e17-b70f-ed86eb7834c6,Seleqtive Digital,https://seleqtive.com.au/,(07) 3040 6000,,241 Adelaide St,Brisbane,4000,QLD,AU,advertising_agency,"[services_and_business, professional_service, advertising_agency]",0.77,6,overture-maps,2026-08-19.0
251fb0dd-59b3-485b-8a38-2788e33c5ab3,Shortcuts Software,https://shortcuts.com.au/,(07) 3834 3232,,166 Knapp St.,Fortitude Valley,4006,QLD,AU,information_technology_company,"[services_and_business, corporate_or_business_office, information_technology_company]",0.77,6,overture-maps,2026-08-19.0
eb9164ca-dc0d-4a25-ac9a-3ef798831659,Small Biz Marketing Heroes,https://dentist.smallbizmarketingheroes.com/,(07) 3726 5499,,17 Gordon Cct,Warner,4500,QLD,AU,advertising_agency,"[services_and_business, professional_service, advertising_agency]",0.77,6,overture-maps,2026-08-19.0
d8895020-e039-462b-90bc-18766dc01f51,Social Media Business Boosters | International Franchise,https://socialmediabusinessboosters.com/,(07) 5577 8166,,3/54,Helensvale,4212,QLD,AU,advertising_agency,"[services_and_business, professional_service, advertising_agency]",0.77,6,overture-maps,2026-08-19.0
d836dc83-7731-4411-9d61-66291fcd8c53,Social Media Outsourcing,https://socialmediaoutsourcing.com.au/,0438 552 210,,43 Reef St #1,Port Douglas,4877,QLD,AU,advertising_agency,"[services_and_business, professional_service, advertising_agency]",0.77,6,overture-maps,2026-08-19.0
5e21b3e0-0324-4ef3-857b-c327165f7eff,Software Development,https://softwaredevelopment.com.au/,(07) 3882 3113,,2 Jaguar Ct,Joyner,4500,QLD,AU,it_service_and_computer_repair,"[services_and_business, technical_service, it_service_and_computer_repair]",0.77,6,overture-maps,2026-08-19.0
d365e227-1600-42c5-8be3-5d901fb81b56,Software Plus,https://realtimeinternational.com.au/,(07) 4031 2744,,61 McLeod St Suite 10,Cairns,4870,QLD,AU,it_service_and_computer_repair,"[services_and_business, technical_service, it_service_and_computer_repair]",0.77,6,overture-maps,2026-08-19.0
db9e50d8-6ff4-4892-a943-bf8da080c112,Software Projects,https://sp.com.au/,(07) 3223 5350,,87 Wickham Ter Level 8,Spring Hill,4000,QLD,AU,computer_wholesaler,"[services_and_business, b2b_service, wholesaler, computer_wholesaler]",0.77,6,overture-maps,2026-08-19.0
46682fd0-6462-4b56-87af-ea5b41965be5,Solution Based Marketing,https://solutionbasedmarketing.com.au/,0478 413 627,,182 Spence St #8,Cairns,4870,QLD,AU,advertising_agency,"[services_and_business, professional_service, advertising_agency]",0.77,6,overture-maps,2026-08-19.0
33176c53-7421-4c4f-92e8-f38fc2ca1e3b,Super Power Digital,https://dev.superpowerdigital.com.au/,(07) 3036 2011,,33 Vulture St #9,Brisbane,4101,QLD,AU,advertising_agency,"[services_and_business, professional_service, advertising_agency]",0.77,6,overture-maps,2026-08-19.0
53ccc554-ee8d-468d-8067-1858ba534532,Swiss Creative News,https://swisscreative.com.au/,(07) 5444 1222,,47 Brisbane Rd,Mooloolaba,4557,QLD,AU,advertising_agency,"[services_and_business, professional_service, advertising_agency]",0.77,6,overture-maps,2026-08-19.0
a33938e3-6b2a-494b-b149-9a7185a2df3c,Symbiotic Software,https://binwatch.com.au/,0422 885 495,,66 Plumbs Rd,Shailer Park,4128,QLD,AU,information_technology_company,"[services_and_business, corporate_or_business_office, information_technology_company]",0.77,6,overture-maps,2026-08-19.0
9978c673-f304-4966-aae7-8c420eb33d9e,Tender Software,https://tendersoftware.com.au/,0427 651 618,,4 Executive Dr,Burleigh Heads,4220,QLD,AU,computer_wholesaler,"[services_and_business, b2b_service, wholesaler, computer_wholesaler]",0.77,6,overture-maps,2026-08-19.0
0586041a-8ea8-4faa-abab-60dbf3b2050e,The Creative Dept,https://creativedept.com.au/,0423 714 719,info@creativedept.com.au,1410 Gold Coast Hwy #1410,Palm Beach,4221,QLD,AU,advertising_agency,"[services_and_business, professional_service, advertising_agency]",0.77,6,overture-maps,2026-08-19.0
d02d7d80-3a9f-419b-a601-f30f952d3b9c,TRIO Marketing,https://triomarketing.com.au/,0414 268 485,,5 Wagana St,Kenmore,4069,QLD,AU,advertising_agency,"[services_and_business, professional_service, advertising_agency]",0.77,6,overture-maps,2026-08-19.0
6ebc1561-6eae-4c18-957a-d242090335f6,Tusk Agency,https://tuskagency.com/,(07) 5657 0609,,195 Varsity Pde,Varsity Lakes,4227,QLD,AU,advertising_agency,"[services_and_business, professional_service, advertising_agency]",0.77,6,overture-maps,2026-08-19.0
e5971426-d46a-49ae-8a88-d0ef83d70cbd,Ubique Digital Solutions,https://ubiquedigitalsolutions.com/,0409 597 262,info@ubiquedigitalsolutions.com,24 Plateau Cres,Carrara,4211,QLD,AU,advertising_agency,"[services_and_business, professional_service, advertising_agency]",0.77,6,overture-maps,2026-08-19.0
91792041-b6f9-4aa7-bc23-cc5f767e9c61,Use your Imagination Designs,https://uyidesigns.com.au/,0449 733 008,,21 Ridgecrest Dr,Logan City,4280,QLD,AU,advertising_agency,"[services_and_business, professional_service, advertising_agency]",0.77,6,overture-maps,2026-08-19.0
da01fbd4-b30c-45ac-b038-34885d016aa1,Viseo,https://viseo.com.au/,1300 724 368,,73 Pullen Rd,Everton Park,4053,QLD,AU,computer_wholesaler,"[services_and_business, b2b_service, wholesaler, computer_wholesaler]",0.77,6,overture-maps,2026-08-19.0
659b1e2f-d916-4f3c-92cb-efe1eee2b231,Webrand,https://weseo.com.au/,1300 785 060,brisbane@weseo.com.au,18 Bansield St Level 3,Chermside,4032,QLD,AU,advertising_agency,"[services_and_business, professional_service, advertising_agency]",0.77,6,overture-maps,2026-08-19.0
3fe352a6-d20b-437b-933d-6fd39706b46a,Websites on Wheels,https://websitesonwheels.com.au/,0412 123 627,,20 Stafford Ave,Main Beach,4217,QLD,AU,product_design,"[services_and_business, design_service, product_design]",0.77,6,overture-maps,2026-08-19.0
00b60621-9730-4356-97a3-51a11fbac0aa,Webstrategies Pty Ltd,https://websitestrategies.com.au/,(07) 5478 2586,,14 Ekala St,Mountain Creek,4557,QLD,AU,advertising_agency,"[services_and_business, professional_service, advertising_agency]",0.77,6,overture-maps,2026-08-19.0
f99ac2e1-5a29-4137-b627-a4448a4ca909,Winning Media,https://winningmedia.com.au/,(07) 3216 0220,,273 Water St,Fortitude Valley,4006,QLD,AU,advertising_agency,"[services_and_business, professional_service, advertising_agency]",0.77,6,overture-maps,2026-08-19.0
78df1f76-9cb3-4fff-8ccd-7931dff682b6,WorkDESK Software,https://workdesk.com.au/,1300 553 559,,2404 Logan Rd,Eight Mile Plains,4113,QLD,AU,information_technology_company,"[services_and_business, corporate_or_business_office, information_technology_company]",0.77,6,overture-maps,2026-08-19.0
d4d02783-4cf3-4f57-862c-acb2949798e9,Worldwide Online Printing,https://worldwide.com.au/,(07) 5528 3311,enquiries@worldwide.com.au,23 Nind St Suite 1A,Southport,4215,QLD,AU,advertising_agency,"[services_and_business, professional_service, advertising_agency]",0.77,6,overture-maps,2026-08-19.0
b66ad875-5dbd-4744-9ad4-75e139615227,Yah Marketing,https://yahmarketing.com.au/,(07) 3999 9744,,477 Boundary St,Brisbane,4000,QLD,AU,advertising_agency,"[services_and_business, professional_service, advertising_agency]",0.77,6,overture-maps,2026-08-19.0
c05417d4-4651-4bf5-ad8f-75b58c966251,Your Digital Solution,https://yourdigitalsolution.com.au/,1800 070 866,yds.strategy@gmail.com,3/28 Metroplex Ave,Murarrie,4172,QLD,AU,advertising_agency,"[services_and_business, professional_service, advertising_agency]",0.77,6,overture-maps,2026-08-19.0
adb5b3a1-87d5-4542-8d52-e165d993fef4,Your Marketing Matters,https://yourmarketingmatters.org/,(07) 3103 2320,,88 Eagle Tce,Brighton,4017,QLD,AU,advertising_agency,"[services_and_business, professional_service, advertising_agency]",0.77,6,overture-maps,2026-08-19.0
d87c0baf-fa8e-47ee-b62c-51b8fdb37be9,Kapow Interactive,https://kapowinteractive.com.au/,+61749467735,info@kapowinteractive.com.au,shop 9/1 Erromango Dr,Jubilee Pocket,4802,QLD,AU,marketing_agency,"[services_and_business, professional_service, marketing_agency]",0.7649528980255127,6,overture-maps,2026-08-19.0
6e027500-a866-493b-b68d-c0cf83c055a3,Roundhouse Creative,https://roundhouse.cc/,+611300727749,us@roundhouse.cc,52 Prospect St,Brisbane,4006,QLD,AU,advertising_agency,"[services_and_business, professional_service, advertising_agency]",0.7311488389968872,6,overture-maps,2026-08-19.0
00ad5881-b8e7-45c3-be8f-d3f362513975,Creative Pulse,https://creativepulse.com.au/,+61754794445,info@creativepulse.com.au,6 Aerodrome Rd,Sunshine Coast,4558,QLD,AU,advertising_agency,"[services_and_business, professional_service, advertising_agency]",0.7049903273582458,6,overture-maps,2026-08-19.0
3b119e70-1191-4c2a-afc5-c0b2e94ae95a,Non Stop Marketing,https://nonstopadz.com.au/,+61413111444,sales@nonstopmarketing.au,Shop 6/55 Upton St,Gold Coast,4217,QLD,AU,marketing_agency,"[services_and_business, professional_service, marketing_agency]",0.6984700560569763,6,overture-maps,2026-08-19.0
95b40a68-25a5-47b6-890b-85ef8251c68a,Claxon Agency,https://embarkagency.com.au/,+61756127589,hello@embarkagency.com.au,"Pegasus Centre, Ste 32 The/42 Bundall Rd",Gold Coast,4217,QLD,AU,marketing_agency,"[services_and_business, professional_service, marketing_agency]",0.6720849275588989,6,overture-maps,2026-08-19.0
292ea6bc-005d-410d-862f-9d4b2119fbd0,Binge Creative,https://bingecreative.com.au/,+61403316634,creative@binge.com.au,"The Precinct, Level 2/315 Brunswick St",Brisbane,4006,QLD,AU,advertising_agency,"[services_and_business, professional_service, advertising_agency]",0.6515878438949585,6,overture-maps,2026-08-19.0
40e5845c-674e-40cf-bfab-733bf5109ea3,Cleveronline,https://cleveronline.com.au/,+61439990429,,Unit 1768/1 Rialto Quay Dr,Gold Coast,4212,QLD,AU,marketing_agency,"[services_and_business, professional_service, marketing_agency]",0.6484816074371338,6,overture-maps,2026-08-19.0
fa7ff2c5-1dd1-4760-9c74-71344b4abad9,Maker Street Studios,https://mkrst.co/,+61735565329,studio@mkrst.co,22 Ross St,Brisbane,4006,QLD,AU,marketing_agency,"[services_and_business, professional_service, marketing_agency]",0.6157996654510498,6,overture-maps,2026-08-19.0
f4c2f8fd-27ae-40b1-90c5-35a678677335,Chant Studio,https://chantstudio.com.au/,+61418395328,,21a Digby St,Mackay,4740,QLD,AU,advertising_agency,"[services_and_business, professional_service, advertising_agency]",0.6112304925918579,6,overture-maps,2026-08-19.0
ecebc86f-c0d2-46cb-8f1f-881df3d70960,IBM Australia Ltd,https://ibm.com/,+61132426,,"Ibm Building, 348 Edward St",Brisbane,4000,QLD,AU,advertising_agency,"[services_and_business, professional_service, advertising_agency]",0.9971855502128602,5,overture-maps,2026-08-19.0
8f2fd4e5-963d-4b4b-a7eb-82e6a8720913,Brand Hero,https://brandhero.com.au/,+61738813211,hello@brandhero.com.au,3/41 Deakin St,Brisbane,4500,QLD,AU,marketing_agency,"[services_and_business, professional_service, marketing_agency]",0.996934493303299,5,overture-maps,2026-08-19.0
cdaa473c-02f9-438a-911c-ea9b0dca5329,Samford Design and Print,https://samforddesign.com.au/,+61732895241,sales@samforddesign.com.au,Shop 8a/15-19 Main St,Brisbane,4520,QLD,AU,graphic_designer,"[services_and_business, design_service, graphic_designer]",0.9827489852905273,5,overture-maps,2026-08-19.0
65457b37-c3cf-475d-bcb0-0bcf207695c9,Deloitte Digital,https://deloitte.com.au/,+61733087000,,123 Eagle St,Brisbane,4000,QLD,AU,b2b_advertising_and_marketing_service,"[services_and_business, b2b_service, b2b_office_and_professional_service, b2b_advertising_and_marketing_service]",0.9800383353233337,5,overture-maps,2026-08-19.0
e5e2c5fc-a66e-4f8c-abcc-5249cd7fc83e,Ignition Creative,https://ignitioncreative.com.au/,0731491680,,36 Wylie Avenue,Coorparoo,4120,QLD,AU,graphic_designer,"[services_and_business, design_service, graphic_designer]",0.9744145314097404,5,overture-maps,2026-08-19.0
0bf8f5a6-2880-4617-835d-9a29da6f3b5a,My Design,https://my-design.com.au/,+61746713581,tracey@my-design.com.au,2/8 Herbert St,Goondiwindi,4390,QLD,AU,graphic_designer,"[services_and_business, design_service, graphic_designer]",0.9664484810829163,5,overture-maps,2026-08-19.0
59ee0498-a3cb-409c-9099-19732ffeb51a,Nabooki,https://nabooki.com/,1300030698,,253 David Low Way,Sunshine Coast,4573,QLD,AU,software_development,"[services_and_business, technical_service, software_development]",0.9655,5,overture-maps,2026-08-19.0
131ef394-f5e7-4795-99ec-6245b74a2afb,Social Ocean,https://socialocean.com.au/,+61413089778,info@socialocean.com.au,43 Hulme St,Brisbane,4019,QLD,AU,marketing_agency,"[services_and_business, professional_service, marketing_agency]",0.9595978266000748,5,overture-maps,2026-08-19.0
f9f7dd45-0819-43cd-a80e-5b7d812af8fc,House With No Steps Packaging Service,https://hwns.com.au/,+61755938340,sales@hwns.com.au,35 Hutchinson St,Gold Coast,4220,QLD,AU,advertising_agency,"[services_and_business, professional_service, advertising_agency]",0.9564011597633362,5,overture-maps,2026-08-19.0
37e88254-3bfd-48d8-aa29-05f6ca50a294,Allcorp,https://allcorp.net.au/,+61740786522,enquiries@allcorp.net.au,1 Oceanview Pl,Cairns,4870,QLD,AU,marketing_agency,"[services_and_business, professional_service, marketing_agency]",0.9517071199417114,5,overture-maps,2026-08-19.0
c3740298-fc5c-40cd-92c7-27a3e9cb9524,Redhotblue,https://redhotblue.com.au/,+61749532833,enquiries@redhotblue.com.au,11 MacAlister St,Mackay,4740,QLD,AU,advertising_agency,"[services_and_business, professional_service, advertising_agency]",0.9475519013404846,5,overture-maps,2026-08-19.0
8c84e78d-0749-4a10-8723-69d276993b0d,ADFX,https://adfx.com.au/,+61754784842,adfx@adfx.com.au,4 175/173 Brisbane Rd,Sunshine Coast,4557,QLD,AU,advertising_agency,"[services_and_business, professional_service, advertising_agency]",0.9459605526924133,5,overture-maps,2026-08-19.0
cb1b2e02-da12-4abb-a34b-bab5ae53186a,GOA Billboards Pty Ltd.,https://goa.com.au/,+61738541150,info@goa.com.au,143 Abbotsford Rd,Brisbane,4006,QLD,AU,advertising_agency,"[services_and_business, professional_service, advertising_agency]",0.9394309782981872,5,overture-maps,2026-08-19.0
635df253-c12e-4c7a-b146-dcf7a7263550,Balar Media Group,https://balarmediagroup.com.au/,+61482787948,jesse@balarmediagroup.com.au,Level 1/1024 Ann St,Brisbane,4006,QLD,AU,b2b_advertising_and_marketing_service,"[services_and_business, b2b_service, b2b_office_and_professional_service, b2b_advertising_and_marketing_service]",0.9376102906465531,5,overture-maps,2026-08-19.0
fa5acc5b-c1b3-49ef-87c3-77be85bf4fb7,Teams at Work,https://teamsatwork.com/,+61410747069,ianc@teamsatwork.com,12 Panoramic Dr,Brisbane,4504,QLD,AU,software_development,"[services_and_business, technical_service, software_development]",0.936157403588295,5,overture-maps,2026-08-19.0
0b7767cd-6d3c-408e-8e79-22fa1946953c,Computer Merchants,https://computermerchants.com.au/,+611800777111,,144 Bluestone Cct,Brisbane,4073,QLD,AU,advertising_agency,"[services_and_business, professional_service, advertising_agency]",0.9345281630754471,5,overture-maps,2026-08-19.0
a05390a5-5018-4be2-a6d1-0162eea6cc7f,News Xtend,https://newsxtend.com.au/,+611300935848,info@newsxtend.com.au,128 High St,Stanthorpe,4380,QLD,AU,marketing_agency,"[services_and_business, professional_service, marketing_agency]",0.9297573387622833,5,overture-maps,2026-08-19.0
b528dc34-a6b0-4a17-afed-77c53b67f6f4,Queensland Nameplate Group,https://qnpgroup.com.au/,+61732773566,sales@qnpgroup.com.au,61 Pentex St,Brisbane,4107,QLD,AU,advertising_agency,"[services_and_business, professional_service, advertising_agency]",0.9256022846698762,5,overture-maps,2026-08-19.0
f2f1e5d7-5a01-4b2d-b0c7-25a9f4d503bf,Murdifications,https://murdifications.com.au/,+61732028555,,197 Sugars Rd,Brisbane,4070,QLD,AU,marketing_agency,"[services_and_business, professional_service, marketing_agency]",0.9241844791173935,5,overture-maps,2026-08-19.0
6dd8264d-d2b5-4982-9e29-87138011b423,StrataPay,https://stratamax.com/,+61755757422,info@stratamax.com,1/173-175 Varsity Parade,Gold Coast,4227,QLD,AU,software_development,"[services_and_business, technical_service, software_development]",0.9239518088102341,5,overture-maps,2026-08-19.0
a0df0618-fc79-4381-8d03-a74e3947d45b,Diva Creative,https://divacreative.com.au/,+61448774752,s.shore@divacreative.com.au,13 Anthony St,Toowoomba,4350,QLD,AU,graphic_designer,"[services_and_business, design_service, graphic_designer]",0.9236490577459335,5,overture-maps,2026-08-19.0
0a8c37a4-caa0-4d85-b478-3ff136989512,Campaign Edge,https://campaignedge.com.au/,+61730136282,,25 Kurilpa St,Brisbane,4101,QLD,AU,advertising_agency,"[services_and_business, professional_service, advertising_agency]",0.9216412001848221,5,overture-maps,2026-08-19.0
d9b0e47d-1d36-416d-88ed-94982972338e,Cole Lawson Communications,https://colelawson.com.au/,+61732212220,info@colelawson.com.au,172 Robertson St,Brisbane,4006,QLD,AU,advertising_agency,"[services_and_business, professional_service, advertising_agency]",0.9215526807308198,5,overture-maps,2026-08-19.0
0a79e4bd-6ef5-4371-b63e-381935bf076c,EyeOnIt,https://eyeonit.com.au/,+611300185359,hello@eyeonit.com.au,Shop 6/22 Ocean St,Sunshine Coast,4558,QLD,AU,software_development,"[services_and_business, technical_service, software_development]",0.9208043164014816,5,overture-maps,2026-08-19.0
566aa2bf-4966-4671-9a42-da0e02eb1eea,Parer & Co Design,https://parerco.com.au/,+61754745678,info@parerco.com.au,Unit 2/15 Lionel Donovan Dr,Sunshine Coast,4566,QLD,AU,graphic_designer,"[services_and_business, design_service, graphic_designer]",0.9159856611490249,5,overture-maps,2026-08-19.0
e25a5f5d-97fd-428f-9146-e7f44add26ce,Dirty Chook,https://dirtychook.com/,+61733694200,info@dirtychook.com,22 Prince St,Brisbane,4064,QLD,AU,advertising_agency,"[services_and_business, professional_service, advertising_agency]",0.9147046583890915,5,overture-maps,2026-08-19.0
713a775b-a796-4fdc-aacf-fd65a6fd8ac6,TMA Central,https://trendingmedia.com.au/,+61411437379,,10/3-5 High St,Brisbane,4021,QLD,AU,marketing_agency,"[services_and_business, professional_service, marketing_agency]",0.9133005619049073,5,overture-maps,2026-08-19.0
95c380b9-f975-4df8-b7d7-40d9b6a625f7,Andzen,https://andzen.co/,+61734850776,results@andzen.co,Level 7/154 Melbourne St,Brisbane,4101,QLD,AU,marketing_agency,"[services_and_business, professional_service, marketing_agency]",0.91240564763546,5,overture-maps,2026-08-19.0
df3462bd-7316-41f9-824b-d06ff2cfad3e,Townsville Billboard Advertising,https://townsvillebillboardadvertising.com.au/,+61400017028,townsvillebillboardadvertising@gmail.com,1/940 Ingham Rd,Townsville,4818,QLD,AU,advertising_agency,"[services_and_business, professional_service, advertising_agency]",0.9121993809938431,5,overture-maps,2026-08-19.0
20411a6d-5c46-4298-bf72-29978ad58253,Visual Obsession,https://visualobsession.com.au/,+61740324533,vo@visualobsession.com.au,149 English St,Cairns,4870,QLD,AU,marketing_agency,"[services_and_business, professional_service, marketing_agency]",0.9107569128274917,5,overture-maps,2026-08-19.0
354f8018-4712-4c23-b2bc-6eadacd118ab,adzmania advertising,https://adzmania.com.au/,+61755262172,operations@adzmania.com.au,24-26 Queensland Ave,Gold Coast,4218,QLD,AU,advertising_agency,"[services_and_business, professional_service, advertising_agency]",0.9093004614114761,5,overture-maps,2026-08-19.0
072c40d3-f922-43c5-a720-bfb0f5dced03,Triton Store,https://tritoncomsys.com/,+611300558438,solutions@tritoncomsys.com,Unit 20/1378 Lytton Rd,Brisbane,4174,QLD,AU,software_development,"[services_and_business, technical_service, software_development]",0.9076733320951462,5,overture-maps,2026-08-19.0
e189b69f-7f80-4065-940f-18c1218fca82,ThoughtWorks Brisbane,https://thoughtworks.com/,+61731294506,info-au@thoughtworks.com,"Indus House, 127 Creek St",Brisbane,4000,QLD,AU,software_development,"[services_and_business, technical_service, software_development]",0.9075690197944641,5,overture-maps,2026-08-19.0
c8eb471d-4ba6-4ce7-87fd-7cbe694d6756,Genesys Laboratories Australasia Pty Ltd,https://genesyslab.com/,+61733686800,,"Level 2, Kings Row, 2/50 McDougall St",Brisbane,4064,QLD,AU,software_development,"[services_and_business, technical_service, software_development]",0.905035542845726,5,overture-maps,2026-08-19.0
b469e845-054b-4e14-961a-6f9dc5316f37,Local Appliance Rentals Bowen,https://localappliancerentals.com.au/,+61429049668,bowen@localappliancerentals.com.au,40 George St,Bowen,4805,QLD,AU,advertising_agency,"[services_and_business, professional_service, advertising_agency]",0.9049931132793426,5,overture-maps,2026-08-19.0
0b027598-17f6-4ee9-aafb-97fb3ef96c45,Sarah Rose Graphic Design,https://sarahrosedesign.com.au/,+61421773967,info@sarahrosedesign.com.au,"WOTSO Workspace, 194 Varsity Parade",Gold Coast,4227,QLD,AU,graphic_designer,"[services_and_business, design_service, graphic_designer]",0.9040649408102035,5,overture-maps,2026-08-19.0
c5c4597b-c459-46e0-91f5-d11915a7c651,JAM Outdoor,https://jamoutdoor.com.au/,+611300123526,info@jamoutdoor.com.au,2 Maria St,Bundaberg,4670,QLD,AU,advertising_agency,"[services_and_business, professional_service, advertising_agency]",0.9035628598928451,5,overture-maps,2026-08-19.0
04c47af0-1186-4c37-93f2-bab7f0dc232e,Tayco Outdoor Advertising,https://taycooutdoor.com.au/,+61741544558,admin@taycooutdoor.com.au,53 Perry St,Bundaberg,4670,QLD,AU,advertising_agency,"[services_and_business, professional_service, advertising_agency]",0.9019042545557022,5,overture-maps,2026-08-19.0
b1c34c25-305f-4674-b13e-5652db5545e8,GPS Innovations,https://gpsi.com.au/,+61736201077,sales@gpsi.com.au,"William Jolly Place, Unit 2, 309 North Quay",Brisbane,4000,QLD,AU,software_development,"[services_and_business, technical_service, software_development]",0.900007426738739,5,overture-maps,2026-08-19.0
2da5a3a9-8f36-47a5-88de-89c20ddbfebf,TopX Taroom,https://topx.com.au/,+61459632443,pearce@topx.com.au,37 Yaldwyn St,Taroom,4420,QLD,AU,advertising_agency,"[services_and_business, professional_service, advertising_agency]",0.899603420495987,5,overture-maps,2026-08-19.0
38f8370f-d853-42ec-907b-6a312f6d20f8,Elevate Communication,https://elevatecom.com.au/,+61731803666,info@elevatecom.com.au,Unit 4/13 Manilla St,Brisbane,4169,QLD,AU,marketing_agency,"[services_and_business, professional_service, marketing_agency]",0.8988131475448609,5,overture-maps,2026-08-19.0
5cfaa54a-6988-48bc-b95d-168c95527693,JAM Advertising & Marketing,https://jamadvertising.com.au/,+61408338917,,Level 54/111 Eagle St Suite 54198,Brisbane,4000,QLD,AU,b2b_advertising_and_marketing_service,"[services_and_business, b2b_service, b2b_office_and_professional_service, b2b_advertising_and_marketing_service]",0.8978821921348572,5,overture-maps,2026-08-19.0
af2e645c-ef67-40e8-9e16-e884c600119a,Marketplace Strategy Solutions,https://marketplacestrategysolutions.com.au/,+61733503870,hello@teammarketplace.com.au,331 Ellison Rd,Brisbane,4034,QLD,AU,marketing_agency,"[services_and_business, professional_service, marketing_agency]",0.8959613460302353,5,overture-maps,2026-08-19.0
f69bf62f-3c70-4d6e-9b31-93d30d9f27b6,SafetyCulture,https://safetyculture.com/,+611300306604,info@safetyculture.com,221 Sturt St,Townsville,4810,QLD,AU,software_development,"[services_and_business, technical_service, software_development]",0.8954555225372315,5,overture-maps,2026-08-19.0
f8aa3bdc-07e7-4200-be8e-7f7c725c7f46,Gji,https://gji.com.au/,+61739027700,sales@gji.com.au,17 Archimedes Pl,Brisbane,4172,QLD,AU,advertising_agency,"[services_and_business, professional_service, advertising_agency]",0.8954435271024704,5,overture-maps,2026-08-19.0
4611f0c8-6df1-41e0-99d6-91d80aec43bc,Oliver Black,https://oliverblack.com.au/,+61755934182,info@oliverblack.com.au,7 Ern Harley Dr,Gold Coast,4220,QLD,AU,advertising_agency,"[services_and_business, professional_service, advertising_agency]",0.895382439494133,5,overture-maps,2026-08-19.0
668ff35a-644d-4ed6-92cb-8b24dc1b493b,SB Creative Co.,https://sbcreativeco.com.au/,+61447370087,hello@sbcreativeco.com.au,3/2 Blackwood St,Townsville,4810,QLD,AU,graphic_designer,"[services_and_business, design_service, graphic_designer]",0.8945377963781357,5,overture-maps,2026-08-19.0
8e5ccb7e-8328-4ad2-b79f-58fa2ef27fba,Mediamojo,https://mediamojo.com.au/,+61754555058,info@mediamojo.com.au,11/1 Selkirk Dr,Sunshine Coast,4566,QLD,AU,graphic_designer,"[services_and_business, design_service, graphic_designer]",0.8941033560037613,5,overture-maps,2026-08-19.0
9e7afb11-d08d-4f6e-92f3-d7eab4021387,SplitAbility POS,https://splitability.com/,+61738014680,info@splitability.com,169 Koolan Cres,Brisbane,4128,QLD,AU,software_development,"[services_and_business, technical_service, software_development]",0.8940433102846146,5,overture-maps,2026-08-19.0
bc507b38-708a-45c3-9d45-3074af5aabaf,EDG Designs,https://edgdesigns.com.au/,+61422683144,inquiries@edgdesigns.com.au,1 Park Rd,Brisbane,4064,QLD,AU,graphic_designer,"[services_and_business, design_service, graphic_designer]",0.8921775472164154,5,overture-maps,2026-08-19.0
f3ff9f63-3cb8-4c59-b584-1f64fc11848b,Next World XR,https://nextworldxr.com/,0721035229,,"Unit 9, 16 Metroplex",Murarrie,4170,QLD,AU,software_development,"[services_and_business, technical_service, software_development]",0.8921025723218918,5,overture-maps,2026-08-19.0
556996f6-bd6e-44b0-bf0d-16ad096722fa,Cerely,https://cerely.com/,0421905640,,"Building G level 4, Suite 30420, 27 Garden St",Southport QLD,4215,QLD,AU,software_development,"[services_and_business, technical_service, software_development]",0.8912182480096817,5,overture-maps,2026-08-19.0
d015ea83-c425-4600-a816-c1e28365a10f,Mike Andrew Consulting,https://mikeandrewconsulting.com/,+61413529329,info@mikeandrewconsulting.com,2/7 S Quay Dr,Gold Coast,4216,QLD,AU,marketing_agency,"[services_and_business, professional_service, marketing_agency]",0.8910848522186279,5,overture-maps,2026-08-19.0
b2b29841-5062-4104-bbd0-561802395677,Cloud A2K,https://clouda2k.com/,+611800223562,info@clouda2k.com,62 Brandl St,Brisbane,4113,QLD,AU,software_development,"[services_and_business, technical_service, software_development]",0.8909780585765839,5,overture-maps,2026-08-19.0
b7181c90-e23b-455f-ad84-3c7287bf486a,MKI Promo,https://mkipromo.com/,+61410434776,sales@mkipromo.com,27 Lakefront Cres,Gold Coast,4227,QLD,AU,marketing_agency,"[services_and_business, professional_service, marketing_agency]",0.8900485152006149,5,overture-maps,2026-08-19.0
fb7d4556-2d94-4d6b-981c-2c9e2d87c7b9,Friday Flyer,https://fridayflyer.com.au/,+61755157333,info@fridayflyer.com.au,"Ashmore Eight, 8 Ashmore Rd",Gold Coast,4217,QLD,AU,advertising_agency,"[services_and_business, professional_service, advertising_agency]",0.8888586503267288,5,overture-maps,2026-08-19.0
c0d61724-febc-4f3f-b891-a1c3050302bb,sonder.com.au,https://sonder.com.au/,+61730126406,tom@sonder.com.au,9 Chester St,Brisbane,4006,QLD,AU,marketing_agency,"[services_and_business, professional_service, marketing_agency]",0.888568429350853,5,overture-maps,2026-08-19.0
6acf5b75-d29e-48ed-b6c3-12498b5b39d0,KDee Designs,https://kdeedesigns.com.au/,+61407753600,admin@kdeedesigns.com.au,10 Cox St,Ayr,4807,QLD,AU,graphic_designer,"[services_and_business, design_service, graphic_designer]",0.886981508731842,5,overture-maps,2026-08-19.0
ea300774-60ff-495e-acc6-14690a315797,WebGator,https://webgator.com.au/,+611800932428,info@webgator.com.au,27/32 Turbot St,Brisbane,4000,QLD,AU,b2b_advertising_and_marketing_service,"[services_and_business, b2b_service, b2b_office_and_professional_service, b2b_advertising_and_marketing_service]",0.8865394598245621,5,overture-maps,2026-08-19.0
881f689e-3de6-41ab-b5da-4565807f0409,Hype Creations,https://hypecreations.com.au/,+61733928899,support@hypecreations.com.au,8 Sherwood Rd,Brisbane,4106,QLD,AU,marketing_agency,"[services_and_business, professional_service, marketing_agency]",0.881220423579216,5,overture-maps,2026-08-19.0
ccf7541a-69ef-4a3b-8a5c-ddeabf01fc00,Viberent,https://viberenthq.com/,+611300131842,info@viberenthq.com,lvl 3/315 Brunswick St,Brisbane,4006,QLD,AU,software_development,"[services_and_business, technical_service, software_development]",0.8811534753441811,5,overture-maps,2026-08-19.0
83901854-3000-49e1-9901-ad1ffde54d4e,Morris International,https://morrisint.com.au/,+61755974000,,36 Industrial Ave,Gold Coast,4214,QLD,AU,advertising_agency,"[services_and_business, professional_service, advertising_agency]",0.8803237080574036,5,overture-maps,2026-08-19.0
8dd56039-8a9f-43c7-a679-c747f92151a4,My Promotions,https://vividpromotions.com.au/,+611300727092,sales@mypromotions.com.au,19 Project Ave,Sunshine Coast,4566,QLD,AU,advertising_agency,"[services_and_business, professional_service, advertising_agency]",0.880056475698948,5,overture-maps,2026-08-19.0
d4412960-02ec-485a-9787-dd3413c9271b,Matter Solutions,https://spotstudios.co/,+61731172300,admin@spotstudios.co,200 Adelaide St,Brisbane,4000,QLD,AU,marketing_agency,"[services_and_business, professional_service, marketing_agency]",0.8791270145773887,5,overture-maps,2026-08-19.0
8a3048f9-796d-4d34-af0b-e55b5acb6afb,Gold Coast Leaflet Distributors,https://goldcoastleaflets.com.au/,+61755312533,info@goldcoastleaflets.com.au,Shed 1/39 Bailey Cres,Gold Coast,4215,QLD,AU,marketing_agency,"[services_and_business, professional_service, marketing_agency]",0.8790926939249039,5,overture-maps,2026-08-19.0
4f807d01-0bc7-4ae3-b07d-cd09d86658d1,Applejack Group Pty Ltd,https://applejack.com.au/,0733302000,,655 Toohey Road,Brisbane,4107,QLD,AU,software_development,"[services_and_business, technical_service, software_development]",0.8767361924052238,5,overture-maps,2026-08-19.0
aa8032f0-0759-43d9-b5be-d466493f0764,Ironline Technology,https://ironline.com.au/,+611300476654,web@ironline.com.au,58 High St,Brisbane,4066,QLD,AU,computer_hardware_company,"[services_and_business, technical_service, computer_hardware_company]",0.8760847735404969,5,overture-maps,2026-08-19.0
5182ca9c-9e21-4710-9677-7f0bddf14b33,Digimark,https://digimark.com.au/,+61492836435,hello@digimark.com.au,Unit 3/189 Margaret St,Toowoomba,4350,QLD,AU,marketing_agency,"[services_and_business, professional_service, marketing_agency]",0.8760816204547882,5,overture-maps,2026-08-19.0
63f7cf2f-40ad-48bd-b747-3477a9d7ada1,Cloud Assess,https://cloudassess.com/,+61756349574,info@cloudassess.com.au,level 1/19 Harbour Village Parade,Gold Coast,4209,QLD,AU,software_development,"[services_and_business, technical_service, software_development]",0.8757812890410424,5,overture-maps,2026-08-19.0
fd5be69a-d1b1-4262-a997-442002f51bef,ALTR Design,https://altr.design/,+61738442966,hi@altr.design,3/394-398 Montague Rd,Brisbane,4101,QLD,AU,graphic_designer,"[services_and_business, design_service, graphic_designer]",0.875608774125576,5,overture-maps,2026-08-19.0
8b8d432a-573f-43c8-93ca-31325af209d4,Matchmaster Communications,https://matchmaster.com.au/,+61747753966,,"Capital Warehouses, 7-11 Gurney St",Townsville,4814,QLD,AU,advertising_agency,"[services_and_business, professional_service, advertising_agency]",0.8747261020541192,5,overture-maps,2026-08-19.0
db0a6517-f6c0-43c4-9780-3f8f9cfedb3f,Salmat,https://salmat.com.au/,+61737234000,,338 Bradman St,Brisbane,4110,QLD,AU,advertising_agency,"[services_and_business, professional_service, advertising_agency]",0.8746975064277649,5,overture-maps,2026-08-19.0
5b915753-fe17-465d-8829-9997332fd208,Little Big Design,https://littlebigdesign.com.au/,+61739027783,hello@littlebigdesign.com.au,61 Southgate Ave,Brisbane,4170,QLD,AU,graphic_designer,"[services_and_business, design_service, graphic_designer]",0.8741700348258019,5,overture-maps,2026-08-19.0
fe70feb5-4960-4de2-b6df-d1107ac1deb2,Tanda,https://tanda.com.au/,,info@tanda.co,Level 4/108 Wickham St,Brisbane,4006,QLD,AU,software_development,"[services_and_business, technical_service, software_development]",0.8736996904015542,5,overture-maps,2026-08-19.0
729aee74-2669-409c-ac9d-128ec4426672,Australian Merchandise Corp,https://amcorp.net.au/,+61413839396,,4 Warandoo St,Brisbane,4074,QLD,AU,marketing_agency,"[services_and_business, professional_service, marketing_agency]",0.8715168777108193,5,overture-maps,2026-08-19.0
c6308645-5af3-4f44-ac99-28c9b02f9d5b,Infinity PR,https://infinitybrandholdings.com/,+61423460732,,16 Queensland Ave,Gold Coast,4218,QLD,AU,advertising_agency,"[services_and_business, professional_service, advertising_agency]",0.8713801503181458,5,overture-maps,2026-08-19.0
2034d85f-8e93-4e2e-8ee4-1428d6ef9d33,Samson Communications,https://samsons.com.au/,+61746377555,samsons@samsons.com.au,1 Sowden St,Toowoomba,4350,QLD,AU,advertising_agency,"[services_and_business, professional_service, advertising_agency]",0.8707024425268173,5,overture-maps,2026-08-19.0
889d0605-d928-42de-a791-f5b848dc360b,GenicPixels PTY LTD,https://genicpixels.com.au/,+61721400396,support@genicpixels.com.au,"Northbank Plaza, 69 Ann St",Brisbane,4000,QLD,AU,software_development,"[services_and_business, technical_service, software_development]",0.8705764424800873,5,overture-maps,2026-08-19.0
4e4455d6-0350-43f2-9175-7b50d0568e2e,Liquidity,https://liquiditymarketing.com.au/,+61732553397,hello@liquiditymarketing.com.au,"First Floor, 77 Hope St",Brisbane,4101,QLD,AU,marketing_agency,"[services_and_business, professional_service, marketing_agency]",0.869968034029007,5,overture-maps,2026-08-19.0
cdec4aa9-8f79-4784-8bed-c5e843fe26fe,Code Heroes,https://codeheroes.com.au/,+61739111213,hello@codeheroes.com.au,"Matisse Tower, 110 Mary St",Brisbane,4000,QLD,AU,software_development,"[services_and_business, technical_service, software_development]",0.8685334622859955,5,overture-maps,2026-08-19.0
02eb4160-53d9-46d5-8c53-ce4eddd2b4f7,Brillmindz,https://brillmindz.com.au/,+61730613407,info@brillmindz.com.au,16 Kaloma Rd,Brisbane,4061,QLD,AU,software_development,"[services_and_business, technical_service, software_development]",0.8647319650650025,5,overture-maps,2026-08-19.0
9dfca60d-f1bf-4ae0-b2e0-27180106dee7,Mino I.T. Managed Services,https://minoit.com.au/,+611300700187,info@minoit.com.au,7 Anthony St,Brisbane,4101,QLD,AU,software_development,"[services_and_business, technical_service, software_development]",0.8645588538050651,5,overture-maps,2026-08-19.0
45f5a972-8cec-4a28-bd75-b2696a7cbd9c,Olive Branch Mediation,https://olivebranchmediation.com.au/,0492441657,,"41 Edinburgh Castle rd, Kedron",Brisbane,4031,QLD,AU,b2b_marketing_consultant,"[services_and_business, b2b_service, b2b_office_and_professional_service, b2b_advertising_and_marketing_service, b2b_marketing_consultant]",0.8625448312610388,5,overture-maps,2026-08-19.0
7b55e777-31a3-4a8c-8eff-6be0cc961a8e,Grabba,https://grabba.com/,+61733446599,info@grabba.com,28 Container St,Brisbane,4173,QLD,AU,software_development,"[services_and_business, technical_service, software_development]",0.8607688516378402,5,overture-maps,2026-08-19.0
9dbf0dee-0474-4bb4-8c4a-147d4139fb1f,Uneek Creative,https://uneekcreative.com.au/,+61481229954,contact@uneekcreative.com.au,Unit 29/38 Kendor St,Gold Coast,4214,QLD,AU,b2b_advertising_and_marketing_service,"[services_and_business, b2b_service, b2b_office_and_professional_service, b2b_advertising_and_marketing_service]",0.8575916174054146,5,overture-maps,2026-08-19.0
2df2e469-cac1-463b-8fd7-69961289e370,Optix Australasia,https://optix.au/,+61756894660,info@optix.au,1/79 Dover Dr,Gold Coast,4220,QLD,AU,software_development,"[services_and_business, technical_service, software_development]",0.8570681229233742,5,overture-maps,2026-08-19.0
9678cf43-7f1f-473c-b35c-4bfd2fdff557,Vertex CAD/PDM Systems,https://vertexaustralia.com/,+61732865845,info@vertexaustralia.com,9/17 Middle St,Brisbane,4163,QLD,AU,software_development,"[services_and_business, technical_service, software_development]",0.8552586081624032,5,overture-maps,2026-08-19.0
cb3147a9-4a20-4df5-8b56-901bc87ed0a2,Mondo Images,https://mondoimages.com.au/,+61738510739,,26 Caesar Rd,Brisbane,4055,QLD,AU,advertising_agency,"[services_and_business, professional_service, advertising_agency]",0.8552456051111221,5,overture-maps,2026-08-19.0
23a216fa-10f4-4c72-a9bd-94d90c9fcd65,Astral Business Solutions,https://astralbusiness.com/,+61732787156,desleigh@astralbusiness.com,3 Oxley Pl,Brisbane,4078,QLD,AU,software_development,"[services_and_business, technical_service, software_development]",0.853624672293663,5,overture-maps,2026-08-19.0
64a4ca88-ff89-4132-8e50-c9f5b3b0e58e,Strong Digital,https://strong.digital/,+61732524316,,"Bakery Lane, 694 Ann St",Brisbane,4006,QLD,AU,graphic_designer,"[services_and_business, design_service, graphic_designer]",0.8528649774193764,5,overture-maps,2026-08-19.0
e941f6a5-0799-4cb9-ae36-e9440ef1656a,BrandStrong,https://brandstrong.co/,+61411132747,hello@brandstrong.co,9/10 Hook St,Brisbane,4157,QLD,AU,marketing_agency,"[services_and_business, professional_service, marketing_agency]",0.852519454061985,5,overture-maps,2026-08-19.0
8800a45f-1463-460f-8374-4d75d33bb42e,Southern Downs Distribution,https://southerndownsdistribution.com.au/,+61414519784,sddistribution@bigpond.com,11 William St,Warwick,4370,QLD,AU,advertising_agency,"[services_and_business, professional_service, advertising_agency]",0.8522996634244919,5,overture-maps,2026-08-19.0
17f2befe-2259-4c3b-91a5-3567a4300ac2,Touch Panel Control,https://touchpanelcontrol.com/,+61412258426,,97 Creek St,Brisbane,4000,QLD,AU,software_development,"[services_and_business, technical_service, software_development]",0.8522686123847961,5,overture-maps,2026-08-19.0
cba9dc60-3aa8-4959-b984-032f2d93cfcf,Streaming Video Systems,https://streamingvideosystems.com/,+61749481190,mark@streamingvideosystems.com,13 MacArthur Dr,Cannonvale,4802,QLD,AU,advertising_agency,"[services_and_business, professional_service, advertising_agency]",0.8515296593308449,5,overture-maps,2026-08-19.0
3227cadd-a985-4184-8590-bd6bf3dee863,Sizzle Creative,https://sizzlecreative.com.au/,+61754527733,mark@sizzlecreative.com.au,2/12 Aerodrome Rd,Sunshine Coast,4558,QLD,AU,graphic_designer,"[services_and_business, design_service, graphic_designer]",0.8515008565783501,5,overture-maps,2026-08-19.0
4b532638-938c-4ec8-be63-71b7009da2ca,Codebots - Platform Engineering,https://codebots.com/,0736060220,,"C1, 55 Railway Terrace",Brisbane,4064,QLD,AU,software_development,"[services_and_business, technical_service, software_development]",0.85,5,overture-maps,2026-08-19.0
24b4f99e-a707-4e3c-99c2-8efccbe83e93,Commfix Phone And Computer Repairs,https://commfix.com.au/,0754149444,,13 / 122 Brisbane Road,Sunshine Coast,4557,QLD,AU,marketing_agency,"[services_and_business, professional_service, marketing_agency]",0.85,5,overture-maps,2026-08-19.0
f2b6b28c-cdaa-468b-9ee8-55351fa67e9d,Dr App Brisbane,https://drapp.com.au/,0744398245,,"315 Brunswick St, Mobile app development company",Brisbane,4006,QLD,AU,software_development,"[services_and_business, technical_service, software_development]",0.85,5,overture-maps,2026-08-19.0
ec35c523-f43d-438a-bdbf-5c667f2d8305,Fresh Computer Systems,https://freshcomputers.com.au/,0733796188,,"1 The Fresh Centre, Unit 10 Level/385 Sherwood Road",Brisbane Markets,4106,QLD,AU,software_development,"[services_and_business, technical_service, software_development]",0.85,5,overture-maps,2026-08-19.0
06d2b922-77d1-493f-aafa-89f04b86386a,Mettro,https://mettro.com.au/,0733348320,,"148 Logan Road, Woolloongabba","Brisbane QLD, Australia",4102,QLD,AU,advertising_agency,"[services_and_business, professional_service, advertising_agency]",0.85,5,overture-maps,2026-08-19.0
c65e82e9-170a-41fe-88c3-8c2b762dabed,NIS Solutions Pty Ltd,https://nissolutions.com.au/,0733815442,,L38 71 Eagle Street,Brisbane CBD,4000,QLD,AU,software_development,"[services_and_business, technical_service, software_development]",0.85,5,overture-maps,2026-08-19.0
37d1c442-decc-484d-ad5f-0a9d06257302,Premium Reviews,https://premiumreviews.com.au/,0421992122,,113/251 Varsity Parade,Varsity Lakes,4427,QLD,AU,advertising_agency,"[services_and_business, professional_service, advertising_agency]",0.85,5,overture-maps,2026-08-19.0
51a34854-c4ab-4a84-93af-0cd83e0e6801,Printing Brisbane,https://printingbrisbane.com.au/,0732085649,,11 Marana St,Shailler Park,4127,QLD,AU,advertising_agency,"[services_and_business, professional_service, advertising_agency]",0.85,5,overture-maps,2026-08-19.0
9e1011d4-dfa5-43ec-a44f-3d69fc6bf41c,Studio 232,https://studio232.com.au/,+61422002326,hello@studio232.com.au,232 Ring Rd,Townsville,4817,QLD,AU,graphic_designer,"[services_and_business, design_service, graphic_designer]",0.84987638682127,5,overture-maps,2026-08-19.0
b5b7d3f8-196d-4fba-926e-872682523ece,EFTLAB,https://eftlab.com.au/,+61421088162,info@eftlab.com.au,Level 1/109 Brighton Rd,Brisbane,4017,QLD,AU,software_development,"[services_and_business, technical_service, software_development]",0.8496446830034257,5,overture-maps,2026-08-19.0
4f6cc674-76f5-4a4c-9e19-88ded88cf37a,Trish Biggs Graphic Design,https://trishbiggsgraphicdesign.com/,+61403471903,art@trishbiggsgraphicdesign.com,8 Leichhardt St,Brisbane,4157,QLD,AU,graphic_designer,"[services_and_business, design_service, graphic_designer]",0.8491260826587677,5,overture-maps,2026-08-19.0
04a3bfb4-2e7b-441a-8d8d-74067f3b8932,IEC Global Pty Ltd,https://iecglobal.com.au/,+61411155121,,617 Seventeen Mile Rocks Rd,Brisbane,4073,QLD,AU,software_development,"[services_and_business, technical_service, software_development]",0.8483216071128845,5,overture-maps,2026-08-19.0
13f4a597-bfcb-46df-a063-f921b5ec9367,Click Street,https://clickstreet.com.au/,+61730630260,info@clickstreet.com.au,Level 1/16 McDougall St,Brisbane,4064,QLD,AU,marketing_agency,"[services_and_business, professional_service, marketing_agency]",0.8474678748846054,5,overture-maps,2026-08-19.0
b52e1d90-04e2-4e84-8c35-b96d5c44d902,Entekcom,https://entekcom.com/,+611300885406,info@entekcom.com,115 Gotha St,Brisbane,4006,QLD,AU,advertising_agency,"[services_and_business, professional_service, advertising_agency]",0.8457805559039115,5,overture-maps,2026-08-19.0
d5ca6ea8-582a-40f0-8d81-c4d96a749572,Grow Media,https://growmedia.com.au/,+61731499119,sales@growmedia.com.au,36 Leonard Cres,Brisbane,4500,QLD,AU,b2b_advertising_and_marketing_service,"[services_and_business, b2b_service, b2b_office_and_professional_service, b2b_advertising_and_marketing_service]",0.8456807881593704,5,overture-maps,2026-08-19.0
1c5110a6-44e6-44a5-aab0-56f045e0d278,Ignition Media,https://ignitionmedia.com.au/,+61755687515,info@ignitionmedia.com.au,44 Evandale Cres,Gold Coast,4220,QLD,AU,internet_marketing_service,"[services_and_business, professional_service, internet_marketing_service]",0.8444965919852256,5,overture-maps,2026-08-19.0
25f28de0-a7ae-4c7d-bd75-8879934181dc,Alitrax,https://alitrax.com/,+611300551930,,41B Charles Ulm Pl,Brisbane,4009,QLD,AU,software_development,"[services_and_business, technical_service, software_development]",0.8440882673859597,5,overture-maps,2026-08-19.0
4d114717-b211-4fcb-9f16-4ddaec0cf644,No Worries Australia,https://noworriesaustralia.com.au/,+61740414896,marketing@noworriesaustralia.com,36 Aplin St,Cairns,4870,QLD,AU,marketing_agency,"[services_and_business, professional_service, marketing_agency]",0.8433047941327095,5,overture-maps,2026-08-19.0
9850e629-7000-475e-8a95-bacb4cf2c882,Emu Design,https://emudesign.com.au/,+61733315511,info@emudesign.com.au,410 Ann St,Brisbane,4000,QLD,AU,graphic_designer,"[services_and_business, design_service, graphic_designer]",0.8427217131853104,5,overture-maps,2026-08-19.0
5ce6ab91-5c51-4096-844f-9d13ce8957a7,Finsolve Solution,https://finsolvesolutions.com.au/,+61730414157,info@finsolvesolutions.com.au,Level 2/14-20 Aerodrome Rd,Sunshine Coast,4558,QLD,AU,software_development,"[services_and_business, technical_service, software_development]",0.8419596946239472,5,overture-maps,2026-08-19.0
627012d6-0f16-421e-89c9-aa8c96d136ad,Zoo Creative,https://zoocreative.com.au/,+61756545170,nick@zoocreative.com.au,Unit 2/507 Olsen Ave,Gold Coast,4215,QLD,AU,b2b_advertising_and_marketing_service,"[services_and_business, b2b_service, b2b_office_and_professional_service, b2b_advertising_and_marketing_service]",0.8419020274281501,5,overture-maps,2026-08-19.0
b36eb536-8428-4ceb-8324-d5a55c11d3d4,Vennd,https://vennd.com.au/,+61400427717,hello@vennd.com.au,Level 1/200 Creek St,Brisbane,4000,QLD,AU,marketing_agency,"[services_and_business, professional_service, marketing_agency]",0.8417405346035958,5,overture-maps,2026-08-19.0
1b81d18c-ec68-447b-b19f-a2f93692a8cb,Maitrix AI,https://maitrixai.com/,,hello@maitrixai.com,6/93 W Burleigh Rd,Gold Coast,4220,QLD,AU,software_development,"[services_and_business, technical_service, software_development]",0.8413349106907845,5,overture-maps,2026-08-19.0
2397e43f-c550-407e-a02a-41c72d6062b1,AussieSoft,https://aussiesoft.com.au/,+61421645737,aussiesoft@outlook.com,26 Stanton Terrace,Townsville,4810,QLD,AU,software_development,"[services_and_business, technical_service, software_development]",0.8413089388608932,5,overture-maps,2026-08-19.0
ea72365e-fc7b-4b69-9e1d-549ee902c302,eLynx,https://stockmate.online/,+61746596000,elynx@elynx.com.au,70 West St,Toowoomba,4350,QLD,AU,software_development,"[services_and_business, technical_service, software_development]",0.8385976141691208,5,overture-maps,2026-08-19.0
d813bc2d-7dfd-406b-99e0-e57d89a5de1b,HexFX Design Services,https://hexfx.com.au/,+61755914100,design@hexfx.com.au,"Ste 1, Level 1/22-28 Davenport St",Gold Coast,4215,QLD,AU,graphic_designer,"[services_and_business, design_service, graphic_designer]",0.8384284922480583,5,overture-maps,2026-08-19.0
bc7e4aaf-aa1c-400a-9253-3cb3d9d644be,MICOMM,https://micomm.com.au/,+61749223322,admin@micomm.com.au,116 Kent St,Rockhampton,4700,QLD,AU,marketing_agency,"[services_and_business, professional_service, marketing_agency]",0.8377137768268585,5,overture-maps,2026-08-19.0
1fb4c6c7-1fa8-4183-85bf-9a5eb1988f46,Globital,https://whitelabelcopywriting.com.au/,+611300014416,enquiries@globital.media,13 William Banks Dr,Gold Coast,4220,QLD,AU,advertising_agency,"[services_and_business, professional_service, advertising_agency]",0.837112572491169,5,overture-maps,2026-08-19.0
196fd61a-4800-4b3b-8277-f9bb5c14a173,Metaswitch,https://metaswitch.com.au/,+611300895191,info@metaswitch.com.au,757 Ann St,Brisbane,4006,QLD,AU,software_development,"[services_and_business, technical_service, software_development]",0.8362664625048637,5,overture-maps,2026-08-19.0
012d8036-dda2-4a69-9016-7b60df35cb41,Skymesh,https://skymesh.net.au/,+611300029851,sales@skymesh.com.au,37 Baxter St,Brisbane,4006,QLD,AU,advertising_agency,"[services_and_business, professional_service, advertising_agency]",0.8358341950178146,5,overture-maps,2026-08-19.0
6b6f8865-03ae-48aa-8944-af64a5839024,BeFrank Design,https://befrankdesign.com.au/,,,"CROSSVIEW HOMESTEADS 1, 10 Bridgman Dr",Gold Coast,4227,QLD,AU,graphic_designer,"[services_and_business, design_service, graphic_designer]",0.8357677128911019,5,overture-maps,2026-08-19.0
0b2f3efb-e558-4bfe-930d-058d4be3df07,Scriptsoft Pty Ltd,https://scriptsoft.com.au/,+61733262360,contact@scriptsoft.com.au,33 Hayward St,Brisbane,4053,QLD,AU,software_development,"[services_and_business, technical_service, software_development]",0.8354043060541153,5,overture-maps,2026-08-19.0
b4382dad-6eb7-413d-8edf-d5b947cdcbe2,Extension Group,https://extensiongroup.com.au/,+611800979768,,"Northbank Plaza, 69 Ann St",Brisbane,4000,QLD,AU,marketing_agency,"[services_and_business, professional_service, marketing_agency]",0.8329538786411286,5,overture-maps,2026-08-19.0
7af63dbf-9754-4d98-8822-b88758debedd,Kitovu Pty Ltd,https://kitovu.com/,+61730404440,hello@kitovu.com,1/888 Brunswick St,Brisbane,4005,QLD,AU,software_development,"[services_and_business, technical_service, software_development]",0.8311384689807892,5,overture-maps,2026-08-19.0
ca6cf77f-10b8-4972-a953-a1ee14e6fe1c,NLT,https://nltdigital.com/,+61754952944,info@nltdigital.com,Unit 1 & 2/22-26 Cessna Dr,Caboolture,4510,QLD,AU,software_development,"[services_and_business, technical_service, software_development]",0.8271049629151821,5,overture-maps,2026-08-19.0
e7c922e9-e9e4-4ed1-953d-8d9dfa1de4b8,Pluvo,https://pluvo.com.au/,+611300880328,info@pluvo.com.au,1/45 Nerang St,Gold Coast,4215,QLD,AU,advertising_agency,"[services_and_business, professional_service, advertising_agency]",0.8265226496756077,5,overture-maps,2026-08-19.0
8e9b07ff-7ff5-4a94-b74a-303329fc7eec,2plik8 Studios,https://2plik8.com.au/,+61417399355,george@2plik8.com.au,42 Cordelia St,Brisbane,4101,QLD,AU,b2b_advertising_and_marketing_service,"[services_and_business, b2b_service, b2b_office_and_professional_service, b2b_advertising_and_marketing_service]",0.8251594199240208,5,overture-maps,2026-08-19.0
df30d1fe-6130-4ff7-986d-c8360b56a8ba,JR Signs and Print,https://jrmg.com.au/,+61741242989,signs@jrmg.com.au,Shop 1/67 Old Maryborough Rd,Hervey Bay,4655,QLD,AU,marketing_agency,"[services_and_business, professional_service, marketing_agency]",0.8239099383354187,5,overture-maps,2026-08-19.0
9028d7dd-955b-4fff-aa57-0181d46abf6e,Flying Signs,https://flyingsigns.com.au/,+61412970855,info@flyingsigns.com.au,105a McNaught Rd,Caboolture,4510,QLD,AU,advertising_agency,"[services_and_business, professional_service, advertising_agency]",0.8235803246498108,5,overture-maps,2026-08-19.0
32b3e3ff-929f-463c-976b-d85980d8e603,Alessandro Pilotto,https://alexpilotto.com/,+61432388865,alex@alexpilotto.com,25 Duncan St,Brisbane,4101,QLD,AU,marketing_agency,"[services_and_business, professional_service, marketing_agency]",0.8232013879716397,5,overture-maps,2026-08-19.0
6c45d8de-7357-48bc-895c-5082b6d9838f,The Lime Lab,https://thelimelab.com.au/,+61738011656,dave@thelimelab.com.au,24 Boxer Ave,Brisbane,4128,QLD,AU,marketing_agency,"[services_and_business, professional_service, marketing_agency]",0.823142175078392,5,overture-maps,2026-08-19.0
a2ed940a-5a3e-4f63-be73-492d74555223,Backtobasics Communication Services,https://backtobasicscommunication.com.au/,+61423568626,summers@backtobasicscommunication.com.au,19 Greenlaw St,Brisbane,4068,QLD,AU,marketing_agency,"[services_and_business, professional_service, marketing_agency]",0.8220023243129253,5,overture-maps,2026-08-19.0
92e6cc31-3e2c-4e03-9b53-4c3134cc9efa,Dezigna Impression,https://dezignaimpression.com.au/,+61738893200,sales@dezignaimpression.com.au,8 Robson St,Brisbane,4019,QLD,AU,advertising_agency,"[services_and_business, professional_service, advertising_agency]",0.8213923873007298,5,overture-maps,2026-08-19.0
bdd6034b-4d28-4fc1-970a-878b19b680e3,Brightfox,https://brightfox.com.au/,+61731770505,info@brightfox.com.au,20 Edmondstone Rd,Brisbane,4006,QLD,AU,software_development,"[services_and_business, technical_service, software_development]",0.8207061044871807,5,overture-maps,2026-08-19.0
504677ba-08a5-4ea2-a36e-0f22672affe1,Meow Media,https://meowmedia.global/,,hello@meowmedia.global,Suite 11B/126 Margaret St,Brisbane,4000,QLD,AU,b2b_advertising_and_marketing_service,"[services_and_business, b2b_service, b2b_office_and_professional_service, b2b_advertising_and_marketing_service]",0.8206892320513726,5,overture-maps,2026-08-19.0
4187d756-c4cf-4fe2-af9b-d2cb4e79c8eb,LimeRiver,https://limeriver.com.au/,+61430782754,hello@limeriver.com.au,"Coomera Waters, 7 Ruthean Cct",Gold Coast,4209,QLD,AU,marketing_agency,"[services_and_business, professional_service, marketing_agency]",0.8194035305082799,5,overture-maps,2026-08-19.0
087ae007-ea98-41e7-8ba7-4c2039f8d572,The Graphic Design Company,https://goldcoastgraphicdesigncompany.com.au/,+61422643568,info@thegraphicdesigncompany.com.au,Unit 6/9 Rothcote Ct,Gold Coast,4220,QLD,AU,graphic_designer,"[services_and_business, design_service, graphic_designer]",0.8191217817366123,5,overture-maps,2026-08-19.0
e5018dec-be63-4c07-b4ab-f39253094b92,Green Light Creative,https://greenlightcreative.com.au/,+61408073595,hello@greenlightcreative.com.au,Shop 8/694 Ann St,Brisbane,4006,QLD,AU,b2b_advertising_and_marketing_service,"[services_and_business, b2b_service, b2b_office_and_professional_service, b2b_advertising_and_marketing_service]",0.8188819381594659,5,overture-maps,2026-08-19.0
421eede3-1bf1-47cb-a6b5-2569f033d90a,Get Business Online Consulting,https://get-business-online.com.au/,+61414482656,gal@get-business-online.com,12 Chelva St,Brisbane,4122,QLD,AU,internet_marketing_service,"[services_and_business, professional_service, internet_marketing_service]",0.8180445368587971,5,overture-maps,2026-08-19.0
b65bb450-2bd4-434c-9958-ad03c663fd40,Barracuda Design and Art,https://barracudadesign.com.au/,+61400830357,paul@barracudadesign.com.au,9 Emuglen Pl,Brisbane,4055,QLD,AU,graphic_designer,"[services_and_business, design_service, graphic_designer]",0.8176365995407104,5,overture-maps,2026-08-19.0
7d32d30a-bc28-4b2d-9fc7-9bcd240e56db,POS Republic,https://posrepublic.com/,+611300177767,admin@posrepublic.com,12 Kerry Rd,Brisbane,4110,QLD,AU,software_development,"[services_and_business, technical_service, software_development]",0.8175223344564437,5,overture-maps,2026-08-19.0
204f5e5f-cc9e-4134-9d15-3eaaf65370f7,Zipgo,https://zipbookz.com.au/,+61741249943,,463 Esplanade,Hervey Bay,4655,QLD,AU,software_development,"[services_and_business, technical_service, software_development]",0.8169665002822877,5,overture-maps,2026-08-19.0
c8efc295-1db7-4f40-96dd-687bcd73f1de,Synyati Enterprise Systems,https://synyati.com.au/,+611300651854,enquiry@synyati.com.au,50 Ross St,Brisbane,4102,QLD,AU,software_development,"[services_and_business, technical_service, software_development]",0.8159085303544998,5,overture-maps,2026-08-19.0
f2944b17-4963-4e27-a887-d229de29b75a,Tropica Store and Studio,https://tropicastoreandstudio.com.au/,,tropicastoreandstudio@gmail.com,78 Gordon St,Gordonvale,4865,QLD,AU,graphic_designer,"[services_and_business, design_service, graphic_designer]",0.8157541751861572,5,overture-maps,2026-08-19.0
c9f42ddc-e1b3-4113-b4da-59fbf3cee870,elogbook,https://elogbook.com.au/,+611300438477,enquiry@elogbook.com.au,"Unit 2, William Jolly Place, 309 N Quay",Brisbane,4000,QLD,AU,software_development,"[services_and_business, technical_service, software_development]",0.8156622160971165,5,overture-maps,2026-08-19.0
2ab4d90c-3892-4833-aff2-5388368fa326,Zudello,https://zudello.com/,+61731860311,hello@zudello.com,Level 1/490 Adelaide St,Brisbane,4000,QLD,AU,software_development,"[services_and_business, technical_service, software_development]",0.8150764755904675,5,overture-maps,2026-08-19.0
f0a1487a-28b6-47f4-9f9b-f2f83166c296,da graphic design,https://dagraphic.com.au/,+61755276627,md@dagraphicdesign.com.au,94 Savoy Dr,Gold Coast,4218,QLD,AU,graphic_designer,"[services_and_business, design_service, graphic_designer]",0.8125393074750901,5,overture-maps,2026-08-19.0
ee2d061b-18c3-47e6-86b5-cc23ceeb292f,YTT Solutions,https://yttsolutions.com.au/,+61754918880,enquiries@yttsolutions.com.au,58 Maple St,Maleny,4552,QLD,AU,software_development,"[services_and_business, technical_service, software_development]",0.8116508981585503,5,overture-maps,2026-08-19.0
b068cef7-2428-441e-ba59-491f57c92c30,Bizdify,https://bizdify.com/,+61736677473,info@bizdify.com,46 Cavill Ave,Gold Coast,4217,QLD,AU,marketing_agency,"[services_and_business, professional_service, marketing_agency]",0.8113326078653336,5,overture-maps,2026-08-19.0
eed8752b-4a2b-440f-8780-b4af53a676b7,Flowd,https://flowd.com.au/,+61754084356,info@flowd.com.au,10 Sunshine Beach Rd,Sunshine Coast,4567,QLD,AU,software_development,"[services_and_business, technical_service, software_development]",0.8113292080163956,5,overture-maps,2026-08-19.0
73dfdf9c-8e2c-4ef0-abb2-e209ffe3d75a,Dollop Digital,https://dollopdigital.com.au/,+61755510282,info@dollopdigital.com.au,1 Meadowview Dr,Gold Coast,4211,QLD,AU,internet_marketing_service,"[services_and_business, professional_service, internet_marketing_service]",0.8060364760458469,5,overture-maps,2026-08-19.0
1e1604cb-9c75-4de5-995d-30dab267ca51,Clipchamp,https://clipchamp.com/,+14699833888,,315 Brunswick St,Brisbane,4006,QLD,AU,software_development,"[services_and_business, technical_service, software_development]",0.8036101594567299,5,overture-maps,2026-08-19.0
26b183e7-0d73-481a-9f53-3f94f0f4fa96,Proactive Integrators,https://proactivei.com.au/,+61733108738,info@proactivei.com.au,"L5 Toowong Tower, 9 Sherwood Rd",Brisbane,4066,QLD,AU,software_development,"[services_and_business, technical_service, software_development]",0.8031612080335617,5,overture-maps,2026-08-19.0
3a899d4c-e808-4ec6-8002-0fcaaffa8bfb,Harris Data Systems,https://harrisdata.com.au/,+61755357677,sales@harrisdata.com.au,7/64 Siganto Dr,Gold Coast,4212,QLD,AU,software_development,"[services_and_business, technical_service, software_development]",0.8021901249885559,5,overture-maps,2026-08-19.0
335820c2-3c3a-4b5f-8532-0894ce9bd588,Better Banter,https://betterbanter.com.au/,+61429034448,amy@betterbanter.com.au,8B Bowen St,Toowoomba,4350,QLD,AU,advertising_agency,"[services_and_business, professional_service, advertising_agency]",0.8015411388874054,5,overture-maps,2026-08-19.0
c2f4fd4b-6391-48ff-b4f4-b861322bccb5,Bright WiFi,https://brightwifi.com/,+61731933437,info@brightwifi.com,217 Margaret St,Brisbane,4000,QLD,AU,software_development,"[services_and_business, technical_service, software_development]",0.8014546175301075,5,overture-maps,2026-08-19.0
99983a17-36d2-47ef-8db2-2e160aff8e69,Magenta Retail,https://magentaretail.com.au/,+61730560550,,"41/3-15 Dennis Road, Level 4, Plaza Chambers",Brisbane,4127,QLD,AU,software_development,"[services_and_business, technical_service, software_development]",0.8001187784969807,5,overture-maps,2026-08-19.0
c5b00752-d30e-43fb-9603-c233d3abe5be,Ignite Design Gold Coast,https://ignitedesign.au/,+61414260280,info@ignitedesigngc.com.au,Tivoli Ct,Gold Coast,4211,QLD,AU,graphic_designer,"[services_and_business, design_service, graphic_designer]",0.7994135977327823,5,overture-maps,2026-08-19.0
5dcad17e-a455-42fb-87d5-6706a60823fc,Qpos Systems Pty Ltd,https://qpos.com.au/,+61754438222,,Unit 4/8 Denna St,Sunshine Coast,4558,QLD,AU,software_development,"[services_and_business, technical_service, software_development]",0.7987882448732853,5,overture-maps,2026-08-19.0
19baefd7-cffa-4102-9730-605c089c18b1,D10 Creative,https://d10.com.au/,+61735116067,,Level 1/149 Wickham Ter,Brisbane,4000,QLD,AU,b2b_advertising_and_marketing_service,"[services_and_business, b2b_service, b2b_office_and_professional_service, b2b_advertising_and_marketing_service]",0.7961432052403689,5,overture-maps,2026-08-19.0
b46aae01-ad96-45a8-a00b-0a53d8c62f3c,Your Business Optimised,https://optimised.net.au/,+61407761272,info@optimised.net.au,Ste 5A/90 Vulture St,Brisbane,4101,QLD,AU,marketing_agency,"[services_and_business, professional_service, marketing_agency]",0.794949861690402,5,overture-maps,2026-08-19.0
d6f55424-d9fd-4eb3-8917-1f79608de3de,So Swell Studio,https://soswellstudio.com.au/,+61492478436,tanya@soswellstudio.com.au,888 Brunswick St,Brisbane,4005,QLD,AU,graphic_designer,"[services_and_business, design_service, graphic_designer]",0.7934747539460659,5,overture-maps,2026-08-19.0
19d265cd-4b2b-400e-8a7e-dd47c5b177af,StairBiz,https://stair.biz/,+61756414520,admin@stair.biz,27 Gordon St,Gold Coast,4215,QLD,AU,software_development,"[services_and_business, technical_service, software_development]",0.791241118311882,5,overture-maps,2026-08-19.0
25e2acd4-dac5-45d9-8f02-8539b5aeca87,Claimz,https://claimz.com.au/,+611300252469,info@claimz.com.au,477 Boundary St Ground floor,Brisbane,4000,QLD,AU,software_development,"[services_and_business, technical_service, software_development]",0.7884047669172287,5,overture-maps,2026-08-19.0
5eab71ca-d80c-4949-b0d0-7c749748277f,DigiSys,https://digisys.com.au/,+611300034100,info@digisys.com.au,Unit 2008/111 Mary St,Brisbane,4000,QLD,AU,software_development,"[services_and_business, technical_service, software_development]",0.7866433521360159,5,overture-maps,2026-08-19.0
158c4767-da57-4d94-9916-18c38c97d5fc,Fast MT4 Coding,https://fastmt4coding.com/,+61455318076,fastmt4coding@gmail.com,533/66 Sickle Ave,Gold Coast,4212,QLD,AU,software_development,"[services_and_business, technical_service, software_development]",0.784210009649396,5,overture-maps,2026-08-19.0
bf0e6d52-5889-4053-8857-ded0a6bd2808,Balmoral Orchard,https://balmoralavos.com/,+61746966388,,160 Evans Rd,Cabarlah,4352,QLD,AU,advertising_agency,"[services_and_business, professional_service, advertising_agency]",0.7800784111022949,5,overture-maps,2026-08-19.0
e8ec99c5-28ce-4ba1-bfca-8236d81a6fef,La La Creative,https://lalacreative.com.au/,+61400224090,lfield@lalacreative.com.au,11 Justin St,Brisbane,4121,QLD,AU,graphic_designer,"[services_and_business, design_service, graphic_designer]",0.7788975434750318,5,overture-maps,2026-08-19.0
93235726-0b9a-4e45-8c46-32c2bf6fb78e,3w IT Consulting and Contracting,https://3w.com.au/,(07) 3889 4027,,249 Oxley Ave,Margate,4019,QLD,AU,advertising_agency,"[services_and_business, professional_service, advertising_agency]",0.77,5,overture-maps,2026-08-19.0
3751b56d-2397-475a-bb31-60317b6a8fe6,Active Silva,https://brishypnosis.com.au/,(07) 3265 6819,,18 Banfield St #10,Chermside,4032,QLD,AU,advertising_agency,"[services_and_business, professional_service, advertising_agency]",0.77,5,overture-maps,2026-08-19.0
17ad9208-da6b-4877-ba76-3c45b690cd8c,Ad Air Promotions,https://adairpromotions.com.au/,(07) 5478 6652,info@adairpromotions.com.au,91 Spring Pastures Dr,Mapleton,4560,QLD,AU,advertising_agency,"[services_and_business, professional_service, advertising_agency]",0.77,5,overture-maps,2026-08-19.0
9db9b737-82a0-48ac-9ff2-a95dbeb5447c,Adcorp Australia,https://coraustralia.com/,(07) 3839 4999,,17 Henry St Level 1,Spring Hill,4000,QLD,AU,advertising_agency,"[services_and_business, professional_service, advertising_agency]",0.77,5,overture-maps,2026-08-19.0
4547c62a-82a2-4992-91be-7c7a3ea869b9,Adminlink Plus,https://adminlinkplus.com.au/,(07) 5476 0022,leticia@adminlinkplus.com.au,3 Anticipation Cl,Nambour,4560,QLD,AU,advertising_agency,"[services_and_business, professional_service, advertising_agency]",0.77,5,overture-maps,2026-08-19.0
429c8c14-123c-404f-bea0-1477adfdc9ec,Admor Concepts,https://admor.com.au/,0413 202 897,,334 Newmarket Rd,Newmarket,4051,QLD,AU,advertising_agency,"[services_and_business, professional_service, advertising_agency]",0.77,5,overture-maps,2026-08-19.0
e9bea872-a05e-46b7-a48e-7a34fca2c68f,Adpower Plus,https://adpower.com.au/,(07) 5474 9997,,30 Whale Dr,Castaways Beach,4567,QLD,AU,advertising_agency,"[services_and_business, professional_service, advertising_agency]",0.77,5,overture-maps,2026-08-19.0
0689b866-e388-43b6-bf62-cece2f084b59,Ads-Up Graphics,https://adsup.com.au/,(07) 3356 3746,,126 Wilston Rd,Newmarket,4051,QLD,AU,advertising_agency,"[services_and_business, professional_service, advertising_agency]",0.77,5,overture-maps,2026-08-19.0
86fd77bd-096f-4804-834d-20ce17e5f324,Adz,https://adz.com.au/,(07) 3821 2733,,9 Martingale Ct,Cleveland,4163,QLD,AU,advertising_agency,"[services_and_business, professional_service, advertising_agency]",0.77,5,overture-maps,2026-08-19.0
dfe38f31-f7f5-45cc-9097-1ce8b3613f6d,Adz Impact Promotional Products,https://adzimpact.com.au/,(07) 3366 2118,info@adzimpact.com.au,31 Royal Pde,Ashgrove,4060,QLD,AU,advertising_agency,"[services_and_business, professional_service, advertising_agency]",0.77,5,overture-maps,2026-08-19.0
8fe0b066-3d89-4aab-8c72-9155e4981cb2,Aftermath Screenprinting,https://aftermath.com.au/,0410 306 374,aftermath@aftermath.com.au,21 Norman St,East Brisbane,4169,QLD,AU,advertising_agency,"[services_and_business, professional_service, advertising_agency]",0.77,5,overture-maps,2026-08-19.0
c9f5715c-25ef-463a-8cd7-3fce3f895506,All-Biz-Art,https://allbizart.com.au/,(07) 4922 1489,,161 East St,Rockhampton,4700,QLD,AU,advertising_agency,"[services_and_business, professional_service, advertising_agency]",0.77,5,overture-maps,2026-08-19.0
7459997f-3e05-4bfc-ade3-abcc23d5e507,Alliance,https://greaterwhitsundayalliance.com.au/,(07) 4957 6163,,134 Victoria St,Mackay,4740,QLD,AU,advertising_agency,"[services_and_business, professional_service, advertising_agency]",0.77,5,overture-maps,2026-08-19.0
25b3647e-e7bc-42aa-886f-2ab8f685ca2d,AM Promo Print,https://prprint.com.au/,(07) 3205 5307,,666 Gympie Rd Unit 18,Lawnton,4501,QLD,AU,advertising_agency,"[services_and_business, professional_service, advertising_agency]",0.77,5,overture-maps,2026-08-19.0
0182ee01-c7a1-4d29-9264-28b6cef2ca58,American Pacific Agencies,https://hatfactory.com.au/,(07) 3375 7187,,1 Argyle St,Seventeen Mile Rocks,4073,QLD,AU,advertising_agency,"[services_and_business, professional_service, advertising_agency]",0.77,5,overture-maps,2026-08-19.0
5b6bb97c-d606-427b-ba40-811eb8a20c2c,Anatomy Klothing Ko.,https://sunprints.com.au/,(07) 3841 1869,,5 Ferguson St Unit 1,Underwood,4119,QLD,AU,advertising_agency,"[services_and_business, professional_service, advertising_agency]",0.77,5,overture-maps,2026-08-19.0
0cea7c3a-3ddc-4b73-b268-ad97e0a71195,Arch Fraley Photographics,https://archfraley.com/,(07) 4725 2900,,161 Ross River Rd,Townsville,4810,QLD,AU,advertising_agency,"[services_and_business, professional_service, advertising_agency]",0.77,5,overture-maps,2026-08-19.0
41889b35-3f86-4364-a63b-5e82ec4b3b92,Architectural Sign Systems Australia,https://assasigns.com.au/,(07) 3275 7900,,33a Success St,Acacia Ridge,4110,QLD,AU,advertising_agency,"[services_and_business, professional_service, advertising_agency]",0.77,5,overture-maps,2026-08-19.0
719961fd-23d5-4ad3-8930-459983128362,ATP Advertising,https://atpadvertising.com.au/,(07) 5455 0250,,59 Duporth Ave,Maroochydore,4558,QLD,AU,advertising_agency,"[services_and_business, professional_service, advertising_agency]",0.77,5,overture-maps,2026-08-19.0
afa9359b-155b-4d4b-b336-dd4cec605ead,AU Music Productions,https://aumusicproductions.com.au/,(07) 3187 8889,,72 McLachlan St #2,Fortitude Valley,4006,QLD,AU,advertising_agency,"[services_and_business, professional_service, advertising_agency]",0.77,5,overture-maps,2026-08-19.0
04a964f2-8256-4ad3-b6ca-3a4eb389f23d,Audio Advantage,https://audioadvantage.com.au/,0411 481 735,,241 Given Tce Suite 1,Paddington,4064,QLD,AU,advertising_agency,"[services_and_business, professional_service, advertising_agency]",0.77,5,overture-maps,2026-08-19.0
1e849d2d-4f5b-4943-a723-3a61343c02fa,Aus Signage,https://aussignage.com.au/,0416 564 885,sales@aussignage.com.au,8 Pinter Dr,Southport,4215,QLD,AU,advertising_agency,"[services_and_business, professional_service, advertising_agency]",0.77,5,overture-maps,2026-08-19.0
67781c21-d4f2-4f41-9e2e-8334295b19f4,AusMerchandise,https://ausmerchandise.com.au/,0413 703 047,sales@ausmerchandise.com.au,24 Jullyan St,Albany Creek,4035,QLD,AU,advertising_agency,"[services_and_business, professional_service, advertising_agency]",0.77,5,overture-maps,2026-08-19.0
a40635be-52bd-4852-b909-b8513c7feb66,Awardshub.Com,https://awardshub.com/,(07) 5451 1315,,12 Norval Ct #11,Maroochydore,4558,QLD,AU,advertising_agency,"[services_and_business, professional_service, advertising_agency]",0.77,5,overture-maps,2026-08-19.0
051b2ee5-e016-41fe-94a0-0c6d0ec82ad3,Axemedia,https://axemedia.com.au/,(07) 5641 0154,,2 Corporate Ct,Gold Coast,4217,QLD,AU,internet_marketing_service,"[services_and_business, professional_service, internet_marketing_service]",0.77,5,overture-maps,2026-08-19.0
c76f7deb-033b-4e77-921b-a8712cc7dedc,Axis Campaigns,https://axiscampaigns.com.au/,(07) 3369 6766,,8 Petrie Tce #3,Brisbane,4000,QLD,AU,advertising_agency,"[services_and_business, professional_service, advertising_agency]",0.77,5,overture-maps,2026-08-19.0
94c42670-e8ce-40b4-92d1-1b88809a5ef3,Balloon Print Australia,https://carline.com.au/,(07) 5593 4555,,22 Junction Rd Factory 5,Burleigh Heads,4220,QLD,AU,advertising_agency,"[services_and_business, professional_service, advertising_agency]",0.77,5,overture-maps,2026-08-19.0
2aca1302-1661-4f3c-8afc-db77fd4ed674,Batta Signs,https://battasigns.com/,(07) 3293 2563,,33 Sir Dapper Dr,Burpengary,4505,QLD,AU,advertising_agency,"[services_and_business, professional_service, advertising_agency]",0.77,5,overture-maps,2026-08-19.0
f5ad4729-7fcf-4326-8ecd-76f1dfdcfd4d,Bay Antenna & Cabling Service,https://bayantennas.com.au/,(07) 4194 0039,info@bayantennas.com.au,69 Oleander Ave,Scarness,4655,QLD,AU,advertising_agency,"[services_and_business, professional_service, advertising_agency]",0.77,5,overture-maps,2026-08-19.0
8c16ac38-25eb-47e5-abf4-a455cdd3625d,Bay Graphics,https://baygraphics.com.au/,0406 505 097,,112 Kingston Rd,Underwood,4119,QLD,AU,advertising_agency,"[services_and_business, professional_service, advertising_agency]",0.77,5,overture-maps,2026-08-19.0
fce5909c-252a-4d6d-8129-1fe66a5c53f7,Beach Hut Screenprinting,https://beachhutscreenprinting.com.au/,(07) 5446 8450,info@beachhutscreenprinting.com.au,2 Machinery Rd,Yandina,4561,QLD,AU,advertising_agency,"[services_and_business, professional_service, advertising_agency]",0.77,5,overture-maps,2026-08-19.0
a412ca9b-da55-4070-b15e-ee3f6569894d,BeNext,https://benext.com.au/,(07) 3231 5936,,1 Eagle St #13,Brisbane,4000,QLD,AU,advertising_agency,"[services_and_business, professional_service, advertising_agency]",0.77,5,overture-maps,2026-08-19.0
44c210ae-b61d-44f3-9ddc-88f0d07e019d,Big Splash Communications,https://bigsplash.net.au/,(07) 3399 4000,info@bigsplash.net.au,336 Wynnum Rd,Norman Park,4170,QLD,AU,advertising_agency,"[services_and_business, professional_service, advertising_agency]",0.77,5,overture-maps,2026-08-19.0
0db8f55b-79ae-45ba-b398-036f531a1456,Bizlynx,https://bizlynx.com.au/,0411 169 424,sales@bizlynx.com.au,67 Dennis Rd Unit 1,Springwood,4127,QLD,AU,advertising_agency,"[services_and_business, professional_service, advertising_agency]",0.77,5,overture-maps,2026-08-19.0
83e690e0-adb8-4746-94a4-2fb165e89d58,Bizpep,https://bizpeponline.com/,0403 018 055,,49-51 River Esplanade Unit 2,Mooloolaba,4557,QLD,AU,advertising_agency,"[services_and_business, professional_service, advertising_agency]",0.77,5,overture-maps,2026-08-19.0
95266111-06fc-4142-a2c6-cf906707ee7f,Black Canvas,https://blackcanvas.com.au/,(07) 4613 1010,hello@blackcanvas.com.au,456 Ruthven St,Toowoomba,4350,QLD,AU,advertising_agency,"[services_and_business, professional_service, advertising_agency]",0.77,5,overture-maps,2026-08-19.0
270bec0f-ff1d-424a-8a47-c7ec9ecdaf23,Bolt Promotions,https://boltpromotions.com.au/,0413 049 108,,130 Bundall Rd Level 3 Suite 31,Gold Coast,4217,QLD,AU,advertising_agency,"[services_and_business, professional_service, advertising_agency]",0.77,5,overture-maps,2026-08-19.0
a590df8c-1243-4263-b18e-0a613e6f4d8f,Branded Smart,https://brandedsmart.com.au/,1300 154 553,,"70 Meakin Rd Suite 5, Unit 70",Meadowbrook,4131,QLD,AU,advertising_agency,"[services_and_business, professional_service, advertising_agency]",0.77,5,overture-maps,2026-08-19.0
41b19ee2-f165-4136-bb37-aeed5e663f62,Brandhaus,https://brandhaus.com.au/,(07) 5574 3744,,130 Bundall Rd Lev 4,Bundall,4217,QLD,AU,advertising_agency,"[services_and_business, professional_service, advertising_agency]",0.77,5,overture-maps,2026-08-19.0
c0e459a1-7075-42ba-9727-822725771513,Brandtree Brisbane,https://brandtree.com.au/,0410 100 151,,33 Redcliffe Pde,Redcliffe,4020,QLD,AU,advertising_agency,"[services_and_business, professional_service, advertising_agency]",0.77,5,overture-maps,2026-08-19.0
fc0bc013-5e46-42eb-ac64-719363c695fd,Bravo Productions,https://bravoproductions.com.au/,0418 885 160,,2 Old Cleveland Rd,Greenslopes,4120,QLD,AU,advertising_agency,"[services_and_business, professional_service, advertising_agency]",0.77,5,overture-maps,2026-08-19.0
e902ec8f-42d6-4e00-b1e0-fbbbccef857b,Brighter Ideas,https://brighterideas.com.au/,(07) 3881 0037,sales@brighterideas.com.au,18 Moonbi St Unit 2,Brendale,4500,QLD,AU,advertising_agency,"[services_and_business, professional_service, advertising_agency]",0.77,5,overture-maps,2026-08-19.0
e2b02790-b7de-487b-975c-8a191951d232,Brisbane Bayside Information,https://brisbanebayside.com/,(07) 3333 2181,,Point O'Halloran Rd,Victoria Point,4156,QLD,AU,advertising_agency,"[services_and_business, professional_service, advertising_agency]",0.77,5,overture-maps,2026-08-19.0
e856fc78-bb66-4d48-9cb7-f29ac01f9f95,BSL Savi,https://bslsavi.com.au/,(07) 4050 4830,,185 Mulgrave Rd Suite 4,Cairns,4870,QLD,AU,advertising_agency,"[services_and_business, professional_service, advertising_agency]",0.77,5,overture-maps,2026-08-19.0
143a5bd8-c971-4e55-b232-69761f2062f1,Bundaberg Catalogue Distributors,https://localsearch.com.au/,0402 577 748,,22 Commercial St Shed 2F,Bundaberg,4670,QLD,AU,advertising_agency,"[services_and_business, professional_service, advertising_agency]",0.77,5,overture-maps,2026-08-19.0
d8ffd5bb-271d-4d41-bbb6-03f304ac6f19,Bush 'N' Beach Fishing Newspaper,https://bnbfishing.com.au/,(07) 3286 1833,,120 Bloomfield St Unit 38,Cleveland,4163,QLD,AU,advertising_agency,"[services_and_business, professional_service, advertising_agency]",0.77,5,overture-maps,2026-08-19.0
4dbccdb0-eb88-40c8-9cd4-478951a5f381,Business Center Max,https://businesscentermax.com/,0437 979 963,,82 Western St,Rockhampton,4700,QLD,AU,advertising_agency,"[services_and_business, professional_service, advertising_agency]",0.77,5,overture-maps,2026-08-19.0
c0415a2f-6187-4825-91ac-14284d18028e,BusinessNET,https://businessnet.com.au/,(07) 3849 8982,,14 Mount Gravatt-Capalaba Rd #2,Upper Mount Gravatt,4122,QLD,AU,advertising_agency,"[services_and_business, professional_service, advertising_agency]",0.77,5,overture-maps,2026-08-19.0
3411aedb-d7c5-415f-a60b-6a1927d25a1c,Buzzin Logan,https://logan.buzzin.today/,0422 953 063,,16 Clarendon St,Loganholme,4129,QLD,AU,advertising_agency,"[services_and_business, professional_service, advertising_agency]",0.77,5,overture-maps,2026-08-19.0
8c9ec090-e55c-42f3-b2f1-bfa24aa9d6f9,Capital City Connections,https://capcit.com.au/,(07) 3216 1771,,2 Jeays St Level 1,Bowen Hills,4006,QLD,AU,advertising_agency,"[services_and_business, professional_service, advertising_agency]",0.77,5,overture-maps,2026-08-19.0
56b6967a-ea21-4c59-a4bd-97c85cd634ed,Capricorn Promotional Products,https://cpponline.com.au/,(07) 4926 5262,,13 Meikleville St,Yeppoon,4703,QLD,AU,advertising_agency,"[services_and_business, professional_service, advertising_agency]",0.77,5,overture-maps,2026-08-19.0
9a6dce15-9f35-4e99-bd41-acb7d5a37b1b,Career Edge,https://careeredge.com.au/,(07) 3824 5200,,147 Redland Bay Rd,Capalaba,4157,QLD,AU,advertising_agency,"[services_and_business, professional_service, advertising_agency]",0.77,5,overture-maps,2026-08-19.0
f973f3d7-4f32-41b8-b8aa-946dca2d8401,Central & Northern Public Relations,https://davidhallmassage.com/,(07) 4774 8192,,13 Payne St,Mount Louisa,4814,QLD,AU,advertising_agency,"[services_and_business, professional_service, advertising_agency]",0.77,5,overture-maps,2026-08-19.0
644bb2dc-ae8b-43ab-b520-991b717c148e,Cerule Group,https://ceruleconsulting.com/,0431 070 429,,127 Creek St Level 22,Brisbane City,4000,QLD,AU,advertising_agency,"[services_and_business, professional_service, advertising_agency]",0.77,5,overture-maps,2026-08-19.0
a4d1f2e5-b0ff-40f2-a382-96b224e8ca88,Chris Fisher & Associates,https://chrisfisher.com.au/,(07) 4933 7077,,148 Scenic Hwy,Lammermoor,4703,QLD,AU,advertising_agency,"[services_and_business, professional_service, advertising_agency]",0.77,5,overture-maps,2026-08-19.0
1aad9581-508a-4eb1-8cb0-b3ac9c997207,City Coast & Country Trader,https://ccctrader.com.au/,(07) 4153 1981,,48 Ritchie St,Bundaberg,4670,QLD,AU,advertising_agency,"[services_and_business, professional_service, advertising_agency]",0.77,5,overture-maps,2026-08-19.0
1e4a12ef-bbdc-4d7b-9fec-651b6fe1f9dc,Cliqued,https://cliqued.com.au/,(07) 2103 8105,,12 Manburgh Tce #3,Darra,4076,QLD,AU,advertising_agency,"[services_and_business, professional_service, advertising_agency]",0.77,5,overture-maps,2026-08-19.0
89d164c5-4682-4519-b809-492e208e7bf6,Clockwork Administration Services,https://cwc.co/,(07) 3288 7330,,16 Tallowood St,Yamanto,4305,QLD,AU,advertising_agency,"[services_and_business, professional_service, advertising_agency]",0.77,5,overture-maps,2026-08-19.0
f5749125-4e8f-48c5-a5f9-75be97090fd7,Compass Concepts,https://compassconcepts.com.au/,1300 633 859,info@compassconcepts.com.au,160 Park Rd,Woolloongabba,4102,QLD,AU,advertising_agency,"[services_and_business, professional_service, advertising_agency]",0.77,5,overture-maps,2026-08-19.0
b7fe7697-a2d4-457c-a012-994bed7aa912,Content First,https://contentfirst.com.au/,(07) 3062 8373,,154 Lytton Rd #2,Brisbane,,QLD,AU,advertising_agency,"[services_and_business, professional_service, advertising_agency]",0.77,5,overture-maps,2026-08-19.0
2ff15ad5-0da0-42d0-840f-dc9b71f6bad7,Coo'ee,https://cooeebrisbane.com/,(07) 3435 3435,,11 Bayswater St,Paddington,4064,QLD,AU,advertising_agency,"[services_and_business, professional_service, advertising_agency]",0.77,5,overture-maps,2026-08-19.0
80a41294-c17a-401c-8955-d6eaa6c91456,Copywriters International,https://copywritersinternational.com/,0435 866 422,,1/30 Chancellor Village Blvd,Sippy Downs,4556,QLD,AU,advertising_agency,"[services_and_business, professional_service, advertising_agency]",0.77,5,overture-maps,2026-08-19.0
fc39f56f-0dd2-457e-b5b3-3fc34c3f6313,D. M. W. Sales Group Independent Distributor Pro-Ma Systems,https://denniswood.pro-masystems.com.au/,(07) 3208 1560,info@pro-masystems.co.nz,10 Mawson St,Woodridge,4114,QLD,AU,advertising_agency,"[services_and_business, professional_service, advertising_agency]",0.77,5,overture-maps,2026-08-19.0
3632578d-b3e4-41ae-b288-fc510c9eecd5,Datarati,https://datarati.com.au/,(02) 9045 0946,,99 Melbourne Street,South Brisbane,4101,QLD,AU,advertising_agency,"[services_and_business, professional_service, advertising_agency]",0.77,5,overture-maps,2026-08-19.0
f98761c7-c979-42e1-ae73-7ba506856ae3,Display Craft,https://displaycraft.com.au/,(07) 3391 4069,mail@displaycraft.com.au,40 Caswell St,East Brisbane,4169,QLD,AU,advertising_agency,"[services_and_business, professional_service, advertising_agency]",0.77,5,overture-maps,2026-08-19.0
e6dc84ac-45b5-434f-90b2-b5d70aa4ac1a,Distinct Edge,https://distinctedge.com.au/,(07) 3277 5039,,121 Kerry Rd #7,Archerfield,4108,QLD,AU,advertising_agency,"[services_and_business, professional_service, advertising_agency]",0.77,5,overture-maps,2026-08-19.0
dc965681-cb22-4669-9bed-1cc7476791a8,Double Take Publishing,https://doublet.co/,(07) 5494 3811,,39 Maple St #1,Maleny,4552,QLD,AU,advertising_agency,"[services_and_business, professional_service, advertising_agency]",0.77,5,overture-maps,2026-08-19.0
3e1dea53-c3a9-41f1-ad59-94311bc6270c,Driven,https://driven.agency/,(07) 3831 2801,,"5/215 Wharf St, Spring Hill QLD 4000",Spring Hill,4000,QLD,AU,advertising_agency,"[services_and_business, professional_service, advertising_agency]",0.77,5,overture-maps,2026-08-19.0
53d01dec-eda1-4261-979b-9eae08ec4437,Due North,https://duenorth.com.au/,1300 375 356,,9 Mariner Pl,Twin Waters,4564,QLD,AU,advertising_agency,"[services_and_business, professional_service, advertising_agency]",0.77,5,overture-maps,2026-08-19.0
b9e8bdf2-5992-4047-85e7-e1292c4d3d5c,East Coast Engraving,https://eastcoastengraving.com.au/,(07) 3396 3508,e.e.a@bigpond.com,120 Bay Tce Shop 3,Wynnum,4178,QLD,AU,advertising_agency,"[services_and_business, professional_service, advertising_agency]",0.77,5,overture-maps,2026-08-19.0
d6091ab5-3d16-4dcf-b79d-8005b528032f,Elucid Business Solutions,https://elucidbusiness.com.au/,(07) 4681 2232,,19 Victoria St,Stanthorpe,4380,QLD,AU,advertising_agency,"[services_and_business, professional_service, advertising_agency]",0.77,5,overture-maps,2026-08-19.0
79b5b428-9726-47be-a1ad-8fbf82335747,Englander Davis,https://englanderdavis.com/,1300 640 508,info@englanderdavis.com,45 Brisbane Rd Suite 8,Mooloolaba,4557,QLD,AU,advertising_agency,"[services_and_business, professional_service, advertising_agency]",0.77,5,overture-maps,2026-08-19.0
1b1915c7-7960-492e-9f4c-c868f53f1bea,Enso Consultancy,https://enso.com.au/,(07) 3503 8575,info@ensoconsultancy.com.au,249 Montague Rd #1,West End,4101,QLD,AU,advertising_agency,"[services_and_business, professional_service, advertising_agency]",0.77,5,overture-maps,2026-08-19.0
05c519f8-01da-461a-a836-e5728a3a69f2,EPISTAR Australia - LED Signs,https://epistar.com.au/,1300 853 432,,44 Princess St,Bundaberg,4670,QLD,AU,advertising_agency,"[services_and_business, professional_service, advertising_agency]",0.77,5,overture-maps,2026-08-19.0
59c586c6-35b5-457b-be7c-7c015b614494,ES Wigg & Son,https://wigg.com.au/,(07) 3256 0422,,281 Sandgate Rd Suite 3,Albion,4010,QLD,AU,advertising_agency,"[services_and_business, professional_service, advertising_agency]",0.77,5,overture-maps,2026-08-19.0
d9b24e35-0116-4162-8c92-87e33f9db88d,Escapee Clothing,https://escapee.com.au/,(07) 5447 2333,,Lot 10 Pioneer Rd Lot 10,Yandina,4561,QLD,AU,advertising_agency,"[services_and_business, professional_service, advertising_agency]",0.77,5,overture-maps,2026-08-19.0
86887a72-c1a5-4264-bccf-496097a1cc4a,Expolite Advertising & Display,https://expolite.com.au/,(07) 3286 1716,,20 Thorn St,Ormiston,4160,QLD,AU,advertising_agency,"[services_and_business, professional_service, advertising_agency]",0.77,5,overture-maps,2026-08-19.0
fd8517d1-6c34-4c50-b13d-cf66643c9d77,Expose Yourself Letterbox Distribution,https://exposeyourself.info/,0406 665 709,bestdelivery@exposeyourself.info,16 Natasha St Unit 7,Capalaba,4157,QLD,AU,advertising_agency,"[services_and_business, professional_service, advertising_agency]",0.77,5,overture-maps,2026-08-19.0
1b829999-9ba2-447b-8bb8-fcfea1d2aa65,F5,https://f5studio.com.au/,0412 394 277,,720 MacArthur Ave #5,Pinkenba,4008,QLD,AU,advertising_agency,"[services_and_business, professional_service, advertising_agency]",0.77,5,overture-maps,2026-08-19.0
7462ceaf-51bc-4115-b5f8-ce0aa72f58a5,Fabrizia,https://fabrizia.com.au/,(07) 5450 6766,,179 Ocean Dr Unit 34,Twin Waters,4564,QLD,AU,advertising_agency,"[services_and_business, professional_service, advertising_agency]",0.77,5,overture-maps,2026-08-19.0
30fc42e9-b618-49ce-88de-56d6fab54f26,Faye Rolph Promotions,https://nataliehall.com.au/,(07) 3871 0906,,621 Coronation Dr Suite 3,Toowong,4066,QLD,AU,advertising_agency,"[services_and_business, professional_service, advertising_agency]",0.77,5,overture-maps,2026-08-19.0
85c8bcd1-a8ea-4b6b-bce6-012609fa37b9,Firefly Solutions,https://fireflysolutions.com.au/,0403 023 802,danielle@fireflysolutions.com.au,499 Black Mountain Rd,Cooroy,4563,QLD,AU,advertising_agency,"[services_and_business, professional_service, advertising_agency]",0.77,5,overture-maps,2026-08-19.0
dfcd47f4-df5f-4f15-a8bd-4eaee4bce1df,First Impressions,https://firstresumes.com.au/,0402 889 596,f.i.resumes@bigpond.com,17 Boyd St,Tugun,4224,QLD,AU,advertising_agency,"[services_and_business, professional_service, advertising_agency]",0.77,5,overture-maps,2026-08-19.0
a3aeba20-38ab-4175-833e-5d1d5e618f9e,First Print,https://firstprint.com.au/,(07) 5594 6469,admin@firstprint.com.au,8 Reichert Dr Unit 2,Molendinar,4214,QLD,AU,advertising_agency,"[services_and_business, professional_service, advertising_agency]",0.77,5,overture-maps,2026-08-19.0
822f2a80-6862-45cb-8382-6b045d27e15d,Gangsta Wraps,https://gwraps.com.au/,(07) 3892 3312,,30 Spine St,Sumner,4074,QLD,AU,advertising_agency,"[services_and_business, professional_service, advertising_agency]",0.77,5,overture-maps,2026-08-19.0
4f30a6b7-5f9e-4515-96ba-5495fe537868,GC Wraps,https://gcwraps.com.au/,(07) 5563 1345,,1 Precision Dr #1,Gold Coast,4214,QLD,AU,advertising_agency,"[services_and_business, professional_service, advertising_agency]",0.77,5,overture-maps,2026-08-19.0
914fe916-e8ae-485c-8cdb-0b8a6d8f3599,George Patterson Y&R,https://gpyr.com.au/,(07) 3218 1000,,108 Wickham St.,Fortitude Valley,4006,QLD,AU,advertising_agency,"[services_and_business, professional_service, advertising_agency]",0.77,5,overture-maps,2026-08-19.0
19fde8a3-1492-4c39-ae6a-20d790030b6e,Gibsons Consulting,https://gibsons.com.au/,(07) 3025 3220,,349 Coronation Dr #3,Milton,4064,QLD,AU,advertising_agency,"[services_and_business, professional_service, advertising_agency]",0.77,5,overture-maps,2026-08-19.0
65471af6-75da-4bf5-84b8-37e8aa7432c1,GO Print Townsville,https://goprint.com.au/,(07) 4773 4893,,167 Denham St,Townsville,4810,QLD,AU,advertising_agency,"[services_and_business, professional_service, advertising_agency]",0.77,5,overture-maps,2026-08-19.0
584e43b3-3c25-4858-8657-bb3123921e5f,Gold Coast TV Advertising Network,https://goldcoasttv.com.au/,(07) 5532 9121,,5 Admiralty Dr,Bundall,4217,QLD,AU,advertising_agency,"[services_and_business, professional_service, advertising_agency]",0.77,5,overture-maps,2026-08-19.0
28071344-888e-4aa3-823d-9be6877a9d96,Goliath Productions,https://goliathproductions.com.au/,0449 826 479,,16 Fodora Pl,Burpengary,4505,QLD,AU,advertising_agency,"[services_and_business, professional_service, advertising_agency]",0.77,5,overture-maps,2026-08-19.0
c57631fe-9103-4253-9486-0a964fa21497,Good Look Signs,https://goodlook.com.au/,(07) 3801 1911,,5 Drews Rd,Shailer Park,4128,QLD,AU,advertising_agency,"[services_and_business, professional_service, advertising_agency]",0.77,5,overture-maps,2026-08-19.0
180bb2aa-2319-4c18-8bb8-023dcef5acda,Grand Brands,https://grandbrands.com.au/,(07) 3122 5444,,292 Hawthorne Rd Suite 3,Hawthorne,4171,QLD,AU,advertising_agency,"[services_and_business, professional_service, advertising_agency]",0.77,5,overture-maps,2026-08-19.0
0fc15933-632d-4e55-9c31-447f1708c9db,Graphic Litho,https://graphiclitho.com.au/,(07) 3275 1100,,56 Annie St,Rocklea,4106,QLD,AU,advertising_agency,"[services_and_business, professional_service, advertising_agency]",0.77,5,overture-maps,2026-08-19.0
14b89989-b982-4d2f-ae02-ae5a4659d33c,Graphic Wraps,https://graphicwraps.com.au/,0423 006 619,,11 Elandra Tce,Pomona,4568,QLD,AU,advertising_agency,"[services_and_business, professional_service, advertising_agency]",0.77,5,overture-maps,2026-08-19.0
92382b07-1c0f-407f-b733-566a8faa1af7,Graphically Speaking,https://gspeak.com.au/,(07) 4061 6105,,21 Moriarty St,Innisfail,4860,QLD,AU,advertising_agency,"[services_and_business, professional_service, advertising_agency]",0.77,5,overture-maps,2026-08-19.0
1ed358d0-36ff-4155-9800-20b74bec5bdf,H2h Lifestyle,https://h2hlifestyle.com/,(07) 5596 0744,,24 Palings Ct Unit 5,Nerang,4211,QLD,AU,advertising_agency,"[services_and_business, professional_service, advertising_agency]",0.77,5,overture-maps,2026-08-19.0
d7836a71-217c-4487-b681-47f71461db38,Heart Harmony Communications,https://heartcomms.com.au/,(07) 3351 8844,info@heartcomms.com.au,4 Ironwood Ct Suite 1,Arana Hills,4054,QLD,AU,advertising_agency,"[services_and_business, professional_service, advertising_agency]",0.77,5,overture-maps,2026-08-19.0
421d0b3a-2e87-4211-a70d-8208b1b51f70,HelloQld,https://helloqld.com/,0415 150 483,,52 Candlebark Crescent,Chapel Hill,4069,QLD,AU,advertising_agency,"[services_and_business, professional_service, advertising_agency]",0.77,5,overture-maps,2026-08-19.0
05e8a67a-4b24-4aaa-83cc-97f3004426fa,Hitme Hosting,https://hitmehosting.com.au/,(07) 4057 9143,,134 Cottesloe Dr,Kewarra Beach,4879,QLD,AU,advertising_agency,"[services_and_business, professional_service, advertising_agency]",0.77,5,overture-maps,2026-08-19.0
b1ee7565-22e6-4af8-bf59-6fa8828112dc,Home Helper Magazine,https://homehelpermagazine.com.au/,(07) 4153 4828,,39 Bourbong St,Bundaberg,4670,QLD,AU,advertising_agency,"[services_and_business, professional_service, advertising_agency]",0.77,5,overture-maps,2026-08-19.0
78e82a46-a2cc-47f9-8e3f-7c45b797aed6,Hospitality One,https://mailezy.com.au/,(07) 5477 5656,,25 Mace Dr,Buderim,4556,QLD,AU,advertising_agency,"[services_and_business, professional_service, advertising_agency]",0.77,5,overture-maps,2026-08-19.0
a0598604-7aeb-463c-91e0-911b4af6c7db,I-View,https://iview.com.au/,(07) 3016 7600,,80 Stamford Rd Suite 3A,Indooroopilly,4068,QLD,AU,advertising_agency,"[services_and_business, professional_service, advertising_agency]",0.77,5,overture-maps,2026-08-19.0
0a453bbd-e7c9-43ae-b607-9e038e70f406,IB Consultants,https://ibconsultants.com.au/,1300 772 537,,1 Chant St,Broadbeach,4218,QLD,AU,advertising_agency,"[services_and_business, professional_service, advertising_agency]",0.77,5,overture-maps,2026-08-19.0
be52caaf-65cd-4f58-9ec5-f465e591d1b7,Ideas Unltd,https://ideasunltd.com.au/,(07) 3880 3247,,91 Landsborough Ave Level 1,Scarborough,4020,QLD,AU,advertising_agency,"[services_and_business, professional_service, advertising_agency]",0.77,5,overture-maps,2026-08-19.0
a2bec745-ef45-4bc9-b506-39ff23c344e2,IG Print,https://igprint.com.au/,(07) 3272 7000,,57 Boyland Ave #3,Coopers Plains,4108,QLD,AU,advertising_agency,"[services_and_business, professional_service, advertising_agency]",0.77,5,overture-maps,2026-08-19.0
16ab3c29-7ca2-4087-a721-5c06dc5782d9,IM-Magic Print,https://immagic.com.au/,(07) 3283 1088,,349 Macdonnell Rd Unit 10,Clontarf,4019,QLD,AU,advertising_agency,"[services_and_business, professional_service, advertising_agency]",0.77,5,overture-maps,2026-08-19.0
14d54422-4ef0-4aa1-9eec-a2398d3b0a72,Imaginicity,https://kristinasview.com/,(07) 5448 9465,,885 David Low Way #106,Marcoola,4564,QLD,AU,advertising_agency,"[services_and_business, professional_service, advertising_agency]",0.77,5,overture-maps,2026-08-19.0
741b56a3-ab04-4e22-abc3-c46b5f395419,Impact Gear,https://impactgear.com.au/,(07) 5446 5016,,84 Doonan Bridge Rd,Coolum Beach,4573,QLD,AU,advertising_agency,"[services_and_business, professional_service, advertising_agency]",0.77,5,overture-maps,2026-08-19.0
b9d5f751-ed9b-4e86-8f26-81f2be2cc85c,Industrial Market Research Imr Qld,https://imrq.com.au/,(07) 5679 5188,,14 Hermitage St,Eight Mile Plains,4113,QLD,AU,advertising_agency,"[services_and_business, professional_service, advertising_agency]",0.77,5,overture-maps,2026-08-19.0
4112e47b-87e7-4276-ae36-b8a32abb3679,Insurance Partners,https://insurancepartners.com.au/,(07) 3495 0037,info@insurancepartners.com.au,526 Gympie Rd,Strathpine,4500,QLD,AU,advertising_agency,"[services_and_business, professional_service, advertising_agency]",0.77,5,overture-maps,2026-08-19.0
73a61ed0-1615-48f7-a231-b4e0dc708646,Integrity Business Network,https://jamescagney.com.au/,1300 563 543,,82-86 Limetree Pde #13,Gold Coast,4216,QLD,AU,advertising_agency,"[services_and_business, professional_service, advertising_agency]",0.77,5,overture-maps,2026-08-19.0
999e3cf5-115c-4670-96ad-da87f4f07a77,iOnline,https://ionline.com.au/,1800 466 546,,3/42 Lawrence Drive,Nerang,4211,QLD,AU,internet_marketing_service,"[services_and_business, professional_service, internet_marketing_service]",0.77,5,overture-maps,2026-08-19.0
2b6fe395-6467-49dc-aa08-c4382a464296,Ipresenters,https://ipresenters.com.au/,1300 218 121,simon@ipresenters.com,3/18 Kamholz Court,Arundel,4214,QLD,AU,advertising_agency,"[services_and_business, professional_service, advertising_agency]",0.77,5,overture-maps,2026-08-19.0
27165fb2-57e5-483e-8b52-60571b696c92,Jade Corporate & Community Development,https://jadecorporate.com/,(07) 4957 9506,,134 Victoria St,Mackay,4740,QLD,AU,advertising_agency,"[services_and_business, professional_service, advertising_agency]",0.77,5,overture-maps,2026-08-19.0
3911e133-f6c3-4004-8be5-5c9750243039,JD Promotions & Public Relations,https://jdpromotions.com.au/,(07) 3848 7972,,12 Frederick St,Fairfield,4103,QLD,AU,advertising_agency,"[services_and_business, professional_service, advertising_agency]",0.77,5,overture-maps,2026-08-19.0
c5316e20-8391-450d-90b0-8d0c60b17cd5,Joshua Maher Copywriter,https://joshuamaher.com.au/,0427 375 246,,88 Doggett St,Newstead,4006,QLD,AU,advertising_agency,"[services_and_business, professional_service, advertising_agency]",0.77,5,overture-maps,2026-08-19.0
3f11b8e2-f777-4c35-9f1e-636bd9249062,Jump the Q,https://jumptheq.com.au/,0417 771 372,,607 Ipswich Rd,Annerley,4103,QLD,AU,advertising_agency,"[services_and_business, professional_service, advertising_agency]",0.77,5,overture-maps,2026-08-19.0
3455b762-988c-4847-a40e-0630ee71a136,Justin Taylor Consulting,https://justintaylor.consulting/,0439 702 820,hello@justintaylor.consulting,"Suite 8/9, 28 Eenie Creek Road",Noosaville,4566,QLD,AU,advertising_agency,"[services_and_business, professional_service, advertising_agency]",0.77,5,overture-maps,2026-08-19.0
5b53e550-9582-43d9-b822-323bf0c8eb2c,K Print Promotional Products,https://kprint.com.au/,(07) 4723 2040,,13 Crispin Ct,Kirwan,4817,QLD,AU,advertising_agency,"[services_and_business, professional_service, advertising_agency]",0.77,5,overture-maps,2026-08-19.0
74baa4f4-fd5a-42f1-abbc-e0610cb213f1,Keeping Business,https://keepingbusiness.com.au/,0409 715 577,keepingbusiness98@gmail.com,16 Toorak Park Ave,Mermaid Waters,4218,QLD,AU,advertising_agency,"[services_and_business, professional_service, advertising_agency]",0.77,5,overture-maps,2026-08-19.0
dcc47aa1-f431-44ef-ad37-a8bf19111bb9,Kent Trussell,https://brisbane-resumes.com.au/,(07) 3281 8075,,39 Sherwood Rd Level 4,Toowong,4066,QLD,AU,advertising_agency,"[services_and_business, professional_service, advertising_agency]",0.77,5,overture-maps,2026-08-19.0
1725d5bd-287b-4eee-b09f-c53825f2ace5,Keplersoft,https://keplersoft.com/,1300 911 711,,2489 Logan Rd,Eight Mile Plains,4113,QLD,AU,advertising_agency,"[services_and_business, professional_service, advertising_agency]",0.77,5,overture-maps,2026-08-19.0
6f63d87a-8203-48ff-8f70-e5e4c6bbd833,Koolivoo,https://koolivoo.com.au/,(07) 4041 2822,,143 Lake St #1,Cairns,4870,QLD,AU,advertising_agency,"[services_and_business, professional_service, advertising_agency]",0.77,5,overture-maps,2026-08-19.0
4266ef89-d031-47d2-a3cf-5d3028e13034,Lead Laundry,https://leadlaundry.com.au/,(07) 3040 1402,,129 Crowley St,Zillmere,4034,QLD,AU,advertising_agency,"[services_and_business, professional_service, advertising_agency]",0.77,5,overture-maps,2026-08-19.0
cc22a36b-46af-47ac-983d-2e718d0f6ed3,Learn ICT,https://learnict.com.au/,(07) 3122 5605,,15 Roundelay Ct,Eatons Hill,4037,QLD,AU,advertising_agency,"[services_and_business, professional_service, advertising_agency]",0.77,5,overture-maps,2026-08-19.0
665eb6cf-25f2-46b2-b550-017039791eee,Lift Strategies,https://liftstrategies.com.au/,0404 519 655,,155 Queen St Level 3,Brisbane,4000,QLD,AU,advertising_agency,"[services_and_business, professional_service, advertising_agency]",0.77,5,overture-maps,2026-08-19.0
61cda689-9afa-440c-8a64-e6f92b509edc,Lotsa Lanyards,https://lotsalanyards.com.au/,1300 886 039,,59 Albany Creek Rd #32,Aspley,4034,QLD,AU,advertising_agency,"[services_and_business, professional_service, advertising_agency]",0.77,5,overture-maps,2026-08-19.0
eef0035d-3271-4689-a90a-53fa48e0cac4,Ls Wraps,https://lswraps.com.au/,0468 881 705,,18-20 Cessna Dr #8,Caboolture,4510,QLD,AU,advertising_agency,"[services_and_business, professional_service, advertising_agency]",0.77,5,overture-maps,2026-08-19.0
c15ea55a-4c7f-4b73-8c23-c1578e0a6495,Luke Humble,https://lukehumble.com/,1300 768 291,,90 Sippy Downs Dr,Sippy Downs,4556,QLD,AU,advertising_agency,"[services_and_business, professional_service, advertising_agency]",0.77,5,overture-maps,2026-08-19.0
eca22bd7-37ee-434f-86e2-9f62722e0c3c,Macmail Pty Ltd t/a DDM,https://macmail.com.au/,(07) 3622 2100,peter@macmail.com.au,41 Victoria St,Windsor,4030,QLD,AU,advertising_agency,"[services_and_business, professional_service, advertising_agency]",0.77,5,overture-maps,2026-08-19.0
d68b1cef-8426-4fdd-96e7-6f84acb3efad,Mark Brittain Photographer,https://markbrittain.com.au/,0409 466 237,,108 Bellara St,Bongaree,4507,QLD,AU,advertising_agency,"[services_and_business, professional_service, advertising_agency]",0.77,5,overture-maps,2026-08-19.0
22e011d1-76fb-4984-b66c-4848a5143721,Market Facts,https://marketfacts.com.au/,(07) 3822 9588,marketfacts@ozemail.com.au,60-68 Byng Rd,Birkdale,4159,QLD,AU,advertising_agency,"[services_and_business, professional_service, advertising_agency]",0.77,5,overture-maps,2026-08-19.0
7ea4a24f-6f66-4564-997e-e63496486535,Market Focus,https://relocationlaws.com.au/,(07) 5526 6440,,199 Markeri St,Mermaid Waters,4218,QLD,AU,advertising_agency,"[services_and_business, professional_service, advertising_agency]",0.77,5,overture-maps,2026-08-19.0
a539132e-dbed-4d1d-84a8-e7dda682f82c,Market Share Communications,https://marketsearch.com.au/,(07) 4034 1885,,18 Butland St,Brinsmead,4870,QLD,AU,advertising_agency,"[services_and_business, professional_service, advertising_agency]",0.77,5,overture-maps,2026-08-19.0
d4546fd0-5e4b-46f2-9a1a-c21248e6d8bf,Marketshare,https://marketshare.com.au/,(07) 3371 9655,,630 Coronation Dr,Toowong,4066,QLD,AU,advertising_agency,"[services_and_business, professional_service, advertising_agency]",0.77,5,overture-maps,2026-08-19.0
7c7948db-19a3-4ec8-b622-efe0e73aaa7c,Markwell Foods,https://markwellfoods.com.au/,(07) 5549 3949,,1 Lahrs Rd,Ormeau,4208,QLD,AU,advertising_agency,"[services_and_business, professional_service, advertising_agency]",0.77,5,overture-maps,2026-08-19.0
68165dca-615d-40b1-8e57-abecd446544d,Martin Lack & Associates,https://mlaa.com.au/,(07) 3878 2974,,39 Tinarra Cres Suite 1,Kenmore Hills,4069,QLD,AU,advertising_agency,"[services_and_business, professional_service, advertising_agency]",0.77,5,overture-maps,2026-08-19.0
918a0644-7c67-4345-a9e2-a45258005d58,Mary Valley Orchards,https://persimmons.com.au/,(07) 5488 4315,,255 Amamoor Creek Rd,Amamoor,4570,QLD,AU,advertising_agency,"[services_and_business, professional_service, advertising_agency]",0.77,5,overture-maps,2026-08-19.0
92947878-99d2-41f6-88fb-e6307bcd3bf7,Mclean Images,https://mcleanimages.com.au/,(07) 5465 2500,,1 Kirston St,Laidley,4341,QLD,AU,advertising_agency,"[services_and_business, professional_service, advertising_agency]",0.77,5,overture-maps,2026-08-19.0
bc924c15-37d1-4e90-9aa8-9672dd6b3627,Medical Whiteboards,https://medicalwhiteboards.com.au/,1300 078 688,info@medicalwhiteboards.com.au,16 Taree St Unit 2,Burleigh Heads,4220,QLD,AU,advertising_agency,"[services_and_business, professional_service, advertising_agency]",0.77,5,overture-maps,2026-08-19.0
b5989400-9e62-4208-bfb2-15bb7f300e57,Mercer PR,https://mercerpr.com/,1300 780 355,,320 Adelaide St Level 5,Brisbane,4000,QLD,AU,advertising_agency,"[services_and_business, professional_service, advertising_agency]",0.77,5,overture-maps,2026-08-19.0
b0c36720-e49e-4b94-a770-ff4a254f112e,Messagizer Australia,https://messagizer.net/,(03) 9063 0100,,9 Kortum Dr #5,Burleigh Heads,4220,QLD,AU,advertising_agency,"[services_and_business, professional_service, advertising_agency]",0.77,5,overture-maps,2026-08-19.0
554b4928-0b1c-42ee-8d86-8d20146d51dd,Middletons Printing,https://middletonsprinting.com.au/,(07) 5495 5341,midprint@bigpond.net.au,30-36 Dickson Rd Unit 1,Caboolture,4510,QLD,AU,advertising_agency,"[services_and_business, professional_service, advertising_agency]",0.77,5,overture-maps,2026-08-19.0
1954f7ed-13a1-4fcd-8122-baea8a40e50e,Minuteman Press,https://sunshinecoast.minutemanpress.com/,(07) 5444 6657,,163 Brisbane Rd,Mooloolaba,4557,QLD,AU,advertising_agency,"[services_and_business, professional_service, advertising_agency]",0.77,5,overture-maps,2026-08-19.0
e2f87c78-7d6d-4f80-819f-e52c088c35e9,Minuteman Press Brisbane,https://darra.minutemanpress.com.au/,(07) 3375 6969,brisbane@minutemanpress.com,20 Archerfield Rd Unit 9,Darra,4076,QLD,AU,advertising_agency,"[services_and_business, professional_service, advertising_agency]",0.77,5,overture-maps,2026-08-19.0
65d0be3b-af25-4099-b230-fb475989d0e6,MM International Pty Ltd,https://mmiptyltd.com/,0416 483 680,,35 Brittany Dr,Oxenford,4210,QLD,AU,advertising_agency,"[services_and_business, professional_service, advertising_agency]",0.77,5,overture-maps,2026-08-19.0
df9ba5d2-1587-47ef-83e6-4fd7fa2375f6,Morgan Freeman Promotions,https://cairnsweb.com.au/,(07) 4031 3611,accounts@morganfreemanpromotions.com.au,202 Brown St,Westcourt,4870,QLD,AU,advertising_agency,"[services_and_business, professional_service, advertising_agency]",0.77,5,overture-maps,2026-08-19.0
f5959678-d685-4ce4-a891-7cb519454a0e,Multicolor Screen Printing,https://multicolorscreenprinting.com.au/,(07) 5591 5947,,22 Bailey Cres #3,Southport,4215,QLD,AU,advertising_agency,"[services_and_business, professional_service, advertising_agency]",0.77,5,overture-maps,2026-08-19.0
162b7f5d-d39a-41df-8883-320a96e6d7cc,Multiline Australia,https://multiline.net.au/,(07) 3889 2266,,764 Gympie Rd,Lawnton,4501,QLD,AU,advertising_agency,"[services_and_business, professional_service, advertising_agency]",0.77,5,overture-maps,2026-08-19.0
50949f16-4c41-485e-9b42-e5208274e36e,Nambawan Signs,https://nambawansigns.com.au/,0418 766 794,,8 Alice Bowden Ct,Worongary,4213,QLD,AU,advertising_agency,"[services_and_business, professional_service, advertising_agency]",0.77,5,overture-maps,2026-08-19.0
e9d9bef7-b895-4352-9d4a-b6209a1d8f27,Need Leads,https://needleads.com.au/,0404 327 954,,2 Corporate Ct Level 15,Bundall,4217,QLD,AU,advertising_agency,"[services_and_business, professional_service, advertising_agency]",0.77,5,overture-maps,2026-08-19.0
6eeeff97-4d2b-45b9-b55d-ea40dcb7f403,Nexus Connect,https://nexusconnect.com.au/,(07) 5430 3716,,18-22 First Ave Unit 6,Maroochydore,4558,QLD,AU,advertising_agency,"[services_and_business, professional_service, advertising_agency]",0.77,5,overture-maps,2026-08-19.0
3ef79bcd-a9b7-45dd-86ee-57a13468dc55,Nick Did This,https://nickdidthis.com/,(07) 3171 2233,,17 Overend St,East Brisbane,4169,QLD,AU,advertising_agency,"[services_and_business, professional_service, advertising_agency]",0.77,5,overture-maps,2026-08-19.0
0294e272-9cd4-4958-8fac-bcb87f6a2177,Nick Inmon Advertising,https://warwickdailynews.com.au/,0429 924 523,,31 Doncaster Dr,Warwick,4270,QLD,AU,advertising_agency,"[services_and_business, professional_service, advertising_agency]",0.77,5,overture-maps,2026-08-19.0
40c7e236-86e5-49be-afb5-c1db4f2ed25c,North Queensland Wildlife Care,https://nqwildlife.org.au/,0414 717 374,,25 Aitken St,Aitkenvale,4814,QLD,AU,advertising_agency,"[services_and_business, professional_service, advertising_agency]",0.77,5,overture-maps,2026-08-19.0
efdf956c-6357-4c0f-b2f9-f61d20f1d3b9,NQ ID Cards,https://betterpromo.com.au/,(07) 4044 2955,rhomer@bigpond.net.au,28 Muir St,Bungalow,4870,QLD,AU,advertising_agency,"[services_and_business, professional_service, advertising_agency]",0.77,5,overture-maps,2026-08-19.0
b9e653ff-e690-4233-92cd-309c641bb1b5,OMC Connect,https://omcconnect.com/,(07) 5444 3473,,45 Brisbane Rd Level 3,Mooloolaba,4557,QLD,AU,advertising_agency,"[services_and_business, professional_service, advertising_agency]",0.77,5,overture-maps,2026-08-19.0
a2db1c37-3c6d-4d15-ab0a-179a18c07ff5,Oncall Communications,https://oncallcommunications.com.au/,1800 266 628,,8 Guthrie St,Paddington,4064,QLD,AU,advertising_agency,"[services_and_business, professional_service, advertising_agency]",0.77,5,overture-maps,2026-08-19.0
4e5024b1-3c19-47ff-a409-0e4f5668847f,Online Power DotCom,https://online-power-dotcom.business.site/,0419 706 400,,21-33 Amber Cres,Jimboomba,4280,QLD,AU,internet_marketing_service,"[services_and_business, professional_service, internet_marketing_service]",0.77,5,overture-maps,2026-08-19.0
c510b792-b279-4a3b-9796-5b0e5c9e3b93,Ontrack International,https://ontrack.com.au/,0427 705 050,,11 Seventy Four Ct,Bundaberg,4670,QLD,AU,advertising_agency,"[services_and_business, professional_service, advertising_agency]",0.77,5,overture-maps,2026-08-19.0
9d6be8a7-48cf-4619-b54e-e32e310113d0,Optimising,https://optimising.com.au/,(07) 5606 6049,info@optimising.com.au,15 Albert Ave Suite 511,Broadbeach,4218,QLD,AU,advertising_agency,"[services_and_business, professional_service, advertising_agency]",0.77,5,overture-maps,2026-08-19.0
bf04d543-4bcf-4729-81c6-bc7aa080babb,Paradise Outdoor Advertising,https://paradiseoutdoor.com.au/,(07) 4758 4600,,719-725 Woolcock St,Mount Louisa,4814,QLD,AU,advertising_agency,"[services_and_business, professional_service, advertising_agency]",0.77,5,overture-maps,2026-08-19.0
28084a32-7d06-4daf-a07f-2d98801537d6,Paradox,https://practiceparadox.com.au/,1300 727 236,,"18, Riverside Centre, 123 Eagle St",Brisbane,4000,QLD,AU,advertising_agency,"[services_and_business, professional_service, advertising_agency]",0.77,5,overture-maps,2026-08-19.0
b134659e-8759-4140-a9e7-c853c07718ba,Pathways to Resilience,https://pathwaystoresilience.org/,(07) 3169 2400,,10 Thomas St,West End,4101,QLD,AU,advertising_agency,"[services_and_business, professional_service, advertising_agency]",0.77,5,overture-maps,2026-08-19.0
8e11edfc-4cf2-4b7b-a7f7-29883c6a51c0,Peebo,https://peebo.com.au/,(07) 5580 3098,,38 Kendor St,Arundel,4214,QLD,AU,advertising_agency,"[services_and_business, professional_service, advertising_agency]",0.77,5,overture-maps,2026-08-19.0
7738432f-882b-4e97-9360-024740c1a167,Perfect Pages,https://perfectpages.net.au/,0411 260 708,,77 Days Rd,Samford Valley,4520,QLD,AU,advertising_agency,"[services_and_business, professional_service, advertising_agency]",0.77,5,overture-maps,2026-08-19.0
c856f311-d954-48d3-b814-7d68cbdf357c,Pip Miller PR,https://pipmillerpr.com.au/,(07) 4046 4777,,135 Abbott St Level 2,Cairns,4870,QLD,AU,advertising_agency,"[services_and_business, professional_service, advertising_agency]",0.77,5,overture-maps,2026-08-19.0
bb9db4ad-b65d-426c-8640-2af579aea71f,Place Projects,https://placeprojects.com.au/,(07) 3107 9223,,33 Lytton Rd Level 1,East Brisbane,4169,QLD,AU,advertising_agency,"[services_and_business, professional_service, advertising_agency]",0.77,5,overture-maps,2026-08-19.0
9e424b2f-31d9-449a-a02c-60e4fa72c7da,Planit73,https://planit73.com/,0466 387 128,admin@planit73.com,22 Little Jane St #9,West End,4101,QLD,AU,advertising_agency,"[services_and_business, professional_service, advertising_agency]",0.77,5,overture-maps,2026-08-19.0
0131633d-bcdc-49c4-9206-203064f581c8,Polymark,https://polymark.com.au/,(07) 3376 2377,,28 Bronze St,Sumner,4074,QLD,AU,advertising_agency,"[services_and_business, professional_service, advertising_agency]",0.77,5,overture-maps,2026-08-19.0
198a5ce1-488b-44c5-af9f-cad1aa593d9c,PopKaun Media,https://popkaunmedia.com.au/,1800 734 061,,"9/204 Alice St,",Brisbane,4000,QLD,AU,internet_marketing_service,"[services_and_business, professional_service, internet_marketing_service]",0.77,5,overture-maps,2026-08-19.0
9db42359-55ea-4b08-a390-12e2ee65e770,Port Bimbi,https://portbimbi.com.au/,(07) 5646 5505,,1708 Gold Coast Hwy Level 1,Burleigh Heads,4220,QLD,AU,advertising_agency,"[services_and_business, professional_service, advertising_agency]",0.77,5,overture-maps,2026-08-19.0
afcd2584-cfad-4470-a600-052a1f20a19c,Positive PR,https://positivepr.com.au/,(07) 4724 5123,,305 Flinders St Level 1,Townsville,4810,QLD,AU,advertising_agency,"[services_and_business, professional_service, advertising_agency]",0.77,5,overture-maps,2026-08-19.0
21a0c2ac-6ea1-458f-a147-376f217e3b24,Power of Words,https://pow.net.au/,(07) 3885 6262,,21 Baringa St,Clontarf,4019,QLD,AU,advertising_agency,"[services_and_business, professional_service, advertising_agency]",0.77,5,overture-maps,2026-08-19.0
299bb7a7-1e7d-41c5-a58b-1c36d069a469,Prima Connection,https://primaconnection.com.au/,(07) 3238 0900,,8 Metroplex Ave #3,Murarrie,4172,QLD,AU,advertising_agency,"[services_and_business, professional_service, advertising_agency]",0.77,5,overture-maps,2026-08-19.0
5b9f7de2-4315-4c82-9f5c-2ffe829c7c9b,Profit Mechanics,https://profitmechanics.com.au/,(07) 3886 8649,,25 Peppertree Ct,Narangba,4504,QLD,AU,advertising_agency,"[services_and_business, professional_service, advertising_agency]",0.77,5,overture-maps,2026-08-19.0
3a2533c4-2579-4c6f-aef0-c169ec9ff993,Promoasaurus,https://signasaurus.com/,(07) 4622 5100,,184 Duke St,Roma,4455,QLD,AU,advertising_agency,"[services_and_business, professional_service, advertising_agency]",0.77,5,overture-maps,2026-08-19.0
498ce2db-91ee-47e7-95ce-c97f28532aff,Proofreading Mackay,https://proofreadingmackay.com.au/,(07) 4942 7377,,12 Harveys Rd #71,Mackay,4740,QLD,AU,advertising_agency,"[services_and_business, professional_service, advertising_agency]",0.77,5,overture-maps,2026-08-19.0
e26be556-aa46-40b3-b906-aa4038329437,Proscreen Screen Printing,https://proscreen.com.au/,(07) 5532 2323,,7 Olympic Cct #2,Southport,4215,QLD,AU,advertising_agency,"[services_and_business, professional_service, advertising_agency]",0.77,5,overture-maps,2026-08-19.0
0e4755d5-6a12-4e96-b2af-d6bb14b1dcc6,Quantium Brisbane,https://sportsevents.com.au/,(07) 3020 2400,,144 Edward St Level 13,Brisbane,4000,QLD,AU,advertising_agency,"[services_and_business, professional_service, advertising_agency]",0.77,5,overture-maps,2026-08-19.0
251c4ec7-e9a2-4123-a800-ccd8d723d253,Queensland T-Shirt Co,https://qldtshirtcompany.com/,(07) 3252 8844,,9 Thompson St,Bowen Hills,4006,QLD,AU,advertising_agency,"[services_and_business, professional_service, advertising_agency]",0.77,5,overture-maps,2026-08-19.0
769c5c7f-dc27-475d-a798-f5ff5c3a827b,Quick Smart Easifind Phone Directory,https://mountisachamber.com.au/,(07) 4749 5547,,22 West St,Mount Isa,4825,QLD,AU,advertising_agency,"[services_and_business, professional_service, advertising_agency]",0.77,5,overture-maps,2026-08-19.0
5bc56d76-3fa9-4d4d-a4ba-577da8476a02,Rainbow Beach Wedding Photography,https://rainbowbeachweddingphotography.com/,0439 780 903,,14 Bombala Cres,Rainbow Beach,4581,QLD,AU,advertising_agency,"[services_and_business, professional_service, advertising_agency]",0.77,5,overture-maps,2026-08-19.0
50957031-0881-4243-a290-b7c15d100ce7,Recognition Plus,https://recognitionplus.com.au/,(07) 4659 0777,sales@recognitionplus.com.au,68 Mort St,Toowoomba,4350,QLD,AU,advertising_agency,"[services_and_business, professional_service, advertising_agency]",0.77,5,overture-maps,2026-08-19.0
49b26627-afd4-4dc0-bae3-f0867884b800,Record Printing,https://recordprinting.com.au/,(07) 4927 3366,,58 William St,Rockhampton,4700,QLD,AU,advertising_agency,"[services_and_business, professional_service, advertising_agency]",0.77,5,overture-maps,2026-08-19.0
8593ba23-d983-4e5d-969c-a30ac0fcab9a,Regional Innovations,https://regionalinnovations.com.au/,0402 892 002,,155 Esplanade,Point Vernon,4655,QLD,AU,advertising_agency,"[services_and_business, professional_service, advertising_agency]",0.77,5,overture-maps,2026-08-19.0
d74cbaf2-29a8-49ca-a58d-fe85e427e6a1,Resume Right,https://resumeright.com.au/,1300 978 766,,71 Eagle St Level 36,Brisbane,4000,QLD,AU,advertising_agency,"[services_and_business, professional_service, advertising_agency]",0.77,5,overture-maps,2026-08-19.0
cb723d73-58a4-45a0-8956-da8b7a1a0b10,Resumes 4 Success,https://resumes4success.com.au/,1800 478 223,,10 Eagle St Level 24,Brisbane,4000,QLD,AU,advertising_agency,"[services_and_business, professional_service, advertising_agency]",0.77,5,overture-maps,2026-08-19.0
2a0870c8-d16c-42a3-b885-37cd330a1ff0,Resumes for you,https://resumesforyou.com.au/,(07) 3123 4870,info@resumesforyou.com.au,16 McDougall St #1,Milton,4064,QLD,AU,advertising_agency,"[services_and_business, professional_service, advertising_agency]",0.77,5,overture-maps,2026-08-19.0
836d03ba-ff92-405f-a5a1-49eea821e3b3,Resumes Plus,https://resumesplus.com.au/,0419 871 761,resumes@resumesplus.com.au,433 Logan Rd,Stones Corner,4120,QLD,AU,advertising_agency,"[services_and_business, professional_service, advertising_agency]",0.77,5,overture-maps,2026-08-19.0
6d6544d5-5ac7-4878-8c2a-32dd2dd0fca5,Rocket Printing,https://rocketprinting.com.au/,(07) 3889 7999,,707 Gympie Rd Unit 2,Lawnton,4501,QLD,AU,advertising_agency,"[services_and_business, professional_service, advertising_agency]",0.77,5,overture-maps,2026-08-19.0
780e5324-59d6-45b0-92c4-07c75273fea0,Ruby Communications,https://weareruby.com.au/,(07) 5532 3808,,86 Minnie St Unit 2,Southport,4215,QLD,AU,advertising_agency,"[services_and_business, professional_service, advertising_agency]",0.77,5,overture-maps,2026-08-19.0
4d528666-ada9-45f9-8446-545e361fa69b,Schottler Consulting Pty Ltd - Social and market research,https://schottler.com.au/,(07) 3166 9096,,127 Creek St Level 23,Brisbane,4000,QLD,AU,advertising_agency,"[services_and_business, professional_service, advertising_agency]",0.77,5,overture-maps,2026-08-19.0
3710ad45-c547-4de4-b4c4-10de55bd7204,Screenit Solutions,https://screenitsolutions.com/,0409 632 358,,66 Mckelligett St,Wandal,4700,QLD,AU,advertising_agency,"[services_and_business, professional_service, advertising_agency]",0.77,5,overture-maps,2026-08-19.0
1691d406-18bf-4bc3-be20-ffc5a739ca81,Sea Shore Screenprints,https://seashore.com.au/,(07) 4031 2246,,23 Victoria St,Cairns,4870,QLD,AU,advertising_agency,"[services_and_business, professional_service, advertising_agency]",0.77,5,overture-maps,2026-08-19.0
6a8bbb43-eab4-46a2-8dd1-87eeace26a1f,Search Domination,https://searchdomination.com.au/,0416 252 129,,14a/51-55 Bulcock St,Caloundra,4551,QLD,AU,advertising_agency,"[services_and_business, professional_service, advertising_agency]",0.77,5,overture-maps,2026-08-19.0
e3b3c3c7-b3ba-49f1-8522-53f7d935871c,Sequest,https://sequest.uhfcb.com.au/,(07) 5498 7330,sequest@uhfcb.org.au,6 Lomandra Dr,Morayfield,4506,QLD,AU,advertising_agency,"[services_and_business, professional_service, advertising_agency]",0.77,5,overture-maps,2026-08-19.0
e3f775ac-c38c-4ca7-b04c-ff1c5e275628,Sequoia Enterprises,https://waterbottles.com.au/,(07) 5522 0044,,31 Rudman Pde #1,Burleigh Heads,4220,QLD,AU,advertising_agency,"[services_and_business, professional_service, advertising_agency]",0.77,5,overture-maps,2026-08-19.0
4da29fb8-e48b-4928-ad28-f19b9b09c1db,Serengeti Print Group,https://serengetiprintgroup.com.au/,(07) 4638 3052,,15 Diagonal St,Toowoomba,4350,QLD,AU,advertising_agency,"[services_and_business, professional_service, advertising_agency]",0.77,5,overture-maps,2026-08-19.0
8968f55e-f41c-43c7-abee-3c3ebed1d12f,ShootRaw,https://shootraw.com.au/,(07) 3204 0197,,14 Balmoral Pl,Deception Bay,4508,QLD,AU,advertising_agency,"[services_and_business, professional_service, advertising_agency]",0.77,5,overture-maps,2026-08-19.0
4b364a73-7267-4e12-83dd-1b99d6777b31,Sign and Visual Solutions,https://sandvsolutions.com.au/,(07) 3245 5011,,8 Merritt St,Capalaba,4157,QLD,AU,advertising_agency,"[services_and_business, professional_service, advertising_agency]",0.77,5,overture-maps,2026-08-19.0
14a30d2d-27c7-401a-bada-22677e2f85e5,Sign-A-Rama South Brisbane,https://southbrisbanesigns.com/,(07) 3324 1666,southbrisbane@signarama.com.au,457 Logan Rd,Stones Corner,4120,QLD,AU,advertising_agency,"[services_and_business, professional_service, advertising_agency]",0.77,5,overture-maps,2026-08-19.0
04c7f705-b6e8-49fd-b696-c05af7cb79a5,Signage4Business,https://signage4business.com.au/,1300 404 777,,300 South Pine Rd,Brendale,4500,QLD,AU,advertising_agency,"[services_and_business, professional_service, advertising_agency]",0.77,5,overture-maps,2026-08-19.0
374cff53-6134-41c6-a7a9-1a4a09c3153e,SimonDell.com,https://simondell.com/,(07) 3198 2483,,16 McDougall St Level 1,Milton,4064,QLD,AU,advertising_agency,"[services_and_business, professional_service, advertising_agency]",0.77,5,overture-maps,2026-08-19.0
940e0850-94d4-412f-9e90-f945a67fc3cf,Simply Australian Merchandise,https://simplyaust.com.au/,(07) 5592 0208,,99 Ashmore Rd Shop 2,Bundall,4217,QLD,AU,advertising_agency,"[services_and_business, professional_service, advertising_agency]",0.77,5,overture-maps,2026-08-19.0
af7c7fdc-f392-4b2e-acb5-f50aeafb832e,Sky-Ads,https://sky-ads.com.au/,0412 166 692,,Adina Ave,Coolangatta,4225,QLD,AU,advertising_agency,"[services_and_business, professional_service, advertising_agency]",0.77,5,overture-maps,2026-08-19.0
5e9d10aa-a2fd-4bf7-b03f-0da6e07bffe8,Sneak Peek Ultrasounds,https://sneakpeekultrasounds.com.au/,(07) 5406 0689,,23 Elsa Wilson Dr Suite 21,Buderim,4556,QLD,AU,advertising_agency,"[services_and_business, professional_service, advertising_agency]",0.77,5,overture-maps,2026-08-19.0
d1389685-61ba-4d30-a294-4b7eae8e870e,Social Cut,https://socialcut.com.au/,0432 411 306,ellasocialcut@gmail.com,887 Ann St #7,Fortitude Valley,4006,QLD,AU,advertising_agency,"[services_and_business, professional_service, advertising_agency]",0.77,5,overture-maps,2026-08-19.0
5382330d-b5c8-4b4c-b953-29185cc9d1c1,Social Tap,https://socialtap.com.au/,1800 300 052,info@socialtap.com.au,"Studio 4, 95 Eumundi Noosa Road",Noosaville,4566,QLD,AU,advertising_agency,"[services_and_business, professional_service, advertising_agency]",0.77,5,overture-maps,2026-08-19.0
0ea5e0ae-58a2-49b8-9c83-13cffb0869ed,Social-E Biz,https://social-ebiz.com.au/,0439 896 321,,1 Highfields Rd,Highfields,4352,QLD,AU,advertising_agency,"[services_and_business, professional_service, advertising_agency]",0.77,5,overture-maps,2026-08-19.0
1ffb25df-04da-4b50-9e5a-45f67abcbe88,Sport Numbers Australia,https://sportnumbers.com.au/,(07) 3272 7959,,37 Mortimer Rd Unit 9,Acacia Ridge,4110,QLD,AU,advertising_agency,"[services_and_business, professional_service, advertising_agency]",0.77,5,overture-maps,2026-08-19.0
5995a362-63fc-4081-a8a8-e2b6ffc65703,Spruiking Specialist,https://spruikingspecialist.com.au/,0410 648 743,,4 The Rampart,Redland Bay,4165,QLD,AU,advertising_agency,"[services_and_business, professional_service, advertising_agency]",0.77,5,overture-maps,2026-08-19.0
30d462a0-7894-4e3c-92e3-8c4593a847de,"Sskipryan Marine, Vessel Deliveries and Charters",https://sskipryanmarine.com/,0429 352 287,,Nautilus St,Port Douglas,4877,QLD,AU,advertising_agency,"[services_and_business, professional_service, advertising_agency]",0.77,5,overture-maps,2026-08-19.0
d0a7869a-413c-4c55-b708-300fd4f96f76,Stampys Stickers,https://stampys-stickers.business.site/,0424 956 574,,5 Metcalf Ct,Ormeau,4208,QLD,AU,advertising_agency,"[services_and_business, professional_service, advertising_agency]",0.77,5,overture-maps,2026-08-19.0
900206f4-5f9b-49ae-8e66-d9400e19cc90,Star Promotional Products,https://starpromotions.com.au/,(07) 3357 3686,,241 Stafford Rd #2,Stafford,4053,QLD,AU,advertising_agency,"[services_and_business, professional_service, advertising_agency]",0.77,5,overture-maps,2026-08-19.0
479db48e-0e45-4a5a-84a4-691d86218903,Starline Promotions,https://starlinepromotions.com.au/,(07) 3882 1355,sales@starlinepromotions.com.au,2 Forest Rd,Cashmere,4500,QLD,AU,advertising_agency,"[services_and_business, professional_service, advertising_agency]",0.77,5,overture-maps,2026-08-19.0
e5553330-6f2f-4070-9c34-0221c07c7af4,Stickerman Maroochydore,https://stickerman.com.au/,(07) 5443 3778,,67 Aerodrome Rd #2,Maroochydore,4558,QLD,AU,advertising_agency,"[services_and_business, professional_service, advertising_agency]",0.77,5,overture-maps,2026-08-19.0
0bd22e42-fcc2-496b-8f10-af1da22cce06,Strategy and Action,https://strategyandaction.com.au/,(07) 3808 5366,,1 Laurinda Cres #1,Springwood,4127,QLD,AU,advertising_agency,"[services_and_business, professional_service, advertising_agency]",0.77,5,overture-maps,2026-08-19.0
77b0364a-8636-4248-b7d9-098cb63f70cc,Sunny Coast Signs & Wraps,https://sunnycoastsigns.com.au/,(07) 5474 2742,,6 Eenie Creek Rd #1,Noosaville,4566,QLD,AU,advertising_agency,"[services_and_business, professional_service, advertising_agency]",0.77,5,overture-maps,2026-08-19.0
6574fbea-a177-4cdd-a181-bad29fe2792b,Sunstate Promotions,https://sunstatepromotions.com.au/,(07) 3806 1566,,17 Roselea St,Daisy Hill,4128,QLD,AU,advertising_agency,"[services_and_business, professional_service, advertising_agency]",0.77,5,overture-maps,2026-08-19.0
2edbabba-a189-4720-bcfc-6e611eeccdc2,Superior Shopfitters Clontarf,https://superiorshopfitters.com.au/,(07) 3284 4300,,17 Redcliffe Gardens Dr Unit 1,Clontarf,4019,QLD,AU,advertising_agency,"[services_and_business, professional_service, advertising_agency]",0.77,5,overture-maps,2026-08-19.0
5fa6661b-e275-40d7-9ca5-a188a339ab53,Telemarket,https://telemarket.net.au/,1300 796 550,,127 Creek St,Brisbane,4000,QLD,AU,advertising_agency,"[services_and_business, professional_service, advertising_agency]",0.77,5,overture-maps,2026-08-19.0
e5ecd1a2-baa1-4cb8-8a1d-102b21e68bc4,Ten Four,https://ten-four.com.au/,(07) 5578 8211,,2519 Gold Coast Hwy #6,Mermaid Beach,4218,QLD,AU,advertising_agency,"[services_and_business, professional_service, advertising_agency]",0.77,5,overture-maps,2026-08-19.0
3dae91a6-c47b-403c-8522-acfaf2f7364a,That Social Lady,https://thatsociallady.com.au/,0404 582 668,hello@thatsociallady.com.au,23 Scotts Dr,Pomona,4568,QLD,AU,advertising_agency,"[services_and_business, professional_service, advertising_agency]",0.77,5,overture-maps,2026-08-19.0
82f4d5d4-a997-4494-bcd7-ca3cfa146485,The Brand Shop,https://tbs.agency/,(07) 4670 9699,,123 Margaret street,Toowoomba,4350,QLD,AU,advertising_agency,"[services_and_business, professional_service, advertising_agency]",0.77,5,overture-maps,2026-08-19.0
d5bfd54b-2b3e-43a0-ad59-a7b9c55de3cc,The Communal House,https://thecommunalhouse.com/,0413 297 419,,37 Currumbin Creek Rd #3,Currumbin Waters,4223,QLD,AU,advertising_agency,"[services_and_business, professional_service, advertising_agency]",0.77,5,overture-maps,2026-08-19.0
8028a063-3351-4233-b4cc-1065a5e1e914,The Family Ancestry Detective,https://familyancestrydetective.com/,0433 770 583,,18 Milky Way,Mudgeeraba,4213,QLD,AU,advertising_agency,"[services_and_business, professional_service, advertising_agency]",0.77,5,overture-maps,2026-08-19.0
a56d1cd1-621e-4e51-af5a-be5f98630766,The Local Newsletters,https://localnewsletters.com/,(07) 5527 0314,info@localnewsletters.com.au,21 Olympic Cct #1,Southport,4215,QLD,AU,advertising_agency,"[services_and_business, professional_service, advertising_agency]",0.77,5,overture-maps,2026-08-19.0
d3ba315c-1766-4fea-9d68-f59a286c20e6,The PR Company,https://theprcompany.com.au/,(07) 3257 1275,,38 Helen St,Newstead,4006,QLD,AU,advertising_agency,"[services_and_business, professional_service, advertising_agency]",0.77,5,overture-maps,2026-08-19.0
0eb6fc65-ca12-46b9-8202-28ad6c5e7239,The Science of Knowing,https://thescienceofknowing.com.au/,(07) 5444 6669,info@thescienceofknowing.com.au,25 Yaringa Ave,Buddina,4575,QLD,AU,advertising_agency,"[services_and_business, professional_service, advertising_agency]",0.77,5,overture-maps,2026-08-19.0
908f595a-b5ea-4649-a598-bd8797eceda5,The Stubby Cooler Co,https://stubbycooler.com.au/,(07) 4723 0502,,397 Dalrymple Rd,Mount Louisa,4814,QLD,AU,advertising_agency,"[services_and_business, professional_service, advertising_agency]",0.77,5,overture-maps,2026-08-19.0
2617664f-b017-4e49-805a-4e4241d9a2aa,The Trade Hub,https://thetradehub.com.au/,0432 584 626,,3 Reef St #1,Gympie,4570,QLD,AU,advertising_agency,"[services_and_business, professional_service, advertising_agency]",0.77,5,overture-maps,2026-08-19.0
cb874314-ae60-4589-a6cc-2d40a8af56c4,ThinkDo,https://thinkdo.com.au/,(07) 3368 1646,stephy@orangedigital.com.au,47 Warner St Level 2,Newstead,4006,QLD,AU,advertising_agency,"[services_and_business, professional_service, advertising_agency]",0.77,5,overture-maps,2026-08-19.0
1dd084ef-c9bc-4a3e-8cd8-f9ce934aef50,Total Biz Solutions,https://totalbiz.com.au/,(07) 5493 4144,,30 Technology Dr #4,Warana,4575,QLD,AU,advertising_agency,"[services_and_business, professional_service, advertising_agency]",0.77,5,overture-maps,2026-08-19.0
0216e019-644f-42b1-880d-cde162312f27,Tradeware Group,https://tradewaregroup.com.au/,1300 658 494,,13-15 Octal St #14,Yatala,4207,QLD,AU,advertising_agency,"[services_and_business, professional_service, advertising_agency]",0.77,5,overture-maps,2026-08-19.0
d04301e0-1bed-424f-9441-45a229b1c9ed,TrafficHub,https://traffichub.com.au/,1300 557 662,,1024 Ann St Level 2,Fortitude Valley,4006,QLD,AU,advertising_agency,"[services_and_business, professional_service, advertising_agency]",0.77,5,overture-maps,2026-08-19.0
6eccf361-f1a3-41f3-a5fd-17c65614527a,Tropical Exposure,https://tropicalexposure.com.au/,(07) 4957 2225,,88 Victoria St Shop 2,Mackay,4740,QLD,AU,advertising_agency,"[services_and_business, professional_service, advertising_agency]",0.77,5,overture-maps,2026-08-19.0
d5554457-bdfb-4dbd-bd21-ab5e59d34262,Troppo Gel Candles,https://troppogelcandles.com/,0437 265 476,,15 Squires Cres,Bohle Plains,4817,QLD,AU,advertising_agency,"[services_and_business, professional_service, advertising_agency]",0.77,5,overture-maps,2026-08-19.0
f69a64f3-ad1e-41ec-b976-aa14ec67f7b2,Turkish Gifts of Art Store,https://giftsofartstore.com/,0449 911 138,,9 Sunshine Beach Rd #3,Noosa Heads,4567,QLD,AU,advertising_agency,"[services_and_business, professional_service, advertising_agency]",0.77,5,overture-maps,2026-08-19.0
ffd27832-6186-4442-9632-8fc61e0654c4,Unicus,https://unicus.com.au/,(07) 3073 1574,,123 Eagle St Level 6,Brisbane,4000,QLD,AU,advertising_agency,"[services_and_business, professional_service, advertising_agency]",0.77,5,overture-maps,2026-08-19.0
66c1185a-7eca-4b84-9d61-e4b8d7cc92a7,Universal McCann,https://mccann.com.au/,(07) 3105 3000,,Level 1 50 James Street,Fortitude Valley,4006,QLD,AU,advertising_agency,"[services_and_business, professional_service, advertising_agency]",0.77,5,overture-maps,2026-08-19.0
8815c14f-cb72-4f0c-85fd-82cacce9511e,Unleashed IT Australia,https://unleashedit.com.au/,(07) 5660 6743,,43-49 Abbott St,"Cairns City, QLD",4870,QLD,AU,advertising_agency,"[services_and_business, professional_service, advertising_agency]",0.77,5,overture-maps,2026-08-19.0
d8a3e585-eca0-4da7-9569-92b5a5ca4c1a,Unusual Comms,https://unusualcomms.com.au/,0447 000 722,,1 Eagle St Level 34,Brisbane,4000,QLD,AU,advertising_agency,"[services_and_business, professional_service, advertising_agency]",0.77,5,overture-maps,2026-08-19.0
6ab05802-2a23-4e9d-9659-6c2f46273ca8,Urban Ideas,https://urbanideas.com.au/,(07) 3358 5422,,92 Merthyr Rd Level 1,New Farm,4005,QLD,AU,advertising_agency,"[services_and_business, professional_service, advertising_agency]",0.77,5,overture-maps,2026-08-19.0
8809ba6d-15c8-43ba-85b5-6e6119c3c31b,USocial.net,https://usocial.net/,0450 636 269,,200 Queen St,Brisbane,4000,QLD,AU,advertising_agency,"[services_and_business, professional_service, advertising_agency]",0.77,5,overture-maps,2026-08-19.0
7a240ef5-59ab-496b-bedc-5ad060988167,Vanguard Consulting Services,https://vgcs.com.au/,(07) 3831 3004,,183 Wickham Tce #8,Brisbane,4000,QLD,AU,advertising_agency,"[services_and_business, professional_service, advertising_agency]",0.77,5,overture-maps,2026-08-19.0
4ead410d-5ae6-4414-9418-cb7d0eac1467,Verano Photography,https://veranophotography.com.au/,0404 074 677,info@olaphotography.com.au,2 Thornton St #13,Surfers Paradise,4217,QLD,AU,advertising_agency,"[services_and_business, professional_service, advertising_agency]",0.77,5,overture-maps,2026-08-19.0
df9b5a79-39c4-4f39-814c-4d402e3f64c2,Vintage Printz,https://vintageprintz.com/,0402 765 006,,44 King St,Warwick,4370,QLD,AU,advertising_agency,"[services_and_business, professional_service, advertising_agency]",0.77,5,overture-maps,2026-08-19.0
773df003-3963-4b39-948a-498f4ce86252,Viridian Energy Australia,https://viridianenergyaustralia.org/,0413 076 056,liamtobias@hotmail.com,25 Seaside Bvd #1,Marcoola,4564,QLD,AU,advertising_agency,"[services_and_business, professional_service, advertising_agency]",0.77,5,overture-maps,2026-08-19.0
a2a08569-69e0-4ec9-ad23-024565d00a52,Viscom,https://viscom.com.au/,(07) 3200 3622,sales@viscom.com.au,15 Ellerslie Rd Unit 25,Meadowbrook,4131,QLD,AU,advertising_agency,"[services_and_business, professional_service, advertising_agency]",0.77,5,overture-maps,2026-08-19.0
91fbae2d-97e4-4235-8dc7-093eb72d2769,Visreal Productions,https://visrealproductions.com/,(07) 4661 5222,,161 Freestone Rd,Warwick,4370,QLD,AU,advertising_agency,"[services_and_business, professional_service, advertising_agency]",0.77,5,overture-maps,2026-08-19.0
cdabb016-5fc7-4a35-810c-282d2dc5f268,Vital Signs Qld,https://vital-signs.com.au/,1300 730 071,vital-signs009@outlook.com,122 Rosehill Dr,Burpengary,4505,QLD,AU,advertising_agency,"[services_and_business, professional_service, advertising_agency]",0.77,5,overture-maps,2026-08-19.0
cb47f496-b01d-4264-a9cd-a3eeb8fed3cd,Vocalise,https://vocalise.net.au/,0413 050 669,hello@vocalise.net.au,201 Leichhardt St #3,Spring Hill,4000,QLD,AU,advertising_agency,"[services_and_business, professional_service, advertising_agency]",0.77,5,overture-maps,2026-08-19.0
bfd85075-90d2-4d46-87fc-502ac5a08f05,Volat Enterprises,https://volat.com.au/,(07) 3157 5340,,49 Stevenson St,Ascot,4007,QLD,AU,advertising_agency,"[services_and_business, professional_service, advertising_agency]",0.77,5,overture-maps,2026-08-19.0
4bc7962b-cef8-460f-b816-3e092d775806,VosPrint,https://vosprint.com/,(07) 3423 0008,info@vosprint.com,3 Fermont Rd Unit 2,Underwood,4119,QLD,AU,advertising_agency,"[services_and_business, professional_service, advertising_agency]",0.77,5,overture-maps,2026-08-19.0
68b12774-7792-4b7c-87e4-ca58c7f08d33,Wallflower Weddings,https://wallflowerweddings.com/,0478 297 106,,107 Santa Cruz Bvd,Clear Island Waters,4226,QLD,AU,advertising_agency,"[services_and_business, professional_service, advertising_agency]",0.77,5,overture-maps,2026-08-19.0
778fd76d-8a3e-4787-be9e-319c2a1a3a43,Wealthmaniacs,https://wealthmaniacs.com.au/,0405 164 130,,9 Castle Ct,Caboolture,4510,QLD,AU,advertising_agency,"[services_and_business, professional_service, advertising_agency]",0.77,5,overture-maps,2026-08-19.0
0190d53d-a210-43af-9a9a-9c48c7927426,Welcome to the Fold,https://wttf.com.au/,(07) 3056 0211,,149 Wickham Tce,Brisbane,4000,QLD,AU,advertising_agency,"[services_and_business, professional_service, advertising_agency]",0.77,5,overture-maps,2026-08-19.0
6964de5d-ec0e-4f7c-8c33-404b29c01257,Word Prescription,https://wordprescription.com/,0476 375 148,,138 Mary St,Brisbane,4000,QLD,AU,advertising_agency,"[services_and_business, professional_service, advertising_agency]",0.77,5,overture-maps,2026-08-19.0
9a784579-fe26-4c7a-ba81-ac27c3ae6cff,WordPress Developer Brisbane,https://wordpressdeveloperbrisbane.com.au/,0434 080 944,,18 Charlotte St,Brisbane,4000,QLD,AU,advertising_agency,"[services_and_business, professional_service, advertising_agency]",0.77,5,overture-maps,2026-08-19.0
902e20f0-7d43-4ac4-ac2b-14fb485c8e54,World Zoo,https://thebusinessrebel.com/,(07) 5499 6423,,6 Regent St Unit 2,Caloundra,4551,QLD,AU,advertising_agency,"[services_and_business, professional_service, advertising_agency]",0.77,5,overture-maps,2026-08-19.0
488cfaf3-fbeb-4e92-aa32-b9f6ee3fc32f,ZAR Productions,https://zarproductions.com.au/,(02) 9981 2434,,187 Ocean Vista Dr,Yandina,4561,QLD,AU,advertising_agency,"[services_and_business, professional_service, advertising_agency]",0.77,5,overture-maps,2026-08-19.0
eebeebc5-342f-46a6-9e4c-fa96a38a5f89,Zelkova Consulting,https://zelkovaconsulting.net.au/,(07) 3040 1490,zelkovaconsultingau@gmail.com,320 Adelaide St Level 7,Brisbane,4000,QLD,AU,advertising_agency,"[services_and_business, professional_service, advertising_agency]",0.77,5,overture-maps,2026-08-19.0
d37a6645-1dcc-4309-bf9a-1d4310193b51,Pollinator,https://pollinator.space/,+61413748132,info@pollinator.space,24 Windorah St,Brisbane,4053,QLD,AU,advertising_agency,"[services_and_business, professional_service, advertising_agency]",0.7635514140129089,5,overture-maps,2026-08-19.0
777d44c7-27e3-4e22-8f09-2135779fb33a,Data Planet,https://dataplanet.com.au/,+611300328275,sales@dataplanet.com.au,"Seaton, 15 Albert Ave",Gold Coast,4218,QLD,AU,advertising_agency,"[services_and_business, professional_service, advertising_agency]",0.746305525302887,5,overture-maps,2026-08-19.0
dc5dec8e-ec98-465d-8d5c-3d3e918ec168,POA,https://poa.com.au/,+61747584600,,221 Sturt St,Townsville,4810,QLD,AU,advertising_agency,"[services_and_business, professional_service, advertising_agency]",0.7323632836341858,5,overture-maps,2026-08-19.0
1e888192-611a-4f5a-ae9b-14f7df1d5736,dtb Advertising,https://dtb.com.au/,+61754585600,hello@dtb.com.au,"Business Centre, Level 2/45 Brisbane Rd",Sunshine Coast,4557,QLD,AU,advertising_agency,"[services_and_business, professional_service, advertising_agency]",0.7196446061134338,5,overture-maps,2026-08-19.0
ed458039-d863-4a6d-ac89-c8a73f061662,Gilimbaa,https://gilimbaa.com.au/,+61733678895,office@gilimbaa.com.au,2 Ambleside St,Brisbane,4101,QLD,AU,advertising_agency,"[services_and_business, professional_service, advertising_agency]",0.6940836906433105,5,overture-maps,2026-08-19.0
0a8bfa8e-b30b-4b21-a538-53826860d446,AusGarage,https://ausgarage.com.au/,+61730749571,info@ausgarage.com.au,19/1645 Ipswich Rd,Brisbane,4106,QLD,AU,advertising_agency,"[services_and_business, professional_service, advertising_agency]",0.68913733959198,5,overture-maps,2026-08-19.0
61c77205-dc76-49ba-a696-bd68a5036f0e,Max Kelsen,https://maxkelsen.com/,,hello@maxkelsen.com,39 Kennigo St,Brisbane,4000,QLD,AU,marketing_agency,"[services_and_business, professional_service, marketing_agency]",0.6816514134407043,5,overture-maps,2026-08-19.0
d82fad05-0737-49d1-b39f-39a4fbb5687a,Pacific Data Systems,https://pacdatasys.com.au/,+61733612000,sales@pacdatasys.com.au,27 Hi Tech Ct,Brisbane,4113,QLD,AU,software_development,"[services_and_business, technical_service, software_development]",0.6605513095855713,5,overture-maps,2026-08-19.0
6e4e0531-bc0a-47b3-a634-a457d02a6a91,Juan Designs,https://juandesigns.com.au/,+61734823632,lee@juandesigns.com.au,6 Calder St,Brisbane,4509,QLD,AU,graphic_designer,"[services_and_business, design_service, graphic_designer]",0.6560671925544739,5,overture-maps,2026-08-19.0
b7fa8153-82f2-4a3f-a4d6-77c08f2322f4,"Gracemere Lions, Markets and Events",https://gracemere.qld.lions.org.au/,+61467223824,gracemerelions@gmail.com,"Conaghan Park, Lawrie Street",Gracemere,4702,QLD,AU,marketing_agency,"[services_and_business, professional_service, marketing_agency]",0.6508561968803406,5,overture-maps,2026-08-19.0
998630f6-62c0-4a38-acfe-b40b56a994d8,YKDesigns,https://ykdesigns.com.au/,+61433898297,info@ykdesigns.com.au,2/156 Ryans Rd,Brisbane,4012,QLD,AU,graphic_designer,"[services_and_business, design_service, graphic_designer]",0.6458575129508972,5,overture-maps,2026-08-19.0
3779309a-e971-4127-a430-a8769a1e5ab5,GMM on the Waterfront,https://gulfmarinamanagement.com/,+61418822931,,76-84 Waterway Dr,Gold Coast,4209,QLD,AU,marketing_agency,"[services_and_business, professional_service, marketing_agency]",0.6434287428855896,5,overture-maps,2026-08-19.0
5e416d4d-f7a0-4eb9-9c7b-3e9f2195a20a,DigitUX,https://digitux.com.au/,+61735350633,info@digitux.com.au,level 18/324 Queen St,Brisbane,4000,QLD,AU,marketing_agency,"[services_and_business, professional_service, marketing_agency]",0.6406247019767761,5,overture-maps,2026-08-19.0
c6cd659a-f10e-4a31-bdc5-8407a628d685,Budget Promotion,https://budgetpromotion.com.au/,+61738514937,sales@budgetpromotion.com.au,1147 South Pine Rd,Brisbane,4054,QLD,AU,advertising_agency,"[services_and_business, professional_service, advertising_agency]",0.6369913816452026,5,overture-maps,2026-08-19.0
9297ac31-9e8a-4a52-83e6-cdcba16e4456,Design Spot,https://design-spot.com.au/,+61418439924,melissa@hanwright.com.au,8 Jacksonia Dr,Brisbane,4500,QLD,AU,graphic_designer,"[services_and_business, design_service, graphic_designer]",0.6365174055099487,5,overture-maps,2026-08-19.0
291db6bc-534b-4f5c-9ab6-62f1f2c47443,DAIS,https://dais.com.au/,+61732160990,info@dais.com.au,3/36 Agnes St,Brisbane,4006,QLD,AU,marketing_agency,"[services_and_business, professional_service, marketing_agency]",0.6278364062309265,5,overture-maps,2026-08-19.0
383fa508-c86c-48bc-ad62-6957f995a327,Bird and Branch Design,https://birdandbranchdesign.com.au/,+61434859985,renae@birdandbranchdesign.com.au,37 Raff St,Toowoomba,4350,QLD,AU,graphic_designer,"[services_and_business, design_service, graphic_designer]",0.6249067187309265,5,overture-maps,2026-08-19.0
57a1b38b-6ca2-491c-9e71-a9c8068bfe71,Rowland,https://rowland.com.au/,+61732294499,corporate@rowland.com.au,2/10 Eagle St,Brisbane,4000,QLD,AU,advertising_agency,"[services_and_business, professional_service, advertising_agency]",0.6221176981925964,5,overture-maps,2026-08-19.0
4381054e-55a7-454e-b8d8-669f2fc2955e,Enlive,https://enlive.com.au/,+61415373959,hello@enlive.com.au,"Suncourt Arcade, 53 Woongarra St",Bundaberg,4670,QLD,AU,advertising_agency,"[services_and_business, professional_service, advertising_agency]",0.6143897771835327,5,overture-maps,2026-08-19.0
8b316e48-074b-4dbf-b7f0-1b15fb698c92,Phillips Group,https://phillipsgroup.com.au/,+61732305000,brisbane@phillipsgroup.com.au,3/201 Charlotte St,Brisbane,4000,QLD,AU,marketing_agency,"[services_and_business, professional_service, marketing_agency]",0.612699031829834,5,overture-maps,2026-08-19.0
875a121c-410a-4811-b8c8-d74078ff30ad,Townsville Advertising,https://townsvilleadvertising.city/,+61744453105,manager@townsvilleadvertising.city,Suite 17/45-49 Bundock St,Townsville,4810,QLD,AU,advertising_agency,"[services_and_business, professional_service, advertising_agency]",0.6095025539398193,5,overture-maps,2026-08-19.0
3284dd6c-ef99-4aff-8df0-293965e38b41,"Appther – AI, Mobile App & ERP Development Company",https://appther.com/,+61449095403,info@appther.com,28 Marine Parade,Gold Coast,4215,QLD,AU,software_development,"[services_and_business, technical_service, software_development]",0.6037448048591614,5,overture-maps,2026-08-19.0
dd22d18d-c753-4520-8675-3b76f952623b,a sign,https://asign.com.au/,+61738475305,info@asign.com.au,12 Birubi St,Brisbane,4151,QLD,AU,graphic_designer,"[services_and_business, design_service, graphic_designer]",0.9978299106955528,4,overture-maps,2026-08-19.0
4fd64c9d-fdbc-468d-9ae3-8a663981a94f,MegaBuy Technology Superstore,https://megabuy.com.au/,+611300634228,store@megabuy.com.au,844 Gympie Rd,Brisbane,4032,QLD,AU,computer_store,"[shopping, specialty_store, electronics_store, computer_store]",0.9860154068470002,4,overture-maps,2026-08-19.0
0a39f664-04f6-4208-a745-30e55020c97b,Nu Style Signs,https://nustylesigns.com.au/,+61755243488,work@nustylesigns.com.au,5 Ern Harley Dr,Gold Coast,4220,QLD,AU,graphic_designer,"[services_and_business, design_service, graphic_designer]",0.978442188501358,4,overture-maps,2026-08-19.0
3b2f7ab5-e958-4cbf-8923-831166711b05,Q&A Market Research,https://qandaresearch.com.au/,+61733692299,info@qandaresearch.com.au,9 Parkview St,Brisbane,4064,QLD,AU,b2b_marketing_consultant,"[services_and_business, b2b_service, b2b_office_and_professional_service, b2b_advertising_and_marketing_service, b2b_marketing_consultant]",0.9522080492973328,4,overture-maps,2026-08-19.0
94cc56bc-e811-4551-92f0-f1bb8a50a70e,SDL Technology,https://sdltechnology.com.au/,+61731370665,info@sdltechnology.com.au,785 Stanley St,Brisbane,4102,QLD,AU,information_technology_company,"[services_and_business, corporate_or_business_office, information_technology_company]",0.9515568000078202,4,overture-maps,2026-08-19.0
e0465895-c60a-4733-a712-cd3f52406665,GGA Graphics,https://ggagraphics.com.au/,+61407753600,linda@ggagraphics.com.au,10 Cox St,Ayr,4807,QLD,AU,graphic_designer,"[services_and_business, design_service, graphic_designer]",0.9424303579330444,4,overture-maps,2026-08-19.0
86b5cc75-45c3-447b-942c-1e498ad442ca,Rasta Graphics,https://rastagraphics.com.au/,+61417636600,info@rastagraphics.com.au,91 Oxley Dr,Gold Coast,4216,QLD,AU,graphic_designer,"[services_and_business, design_service, graphic_designer]",0.9412928342819213,4,overture-maps,2026-08-19.0
81671c2d-348c-47d6-95b0-62cef3e5c899,Linehouse Graphics,https://linehousegraphics.com.au/,+61412217488,linehousegraphics@bigpond.com,31 Glass House Cct,Brisbane,4503,QLD,AU,graphic_designer,"[services_and_business, design_service, graphic_designer]",0.9411720299720764,4,overture-maps,2026-08-19.0
e07a4688-dbd6-4c9f-af72-dc068b68dd27,Gympie Graphics,https://gympiegraphics.com.au/,+61754823102,admin@gympiegraphics.com.au,Shop 3/38 Reef St,Gympie,4570,QLD,AU,graphic_designer,"[services_and_business, design_service, graphic_designer]",0.9409687107801438,4,overture-maps,2026-08-19.0
2837e15d-1f5e-44c2-ac0e-682a190e1daf,Australian Centre for Water and Environmental Biotechnology,https://acweb.uq.edu.au/,+61733654730,acweb@uq.edu.au,"The University of Queensland, 4 Gehrmann Laboratories Building, Research Rd",Brisbane,4067,QLD,AU,biotechnology_company,"[services_and_business, corporate_or_business_office, biotechnology_company]",0.9395580065250397,4,overture-maps,2026-08-19.0
86cbc59a-a565-40ad-9a6e-b882da1f34fa,Metagraphics,https://metagraphics.com.au/,+61450646784,james@metagraphics.com.au,30 Board St,Brisbane,4017,QLD,AU,b2b_advertising_and_marketing_service,"[services_and_business, b2b_service, b2b_office_and_professional_service, b2b_advertising_and_marketing_service]",0.938135690689087,4,overture-maps,2026-08-19.0
c8b9810f-aeea-4dbd-b21a-c53c2a8fd684,Rumbletown,https://readytorumble.com.au/,+61730362000,meghan@readytorumble.com.au,33 Vulture St,Brisbane,4101,QLD,AU,b2b_advertising_and_marketing_service,"[services_and_business, b2b_service, b2b_office_and_professional_service, b2b_advertising_and_marketing_service]",0.936712264418602,4,overture-maps,2026-08-19.0
65ddbbb6-0c8a-4c7d-a25a-9c3723533d5c,Omega Graphix Gold Coast,https://omegagfx.com/,+61466933300,info@omegagfx.com,29 Lawrence Dr,Gold Coast,4211,QLD,AU,graphic_designer,"[services_and_business, design_service, graphic_designer]",0.9248456537723542,4,overture-maps,2026-08-19.0
c1dcb4d5-0c6a-4a0e-97be-ef4c19196cc3,Blizzard Graphics,https://promotional.blizzardgraphics.com.au/,+61411332438,art@blizzardgraphics.com.au,16 Cordellia St,Sunshine Coast,4573,QLD,AU,graphic_designer,"[services_and_business, design_service, graphic_designer]",0.9221382910013198,4,overture-maps,2026-08-19.0
9bc753e2-86dd-4559-9e28-c7102733c10e,Uber Graphics,https://ubergraphics.com.au/,+61754754911,hello@ubergraphics.com.au,6 Premier Cct,Sunshine Coast,4575,QLD,AU,graphic_designer,"[services_and_business, design_service, graphic_designer]",0.9207181960344315,4,overture-maps,2026-08-19.0
3f2d7174-fa44-49b9-8cb6-84981e679cd8,Liveworm,https://liveworm.com.au/,+61737356191,design@liveworm.com.au,226 Grey St,Brisbane,4101,QLD,AU,graphic_designer,"[services_and_business, design_service, graphic_designer]",0.9017902362346649,4,overture-maps,2026-08-19.0
5d764c74-671b-47c4-aa67-be05e317fdce,Surfers Paradise Brochure Service,https://infomaps.com.au/,+61755763066,info@spbs48.com,1/15-17 Dover Dr,Gold Coast,4220,QLD,AU,b2b_advertising_and_marketing_service,"[services_and_business, b2b_service, b2b_office_and_professional_service, b2b_advertising_and_marketing_service]",0.8939550375938415,4,overture-maps,2026-08-19.0
0d43c4df-bd09-4387-b164-cf254f643ff1,JCDecaux Australia,https://jcdecaux.com.au/,+61732701937,,4/16 Duncan St,Brisbane,4101,QLD,AU,b2b_advertising_and_marketing_service,"[services_and_business, b2b_service, b2b_office_and_professional_service, b2b_advertising_and_marketing_service]",0.8928885269165039,4,overture-maps,2026-08-19.0
0d0f72bc-155a-4de8-9634-a21aabe6ce74,Sherwell Graphics,https://sherwellgraphics.com.au/,+61411222964,design@sherwellgraphics.com.au,4/8 Ereton Dr,Gold Coast,4215,QLD,AU,graphic_designer,"[services_and_business, design_service, graphic_designer]",0.8928650707006455,4,overture-maps,2026-08-19.0
f6ddec9c-0827-4955-8bba-4b03bfe97238,Vofer,https://vofer.com.au/,+61407242669,lionel@vofer.com.au,2B/11 Donkin St,Brisbane,4101,QLD,AU,internet_marketing_service,"[services_and_business, professional_service, internet_marketing_service]",0.8923511040210724,4,overture-maps,2026-08-19.0
e29f9f20-e8eb-470b-810d-fcd3a07c6081,No Limitz Kreationz,https://nlk.net.au/,+61406043390,nolimitzkr8@gmail.com,14 Graymond St,Brisbane,4032,QLD,AU,graphic_designer,"[services_and_business, design_service, graphic_designer]",0.8902672433853149,4,overture-maps,2026-08-19.0
a6dbee22-4897-4724-9d6c-a321183b7e57,3rdiFilms,https://3rdifilms.com/,+61732551888,jacoblivermore@me.com,610 Stanley St,Brisbane,4101,QLD,AU,b2b_advertising_and_marketing_service,"[services_and_business, b2b_service, b2b_office_and_professional_service, b2b_advertising_and_marketing_service]",0.8883536630868911,4,overture-maps,2026-08-19.0
b01cd4d5-14be-4bd9-959c-59b79cc5d05a,inTechnology Distribution,https://intechnology.com/,+61721031300,sales@intechnology.com.au,"Office 10, Airport Central, 1 Eastern Ave",Gold Coast,4225,QLD,AU,information_technology_company,"[services_and_business, corporate_or_business_office, information_technology_company]",0.8871685415506363,4,overture-maps,2026-08-19.0
5b4d8922-eee3-4788-987d-e65c3f76619c,Ramnet Information Technology Services,https://ramnet.com.au/,+61754651105,sales@ramnet.com.au,140 Patrick St,Laidley,4341,QLD,AU,information_technology_company,"[services_and_business, corporate_or_business_office, information_technology_company]",0.8858299332857132,4,overture-maps,2026-08-19.0
c7cdb04d-c51a-4a21-af5e-00734868c76e,Joyprint Australia,https://joyprint.com.au/,+61402417811,info@joyprint.com.au,1 Winston St,Brisbane,4178,QLD,AU,graphic_designer,"[services_and_business, design_service, graphic_designer]",0.8844025245308876,4,overture-maps,2026-08-19.0
342598ff-2d91-4e25-8c80-7b8dd80441f6,SponsoredLinX,https://sponsoredlinx.com.au/,+611300859600,info@sponsoredlinx.com,2a/639 Wickham St,Brisbane,4006,QLD,AU,b2b_advertising_and_marketing_service,"[services_and_business, b2b_service, b2b_office_and_professional_service, b2b_advertising_and_marketing_service]",0.8790526634454727,4,overture-maps,2026-08-19.0
d8a9d894-fd51-42a1-9835-4c4e332aa738,Tinstar,https://tinstar.com.au/,+61404878343,studio@tinstar.com.au,71 W Burleigh Rd,Gold Coast,4220,QLD,AU,graphic_designer,"[services_and_business, design_service, graphic_designer]",0.8786625102162361,4,overture-maps,2026-08-19.0
e3888231-e65d-4db2-a472-eab60cdc8a38,Dialog Information Technology,https://dialog.com.au/,+61732471000,dialogit@dialog.com.au,144 Montague Rd,Brisbane,4101,QLD,AU,information_technology_company,"[services_and_business, corporate_or_business_office, information_technology_company]",0.8776746484637261,4,overture-maps,2026-08-19.0
3fb57d7b-95c7-4cc8-a9a8-5a6a706a33f0,Epicentre Trading,https://epiclegend.com/,+61738960500,salesq@epicentre.com.au,32 Borthwick Ave,Brisbane,4172,QLD,AU,b2b_advertising_and_marketing_service,"[services_and_business, b2b_service, b2b_office_and_professional_service, b2b_advertising_and_marketing_service]",0.8761489251255989,4,overture-maps,2026-08-19.0
8352713a-2461-4017-b2a1-384e9f257cb5,Rabone Systems - Technology Solution Provider,https://rabonesystems.com.au/,+611800722663,info@rabonesystems.com.au,Unit 21/115 Wickham St,Brisbane,4006,QLD,AU,information_technology_company,"[services_and_business, corporate_or_business_office, information_technology_company]",0.8730001920461654,4,overture-maps,2026-08-19.0
8fdf1f6b-f1ac-4ddd-ac45-6061246b90c4,MySlogan,https://alisonmurphydesign.com.au/,+61741257769,,739 River Heads Rd,Hervey Bay,4655,QLD,AU,b2b_advertising_and_marketing_service,"[services_and_business, b2b_service, b2b_office_and_professional_service, b2b_advertising_and_marketing_service]",0.8699076250195503,4,overture-maps,2026-08-19.0
247d2e75-9c5b-420d-a6ea-89dc1446e31a,Fresh Technology Solutions and Support,https://freshtech.com.au/,+611300350043,,7 Jarrah St,Sunshine Coast,4575,QLD,AU,it_service_and_computer_repair,"[services_and_business, technical_service, it_service_and_computer_repair]",0.8695446226000786,4,overture-maps,2026-08-19.0
408e1ee6-4c16-4e60-a62d-d943532b0061,Accountable List Brokers,https://listbroker.com.au/,+61418875770,laird@listbroker.com.au,23 Rankin Parade,Gold Coast,4217,QLD,AU,b2b_advertising_and_marketing_service,"[services_and_business, b2b_service, b2b_office_and_professional_service, b2b_advertising_and_marketing_service]",0.8680488741397858,4,overture-maps,2026-08-19.0
b830ea28-6ec7-47fe-a44b-06bbaf01b6d8,Megaclickz Pty Ltd,https://megaclickz.com/,+61731606756,simon@megaclickz.com,22/127 Creek St,Brisbane,4000,QLD,AU,internet_marketing_service,"[services_and_business, professional_service, internet_marketing_service]",0.865201473236084,4,overture-maps,2026-08-19.0
c4805221-4413-40af-9000-668d6e17f169,Bouldercombe Quarries,https://bquarry.com.au/,+61749135300,admin@bquarry.com.au,53199 Burnett Highway,Bouldercombe,4702,QLD,AU,b2b_advertising_and_marketing_service,"[services_and_business, b2b_service, b2b_office_and_professional_service, b2b_advertising_and_marketing_service]",0.8620012998580933,4,overture-maps,2026-08-19.0
3bccfe19-cb77-4c1d-af44-a976d7be76f5,Market Savvy,https://marketsavvy.com.au/,+61738998335,,204 Oxford St,Brisbane,4171,QLD,AU,b2b_marketing_consultant,"[services_and_business, b2b_service, b2b_office_and_professional_service, b2b_advertising_and_marketing_service, b2b_marketing_consultant]",0.8567301532626153,4,overture-maps,2026-08-19.0
4bc62805-fc02-462d-85d9-8231b96d55d5,Cairns City Graphics,https://cairnscitygraphics.com.au/,+61742299819,info@cairnscitygraphics.com.au,Shop 13/223 Hartley St,Cairns,4870,QLD,AU,graphic_designer,"[services_and_business, design_service, graphic_designer]",0.8544164896011353,4,overture-maps,2026-08-19.0
7f3ca06b-995e-494e-a06b-0d6b54cf2b29,Divi Service,https://diviservice.com/,1300706541,,30 Chancellor Village Blvd,Sippy Downs,4566,QLD,AU,graphic_designer,"[services_and_business, design_service, graphic_designer]",0.85,4,overture-maps,2026-08-19.0
fdcbfbc0-6df0-448e-ab4b-940c7b018de8,Insync Technology,https://insynctechnology.com.au/,+61730403600,info@insynctechnology.com.au,Lobby Level 2/76 Skyring Terrace,Brisbane,4006,QLD,AU,information_technology_company,"[services_and_business, corporate_or_business_office, information_technology_company]",0.8446904656291008,4,overture-maps,2026-08-19.0
0e1b277c-63a8-4d7f-a274-e32b4a63df0b,Enigma Cybernauts,https://enigmacybernauts.com.au/,+611300235622,,"NERANG STATE SCHOOL, 1 Nerang St",Gold Coast,4211,QLD,AU,b2b_advertising_and_marketing_service,"[services_and_business, b2b_service, b2b_office_and_professional_service, b2b_advertising_and_marketing_service]",0.8405854564905166,4,overture-maps,2026-08-19.0
4855e319-8b21-4f44-bf2d-cb3341dd9ff0,True North Technology,https://truenorthtechnology.com.au/,+61740786888,info@truenorthtechnology.com.au,183 Aumuller St,Cairns,4870,QLD,AU,information_technology_company,"[services_and_business, corporate_or_business_office, information_technology_company]",0.8378463983535767,4,overture-maps,2026-08-19.0
7d61e1f8-92e3-4aa0-8d51-67a656293660,Dreamflex,https://dreamflex.com.au/,+611300524460,ben.rogers@dreamflex.com.au,"2 George St, 214 Gardens Point Rd",Brisbane,4000,QLD,AU,internet_marketing_service,"[services_and_business, professional_service, internet_marketing_service]",0.8359985461831093,4,overture-maps,2026-08-19.0
053af143-b4ff-4cdb-83f5-74c07c473aa5,Stingray Variety Store,https://tickys-store-2.creator-spring.com/,+61439558042,stingrayvarietystore@outlook.com,42 Pinkwood St,Brisbane,4070,QLD,AU,b2b_advertising_and_marketing_service,"[services_and_business, b2b_service, b2b_office_and_professional_service, b2b_advertising_and_marketing_service]",0.8346351981163025,4,overture-maps,2026-08-19.0
e6aab75c-7d0d-42c5-91db-aea395f0f148,Creations Group - Signage Solutions Gold Coast,https://creationsgroup.com.au/,+61755782644,info@creationsgroup.com.au,"Jupiter Plaza, 12-20 Lawrence Dr",Gold Coast,4211,QLD,AU,graphic_designer,"[services_and_business, design_service, graphic_designer]",0.8342701479792595,4,overture-maps,2026-08-19.0
95bdc4a9-e1ff-4470-9c28-1751b2c6932e,Support Technology,https://support-tech.com.au/,+61732295339,info@supporttechnology.com.au,Unit 6/371 Queen St,Brisbane,4000,QLD,AU,information_technology_company,"[services_and_business, corporate_or_business_office, information_technology_company]",0.8172032237052917,4,overture-maps,2026-08-19.0
9817f783-f154-4142-ab8a-8b840865c34a,The Ageing Equation,https://ageingequation.com.au/,+61421525139,safdar@ageingequation.com.au,1308/31 Musk Ave,Brisbane,4059,QLD,AU,b2b_marketing_consultant,"[services_and_business, b2b_service, b2b_office_and_professional_service, b2b_advertising_and_marketing_service, b2b_marketing_consultant]",0.8137139929831028,4,overture-maps,2026-08-19.0
a1f1c8a3-8f91-4501-bcba-126ceb4e58a8,Salacia Waters,https://tommysbarandgrill.com.au/,+61421177805,edin.kara@coastal.com.au,18 Grice Ave,Gold Coast,4216,QLD,AU,b2b_advertising_and_marketing_service,"[services_and_business, b2b_service, b2b_office_and_professional_service, b2b_advertising_and_marketing_service]",0.7850748300552368,4,overture-maps,2026-08-19.0
a1881c90-22d2-422c-915c-0fc3a134bbc0,AJ Technology,https://ajtech.biz/,(07) 3888 6084,,27 Tontonan Dr,Burpengary,4505,QLD,AU,it_service_and_computer_repair,"[services_and_business, technical_service, it_service_and_computer_repair]",0.77,4,overture-maps,2026-08-19.0
898f2ed0-4acf-4401-b5a8-bfa96c3f7b54,ARJ Technology,https://arjtech.com/,(07) 4151 0920,,48 Maryborough St,Bundaberg,4670,QLD,AU,computer_wholesaler,"[services_and_business, b2b_service, wholesaler, computer_wholesaler]",0.77,4,overture-maps,2026-08-19.0
5142d612-531d-4537-aa0a-44dda5f2c7c7,Assist-Tech Technology Services,https://assist-tech.com.au/,(07) 3137 0470,,93 Leworthy St,Bardon,4065,QLD,AU,it_service_and_computer_repair,"[services_and_business, technical_service, it_service_and_computer_repair]",0.77,4,overture-maps,2026-08-19.0
b77bcaa3-fb97-437d-a2f7-737078c779f6,Australian Business Research,https://abr.com.au/,(07) 3837 1333,,231 N Quay,Brisbane,4000,QLD,AU,b2b_marketing_consultant,"[services_and_business, b2b_service, b2b_office_and_professional_service, b2b_advertising_and_marketing_service, b2b_marketing_consultant]",0.77,4,overture-maps,2026-08-19.0
ab1aae7b-bee2-4538-9e49-89d9c8b4f4d5,Australian Design Studio,https://australiandesignstudio.com.au/,(07) 3846 6611,info@australiandesigndstudio.com,141 Melbourne St,South Brisbane,4101,QLD,AU,product_design,"[services_and_business, design_service, product_design]",0.77,4,overture-maps,2026-08-19.0
ac589cc7-5f6f-4f79-91ba-ac718bc251af,Australian Interactive Multimedia Industry Association,https://aimia.com.au/,(07) 3831 1661,info@aimia.com.au,444 Queen St,Brisbane,4000,QLD,AU,it_service_and_computer_repair,"[services_and_business, technical_service, it_service_and_computer_repair]",0.77,4,overture-maps,2026-08-19.0
daa576a7-6c09-4dd0-94a9-4ba35c9deb1d,Australian Tourism Data Warehouse,https://atdw.com.au/,1300 137 225,,515 St Pauls Tce Level 8,Fortitude Valley,4006,QLD,AU,internet_marketing_service,"[services_and_business, professional_service, internet_marketing_service]",0.77,4,overture-maps,2026-08-19.0
594ef57a-3185-48d0-9618-391f0be51f57,BlueFrame Technology,https://blueframetech.com/,0432 275 961,,Bryants Rd,Loganholme,4129,QLD,AU,it_service_and_computer_repair,"[services_and_business, technical_service, it_service_and_computer_repair]",0.77,4,overture-maps,2026-08-19.0
077d617c-b05e-46bc-ba16-8f26d77022bd,Branch Technology,https://branchtechnology.com.au/,0416 199 508,,4 Flagstone Dr #10,Burleigh Heads,4220,QLD,AU,it_service_and_computer_repair,"[services_and_business, technical_service, it_service_and_computer_repair]",0.77,4,overture-maps,2026-08-19.0
38f1d60d-8826-4c38-8f90-6cb50e8ace2f,Brickworks Brisbane Design Studio,https://australbricks.com.au/,(07) 3634 5604,,27 James St,Fortitude Valley,4006,QLD,AU,product_design,"[services_and_business, design_service, product_design]",0.77,4,overture-maps,2026-08-19.0
c99aa065-f344-4d81-8695-b69495f6c5cd,Brisbane Information Technology Solutions,https://brisbaneits.com/,(07) 3105 5901,,39 Passerine Dr,Rochedale South,4123,QLD,AU,it_service_and_computer_repair,"[services_and_business, technical_service, it_service_and_computer_repair]",0.77,4,overture-maps,2026-08-19.0
b4a28789-feb0-4778-90f2-a24447bb187b,Centreforce Technology Group,https://centreforceit.com.au/,(07) 3889 9822,,167 Eagle St Level 21,Brisbane,4000,QLD,AU,information_technology_company,"[services_and_business, corporate_or_business_office, information_technology_company]",0.77,4,overture-maps,2026-08-19.0
f3c24a7e-d7f4-4a04-858f-efb565149572,CitrusAd,https://citrusad.com/,1300 248 787,,99 Melbourne St Level 2,South Brisbane,4101,QLD,AU,internet_marketing_service,"[services_and_business, professional_service, internet_marketing_service]",0.77,4,overture-maps,2026-08-19.0
44ab2663-4696-41ea-b2e9-5cb4307840a6,Click to Lead,https://clicktolead.com.au/,0416 677 629,,220 Melbourne St #116,South Brisbane,4101,QLD,AU,internet_marketing_service,"[services_and_business, professional_service, internet_marketing_service]",0.77,4,overture-maps,2026-08-19.0
70389f37-1130-477f-bfaa-a4336433ebdb,Coxeco Creative Graphic Design,https://coxeco.com/,0449 137 330,,81 Visentin Rd,Morayfield,4506,QLD,AU,information_technology_company,"[services_and_business, corporate_or_business_office, information_technology_company]",0.77,4,overture-maps,2026-08-19.0
52b660ce-3ca2-46a7-89e0-7f55d6d80812,Crash Technology,https://crashtechnology.com.au/,1300 427 274,,8-34 Gladstone Park Dr Shop 203,Gladstone,3043,QLD,AU,it_service_and_computer_repair,"[services_and_business, technical_service, it_service_and_computer_repair]",0.77,4,overture-maps,2026-08-19.0
656a0842-7951-4d83-99b8-27f8fe88bf22,Dimension3 Technology,https://d-3.com.au/,1300 898 376,,"2-20 Shore Street West, Ormiston",Brisbane,4160,QLD,AU,it_service_and_computer_repair,"[services_and_business, technical_service, it_service_and_computer_repair]",0.77,4,overture-maps,2026-08-19.0
3c85f93a-3823-4451-b64e-d7bd7c40aff8,Distributed Technology Systems,https://distech.com.au/,(07) 3871 1493,,31 Sherwood Rd,Toowong,4066,QLD,AU,computer_wholesaler,"[services_and_business, b2b_service, wholesaler, computer_wholesaler]",0.77,4,overture-maps,2026-08-19.0
6267e0b7-de92-469e-8aa7-d929ff50a890,DS Bodyskins,https://dsbodyskins.com.au/,(07) 3285 6761,,85 Whitehorse Rd,Kallangur,4503,QLD,AU,internet_marketing_service,"[services_and_business, professional_service, internet_marketing_service]",0.77,4,overture-maps,2026-08-19.0
dc71ae62-7ea9-4139-8438-ee3769c18dc0,Endless Technology,https://endtech.com.au/,(07) 4041 0990,,304 Severin St,Cairns,4870,QLD,AU,it_service_and_computer_repair,"[services_and_business, technical_service, it_service_and_computer_repair]",0.77,4,overture-maps,2026-08-19.0
1ba5d09e-5cdf-4cf9-9e97-d831e79fd42e,Gamarq,https://gamarq.com/,(07) 5326 1454,,18 Undara Ave,Buddina,4575,QLD,AU,internet_marketing_service,"[services_and_business, professional_service, internet_marketing_service]",0.77,4,overture-maps,2026-08-19.0
dc2b01c9-860b-4a33-ac01-7b7ba5ddc678,Global Technology Services,https://globaltechnologyservices.webs.com/,(07) 3390 2995,,3 Currumbin Ct Shop 4,Capalaba,4157,QLD,AU,it_service_and_computer_repair,"[services_and_business, technical_service, it_service_and_computer_repair]",0.77,4,overture-maps,2026-08-19.0
ca1717fb-514f-48b5-82bb-ba803ed61990,Idya Technology - IT Consulting Company,https://idya.com.au/,(07) 3519 6660,,62 Looranah St,Jindalee,4074,QLD,AU,computer_wholesaler,"[services_and_business, b2b_service, wholesaler, computer_wholesaler]",0.77,4,overture-maps,2026-08-19.0
7d9017bf-b2b8-4076-bcee-84fa4c485138,Jorjcreative Photography & Design,https://jorjcreative.com/,0423 313 026,,Euston Ct,Burdell,4818,QLD,AU,information_technology_company,"[services_and_business, corporate_or_business_office, information_technology_company]",0.77,4,overture-maps,2026-08-19.0
3e074d22-dc53-4f18-b169-d2d61f412ee6,LMG DigitalMedia,https://lmgdm.com.au/,(07) 5508 2244,,55-57 Township Dr.,Burleigh Heads,4220,QLD,AU,information_technology_company,"[services_and_business, corporate_or_business_office, information_technology_company]",0.77,4,overture-maps,2026-08-19.0
fb6aadeb-0db8-4d14-bd32-ef44db16c0f4,Mach Technology,https://mach.com.au/,(07) 5474 3331,,28 Eenie Creek Rd,Noosaville,4566,QLD,AU,it_service_and_computer_repair,"[services_and_business, technical_service, it_service_and_computer_repair]",0.77,4,overture-maps,2026-08-19.0
ad86524e-a385-45fc-8df5-389336f77ed4,Orpheus Technology,https://orpheustechnology.com/,0402 322 363,,16 Gordon St,Brighton,4017,QLD,AU,computer_wholesaler,"[services_and_business, b2b_service, wholesaler, computer_wholesaler]",0.77,4,overture-maps,2026-08-19.0
e01ae135-2f82-4beb-bb68-f8f54678967e,Pitangent Technology Solutions,https://pitangent.com/,0457 970 466,,3 Twenty Fourth Ave,Palm Beach,4221,QLD,AU,it_service_and_computer_repair,"[services_and_business, technical_service, it_service_and_computer_repair]",0.77,4,overture-maps,2026-08-19.0
a311e4e1-beb7-4f71-8dc8-28f7fb323a5c,Prism Partnership,https://prismpartnership.com.au/,(07) 3832 7899,,445 Upper Edward St Suite 34 Level 8,Spring Hill,4000,QLD,AU,b2b_marketing_consultant,"[services_and_business, b2b_service, b2b_office_and_professional_service, b2b_advertising_and_marketing_service, b2b_marketing_consultant]",0.77,4,overture-maps,2026-08-19.0
740b6f08-41ed-4170-93be-053bc0b875a0,SalesGrow Advertising,https://salesgrow.com.au/,0420 981 217,,,Toowoomba,4350,QLD,AU,internet_marketing_service,"[services_and_business, professional_service, internet_marketing_service]",0.77,4,overture-maps,2026-08-19.0
6e2c9595-dc6c-4c05-9cca-e93a8332cc85,Shop Guide Australia,https://shopguideaustralia.com.au/,0435 000 000,,Lawrence Drive,Nerang,4211,QLD,AU,internet_marketing_service,"[services_and_business, professional_service, internet_marketing_service]",0.77,4,overture-maps,2026-08-19.0
9bb8b443-73b6-4f44-b97f-f300c1145461,Take Heed,https://takeheed.com.au/,1300 858 707,,18 Manufacturer Dr,Gold Coast,4214,QLD,AU,internet_marketing_service,"[services_and_business, professional_service, internet_marketing_service]",0.77,4,overture-maps,2026-08-19.0
b1f78fd4-1c9a-4a18-b58b-f7dd5adfb26f,Tebbutt Research,https://tebbuttresearch.com/,(07) 5532 4666,,9 Lawson St,Southport,4215,QLD,AU,b2b_marketing_consultant,"[services_and_business, b2b_service, b2b_office_and_professional_service, b2b_advertising_and_marketing_service, b2b_marketing_consultant]",0.77,4,overture-maps,2026-08-19.0
fe0a7bb5-1994-4f2b-813e-15a59cbd676b,Think Technology Australia,https://thinktechnology.com.au/,1300 920 866,info@thinktechnology.com.au,121 Newmarket Rd Unit 17,Windsor,4030,QLD,AU,it_service_and_computer_repair,"[services_and_business, technical_service, it_service_and_computer_repair]",0.77,4,overture-maps,2026-08-19.0
69c69f12-dd24-473c-bfab-161aad650e5c,ZAP Technology Pty Ltd,https://zapbi.com/,(07) 3107 4214,,196 Wharf St #3,Spring Hill,4000,QLD,AU,computer_wholesaler,"[services_and_business, b2b_service, wholesaler, computer_wholesaler]",0.77,4,overture-maps,2026-08-19.0
590da8fc-3d28-4a6d-a633-c9a8833553b3,Outback Opals Winton Qld,https://outbackopalswinton.com/,,sales@outbackopalswinton.com,,Winton,,QLD,AU,b2b_advertising_and_marketing_service,"[services_and_business, b2b_service, b2b_office_and_professional_service, b2b_advertising_and_marketing_service]",0.7243870496749878,4,overture-maps,2026-08-19.0
93f10991-ae8f-4fe3-8fd5-7036ab10ba66,Compass Research,https://cummings.net.au/,+61740312888,,42 Grafton St,Cairns,4870,QLD,AU,b2b_marketing_consultant,"[services_and_business, b2b_service, b2b_office_and_professional_service, b2b_advertising_and_marketing_service, b2b_marketing_consultant]",0.723267138004303,4,overture-maps,2026-08-19.0
fc8eb232-711b-473f-b146-b529a51c4958,ChartersTowers QCWA Branch,https://qcwa.org.au/,,,"Country Womens Association Jane Black Memorial Hall, 82 Mosman St",Charters Towers,4820,QLD,AU,b2b_advertising_and_marketing_service,"[services_and_business, b2b_service, b2b_office_and_professional_service, b2b_advertising_and_marketing_service]",0.7222810387611389,4,overture-maps,2026-08-19.0
6b1f2aeb-7598-4345-98a0-b0b8949a7259,Stellar,https://stellarbpo.com.au/,+61755588900,,"BIGGERA WATERS SHOPPING CENTRE, 33 Hollywell Rd",Gold Coast,4216,QLD,AU,b2b_telemarketing_service,"[services_and_business, b2b_service, b2b_office_and_professional_service, b2b_advertising_and_marketing_service, b2b_telemarketing_service]",0.7171341776847839,4,overture-maps,2026-08-19.0
3730408c-e8e6-45cf-a1e8-8aa04fbe9a72,Rhino Exhaust,https://rhinoexhaust.com.au/,,info@rhinoexhaust.com.au,1 Westlink Court,Brisbane,4076,QLD,AU,b2b_advertising_and_marketing_service,"[services_and_business, b2b_service, b2b_office_and_professional_service, b2b_advertising_and_marketing_service]",0.7126699090003967,4,overture-maps,2026-08-19.0
d9e87cbf-4d35-4a19-acd4-791e26751136,Gozana Technology,https://gozanatech.com.au/,+61746388878,,1/171 Margaret St,Toowoomba,4350,QLD,AU,computer_store,"[shopping, specialty_store, electronics_store, computer_store]",0.686120331287384,4,overture-maps,2026-08-19.0
6f996670-6d36-43f8-af0f-942e75df8533,Angler Boats QLD,https://anglerboatsqld.com.au/,+61418767248,anglerboatsqld@gmail.com,61 Princess St,Bundaberg,4670,QLD,AU,b2b_advertising_and_marketing_service,"[services_and_business, b2b_service, b2b_office_and_professional_service, b2b_advertising_and_marketing_service]",0.6832590699195862,4,overture-maps,2026-08-19.0
68577b3c-c82f-48eb-af38-b913fb243771,Distinctive Promotions,https://distinctivepromotions.com.au/,+61747211883,maxine@distinctivepromotions.com.au,Unit 1/222 Hugh St,Townsville,4812,QLD,AU,b2b_advertising_and_marketing_service,"[services_and_business, b2b_service, b2b_office_and_professional_service, b2b_advertising_and_marketing_service]",0.669190526008606,4,overture-maps,2026-08-19.0
34b51391-a5de-45c2-bada-bf7235690a14,Atelier Social Agency & Studio,https://ateliersocialagency.com/,+61421783389,marie@ateliersocialagency.com,Unit 8/57 Karthina St,Brisbane,4171,QLD,AU,social_media_agency,"[services_and_business, professional_service, social_media_agency]",0.6666028499603271,4,overture-maps,2026-08-19.0
0d208ce4-60da-489f-991b-5f7e6f018826,Venturer Technology,https://venttech.com.au/,+61735188155,info@venttech.com.au,Shop 4/720 Albany Creek Rd,Brisbane,4035,QLD,AU,information_technology_company,"[services_and_business, corporate_or_business_office, information_technology_company]",0.6595945954322815,4,overture-maps,2026-08-19.0
dcf182a8-4149-41e8-b64d-3635289f298a,Redlands Coast Lifestyle Info Centre,https://redlandscoastlifestyle.com.au/,,info@redlandscoastlifestyle.com.au,"Passenger Ferry Terminal, Banana Street",Brisbane,4165,QLD,AU,b2b_advertising_and_marketing_service,"[services_and_business, b2b_service, b2b_office_and_professional_service, b2b_advertising_and_marketing_service]",0.6493028998374939,4,overture-maps,2026-08-19.0
516b6341-ebb1-4739-ab31-d544d02819e1,One Fish Technology,https://onefishtechnology.com.au/,+61740079729,,2 Commodore St,South Mission Beach,4852,QLD,AU,it_service_and_computer_repair,"[services_and_business, technical_service, it_service_and_computer_repair]",0.6396152973175049,4,overture-maps,2026-08-19.0
86627c36-8c83-4a7b-8669-36a8f7b05230,Bundaberg Technology Solutions,https://bts.com.au/,+61741542438,info@bts.com.au,3A Takalvan St,Bundaberg,4670,QLD,AU,it_service_and_computer_repair,"[services_and_business, technical_service, it_service_and_computer_repair]",0.636678159236908,4,overture-maps,2026-08-19.0
5dd3770b-2f04-4be1-83a6-965b1ef72a99,The Sentinel News,https://sentinelnews.com.au/,+61754387445,admin@sentinelnews.com.au,35 Swan St,Beerwah,4519,QLD,AU,b2b_advertising_and_marketing_service,"[services_and_business, b2b_service, b2b_office_and_professional_service, b2b_advertising_and_marketing_service]",0.6342281699180603,4,overture-maps,2026-08-19.0
ad42c470-0840-4555-b6f0-d22225be3110,K2 Signs,https://k2signs.com.au/,+61472550000,info@k2signs.com.au,20 Bonemill Rd,Brisbane,4113,QLD,AU,graphic_designer,"[services_and_business, design_service, graphic_designer]",0.6324353218078613,4,overture-maps,2026-08-19.0
424d8e94-5fcb-4c0b-81f2-9c261c628034,All Signs Brisbane,https://allsignsbrisbane.au/,+61424505990,info@allsignsbrisbane.au,11 Hinkler Ct,Brisbane,4500,QLD,AU,b2b_advertising_and_marketing_service,"[services_and_business, b2b_service, b2b_office_and_professional_service, b2b_advertising_and_marketing_service]",0.6278710961341858,4,overture-maps,2026-08-19.0
298ac040-7a89-4020-aad6-27a1ce1c7924,INK Graphics Factory,https://inkgraphicsfactory.com.au/,+61404022516,enquiry@inkgraphicsfactory.com.au,26 Hannam St,Cairns,4870,QLD,AU,graphic_designer,"[services_and_business, design_service, graphic_designer]",0.6276269555091858,4,overture-maps,2026-08-19.0
85f4c79c-5150-480e-9c52-eb4a6ead8da7,Thomas Direct,https://thomasdirect.com.au/,+61755882888,info@thomasdirect.com.au,"Hughes Corporate Centre, 12 Lae Dr & Oxley Drive, 390 Oxley Dr",Gold Coast,4216,QLD,AU,b2b_telemarketing_service,"[services_and_business, b2b_service, b2b_office_and_professional_service, b2b_advertising_and_marketing_service, b2b_telemarketing_service]",0.6193380355834961,4,overture-maps,2026-08-19.0
88c959ce-5ac2-4265-81ba-5dd54fe945c9,VMA Promo Products,https://vmapromo.com.au/,+611300557800,info@vmapromo.com.au,"4/55 Upton St, Bundall ",Gold Coast,4217,QLD,AU,b2b_advertising_and_marketing_service,"[services_and_business, b2b_service, b2b_office_and_professional_service, b2b_advertising_and_marketing_service]",0.6052895784378052,4,overture-maps,2026-08-19.0
15bdbd99-82d0-4776-b6ca-dc10a9ac8a9d,G-Castle Internet Cafe,https://gcastle.net/,+61426381695,gcastlejun@gmail.com,Basement/81 Elizabeth St,Brisbane,4000,QLD,AU,internet_cafe,"[food_and_drink, casual_eatery, cafe, internet_cafe]",0.9998032906353473,3,overture-maps,2026-08-19.0
925a3eed-89ae-47c1-92e5-be93ce1d1d69,Brilliant Technologies,https://brilliant.com.au/,+61740525900,naomim@brilliant.com.au,149 Mulgrave Rd,Cairns,4870,QLD,AU,computer_hardware_company,"[services_and_business, technical_service, computer_hardware_company]",0.9989269028007984,3,overture-maps,2026-08-19.0
50f9b284-1f4f-47db-8591-54fffbe64e40,Able Video & Multimedia,https://able2.com.au/,+61755314448,info@able2.com.au,82B Minnie St,Gold Coast,4215,QLD,AU,broadcasting_media_production,"[services_and_business, media_service, media_news_company, broadcasting_media_production]",0.9986975466609002,3,overture-maps,2026-08-19.0
fc7e0fe1-5746-4df2-919f-b6b055335598,iMend Tech,https://imendtech.com.au/,+611300046363,info@imend.com.au,27 Cornmeal Parade,Sunshine Coast,4558,QLD,AU,it_service_and_computer_repair,"[services_and_business, technical_service, it_service_and_computer_repair]",0.99789063295722,3,overture-maps,2026-08-19.0
e61d0e8c-edd8-4865-a667-4e4fd2308d6b,Tech Aid,https://techaid.com.au/,+61754919998,aaron@ta.net.au,"Rogers Court, 67 William St",Sunshine Coast,4551,QLD,AU,it_service_and_computer_repair,"[services_and_business, technical_service, it_service_and_computer_repair]",0.9965798493027687,3,overture-maps,2026-08-19.0
c75269b7-49e3-4891-9f09-13f0636e3781,TranTech Computers,https://trantech.com.au/,+61748371201,admin@trantech.com.au,Suite 6/54 Gregory St,Mackay,4740,QLD,AU,information_technology_company,"[services_and_business, corporate_or_business_office, information_technology_company]",0.9951468109190464,3,overture-maps,2026-08-19.0
ef7ed7ca-8603-47fc-b666-b4a313e8555e,Key Technologies,https://keycomm.com.au/,+611300755615,sales@keytech.au,Unit 3/39 Campbell St,Brisbane,4066,QLD,AU,information_technology_company,"[services_and_business, corporate_or_business_office, information_technology_company]",0.9950717352628707,3,overture-maps,2026-08-19.0
daaff17f-c952-42c4-986c-2503eab12028,TechHeaven,https://techheaven.com.au/,+61747958251,hello@techheaven.com.au,Unit 2/405 Bayswater Rd,Townsville,4814,QLD,AU,it_service_and_computer_repair,"[services_and_business, technical_service, it_service_and_computer_repair]",0.9909129351377487,3,overture-maps,2026-08-19.0
a03194b2-ca93-4055-98ce-3054fa84a11f,Umart Online,https://umart.com.au/,+61733693928,,2 Kilroe St,Brisbane,4064,QLD,AU,computer_store,"[shopping, specialty_store, electronics_store, computer_store]",0.9845736104249955,3,overture-maps,2026-08-19.0
e15f8462-e908-4110-8ebd-5018268520ae,Leon's Tech,https://leonstech.com/,+61732695636,bracken_ridge@leonstech.com,"Leon's Tech ), Bracken Ridge Plaza, SHOP 14/250 Telegraph Rd",Brisbane,4017,QLD,AU,it_service_and_computer_repair,"[services_and_business, technical_service, it_service_and_computer_repair]",0.9840302789211273,3,overture-maps,2026-08-19.0
ae947e57-1cb5-4ddb-bfcb-27615d802e59,Easy Internet Services,https://easynet.net.au/,+61749533331,sales@easynet.net.au,22 Sydney St,Mackay,4740,QLD,AU,internet_service_provider,"[services_and_business, technical_service, internet_service_provider]",0.9725113850831986,3,overture-maps,2026-08-19.0
a67c29eb-d5ed-494d-a0fe-b2dcdaec083f,TechForce Express,https://cqtelco.com.au/,+61749227668,admin@techforce.express,33-37 Bridge St,Rockhampton,4701,QLD,AU,computer_store,"[shopping, specialty_store, electronics_store, computer_store]",0.9698362946510315,3,overture-maps,2026-08-19.0
1661a57a-37ba-4340-92a3-bdaa34f74582,Tech Station,https://techstation.com.au/,+61412655337,sales@techstation.com.au,"Warner Shopping Centre, Shop K1001 MarketPlace, 353 Samsonvale Rd",Brisbane,4500,QLD,AU,it_service_and_computer_repair,"[services_and_business, technical_service, it_service_and_computer_repair]",0.964125726222992,3,overture-maps,2026-08-19.0
c9d11d48-bd82-4629-9142-b2f841872421,TechM8,https://techm8australia.com/,+61452488710,techm8contact@gmail.com,3732-3744 Mount Lindesay Hwy,Brisbane,4125,QLD,AU,it_service_and_computer_repair,"[services_and_business, technical_service, it_service_and_computer_repair]",0.9627447706460953,3,overture-maps,2026-08-19.0
40c05d54-2576-4d49-a30f-955e2c5533a0,Leon's Tech,https://leonstech.com.au/,+61738993779,bulimba@leonstech.com,162 Oxford St,Brisbane,4171,QLD,AU,it_service_and_computer_repair,"[services_and_business, technical_service, it_service_and_computer_repair]",0.9620294725894928,3,overture-maps,2026-08-19.0
80202eb9-deda-4f23-a21e-540c33438e40,River City Studios,https://rivercitystudios.com.au/,+61438777178,hello@rivercitystudios.com.au,51 Caswell St,Brisbane,4169,QLD,AU,broadcasting_media_production,"[services_and_business, media_service, media_news_company, broadcasting_media_production]",0.9444988507032395,3,overture-maps,2026-08-19.0
ba0f36e6-1332-4051-9345-18631827b9c4,Tableland Tech,https://tablelandtech.com/,+61740881550,peter@tablelandtech.com,20 Main St,Atherton,4883,QLD,AU,it_service_and_computer_repair,"[services_and_business, technical_service, it_service_and_computer_repair]",0.9428786307573318,3,overture-maps,2026-08-19.0
c1fb9a42-c9e4-4047-962d-9270bd2287b2,Digital Copies,https://digitalcopies.com.au/,+61404095417,greg@digitalcopies.com.au,21 Salisbury Cres,Townsville,4817,QLD,AU,media_restoration_service,"[services_and_business, media_service, media_restoration_service]",0.9384827357530594,3,overture-maps,2026-08-19.0
0570f693-0c11-479d-91f0-97647d3a26e4,DreamTech Mobiles and Computers (In front of the Post Shop),https://dreamtechmobilesandcomputers.com.au/,+61493477250,dreamtechspringwood@gmail.com,"Springwood Mall, Shop 32/30-34 Fitzgerald Ave",Brisbane,4127,QLD,AU,it_service_and_computer_repair,"[services_and_business, technical_service, it_service_and_computer_repair]",0.9298095291852951,3,overture-maps,2026-08-19.0
26066594-04c1-4515-bf92-97578f1bea73,Tech Factory,https://techfactory.com.au/,+611300905683,sales@techfactory.com.au,Unit 28/53 Link Dr,Gold Coast,4207,QLD,AU,computer_hardware_company,"[services_and_business, technical_service, computer_hardware_company]",0.9296730554103851,3,overture-maps,2026-08-19.0
e413f73b-2773-40ad-a30b-1438cb672661,Tyson Tech,https://tysontechrepairs.com.au/,+61412676497,info@tysontechrepairs.com.au,7 Perry Cres,Brisbane,4505,QLD,AU,it_service_and_computer_repair,"[services_and_business, technical_service, it_service_and_computer_repair]",0.9237690395116807,3,overture-maps,2026-08-19.0
0ec3fe00-8edb-4aef-bb08-ac16b52391b0,Prosnet Business Technologies,https://prosnet.com.au/,+61754915154,info@prosnet.com.au,"Kon-Tiki Business Centre, Tower 1 Unit 305/55 Plaza Parade",Sunshine Coast,4558,QLD,AU,information_technology_company,"[services_and_business, corporate_or_business_office, information_technology_company]",0.9204472362995147,3,overture-maps,2026-08-19.0
55f8b628-f4a8-4dd8-b8f8-abbef7689fbc,Tech Help Direct,https://techhelpdirect.com.au/,+611300622843,info@techhelpdirect.com.au,140 Bundall Rd,Gold Coast,4217,QLD,AU,computer_hardware_company,"[services_and_business, technical_service, computer_hardware_company]",0.918795855641365,3,overture-maps,2026-08-19.0
8409d262-1570-42d3-99e6-daa68801fd9f,Omega Technologies,https://omegait.com.au/,+61400413336,admin@omegait.com.au,26 Hannam St,Cairns,4870,QLD,AU,information_technology_company,"[services_and_business, corporate_or_business_office, information_technology_company]",0.9134724599123001,3,overture-maps,2026-08-19.0
9dc55c91-0fca-45f0-8cda-70762d3f07cd,Dr Techlove,https://drtechlove.com.au/,+61730365227,sales@drtechlove.com.au,123 Eagle St,Brisbane,4000,QLD,AU,information_technology_company,"[services_and_business, corporate_or_business_office, information_technology_company]",0.9111774247884751,3,overture-maps,2026-08-19.0
bfd974a5-533d-4b1d-ab79-6eeb72d86b4f,TechPro Helensvale,https://techprocomputers.com.au/,+61755199333,sales@techprocomputers.com.au,1-29 Millaroo Dr,Gold Coast,4212,QLD,AU,it_service_and_computer_repair,"[services_and_business, technical_service, it_service_and_computer_repair]",0.9088666105270385,3,overture-maps,2026-08-19.0
f9a4d0e0-0a70-471e-905b-c7ffbf84ca78,Cyber-Tech Institute of Australia,https://cybertech.edu.au/,,info@cybertech.edu.au,"Risk 2 Solution Group, 7/333 Queensport Rd N",Brisbane,4172,QLD,AU,computer_coaching,"[education, place_of_learning, specialty_school, computer_coaching]",0.9065750712156295,3,overture-maps,2026-08-19.0
56f24554-fb01-4ba3-8e75-5097e7709454,Realised Technologies,https://realised.com.au/,+61740514200,info@realised.com.au,Level 1/13 - 15 Winkworth St,Cairns,4870,QLD,AU,computer_hardware_company,"[services_and_business, technical_service, computer_hardware_company]",0.904581731557846,3,overture-maps,2026-08-19.0
3c529d80-b9a5-43b3-aaf1-1453a9f9082e,"TJIP Patents, Trade Marks & Designs",https://tjip.com.au/,+61747725775,stars@tjip.com.au,"Upstairs, visible from carpark, 45/45-49 Bundock St",Townsville,4810,QLD,AU,ip_and_internet_law,"[services_and_business, legal_service, attorney_or_law_firm, ip_and_internet_law]",0.9036915194988251,3,overture-maps,2026-08-19.0
3c7a206b-5b3f-4dca-83e1-9d6a169786c9,Oz Tech Guru,https://oztechguru.com.au/,+61426549192,info@oztechguru.com.au,"Opposite 7 Eleven, 18 Handford Rd",Brisbane,4034,QLD,AU,it_service_and_computer_repair,"[services_and_business, technical_service, it_service_and_computer_repair]",0.9027533119916916,3,overture-maps,2026-08-19.0
2aa4f6ba-936a-4378-95e4-2f660f9288c1,Dynamic Web Training,https://dynamicwebtraining.com.au/,+611300888724,,Level 6/371 Queen St,Brisbane,4000,QLD,AU,computer_coaching,"[education, place_of_learning, specialty_school, computer_coaching]",0.902386964559555,3,overture-maps,2026-08-19.0
ad4c65a3-4018-413d-a219-1c1751f796eb,Techsavers,https://tech-savers.com.au/,+61404365212,info@tech-savers.com.au,"Parking area available, 1/150 Adelaide St",Brisbane,4000,QLD,AU,it_service_and_computer_repair,"[services_and_business, technical_service, it_service_and_computer_repair]",0.8990409970283508,3,overture-maps,2026-08-19.0
ad244e7c-a1b3-4ee4-bac8-69609fc35c52,ProSciTech,https://proscitech.com/,+61747739444,sales@proscitech.com,11 Carlton St,Townsville,4817,QLD,AU,b2b_science_and_technology_service,"[services_and_business, b2b_service, b2b_science_and_technology_service]",0.8953128111362457,3,overture-maps,2026-08-19.0
61d44f13-2bb1-43c5-8f61-6dac6f334968,Surge Media,https://surgemedia.com.au/,+61753251031,info@surgemedia.com.au,208 Logan Rd,Brisbane,4102,QLD,AU,media_news_company,"[services_and_business, media_service, media_news_company]",0.8942652326822281,3,overture-maps,2026-08-19.0
23f2e75d-e978-4ff4-bd4b-e004afd77ad9,Reboot Technologies,https://rebootech.com.au/,+61734701578,info@rebootech.com.au,"Suite 24, Building 5/22 Magnolia Dr",Brisbane,4300,QLD,AU,it_service_and_computer_repair,"[services_and_business, technical_service, it_service_and_computer_repair]",0.8923127597570419,3,overture-maps,2026-08-19.0
1c35bba5-5058-4c72-879c-92840c9874f7,Junior Engineers Tech Centre,https://juniorengineers.com.au/,+611300089344,customerservice@juniorengineers.com.au,"Suite 6, Office 2/19 Lang Parade",Brisbane,4064,QLD,AU,computer_coaching,"[education, place_of_learning, specialty_school, computer_coaching]",0.877917449772358,3,overture-maps,2026-08-19.0
8a0af43a-7da0-4e3c-bc1b-c2c1354ffc4a,Herberton Newsagency,https://gmail.com/,+61740962258,,59 Grace St,Herberton,4887,QLD,AU,broadcasting_media_production,"[services_and_business, media_service, media_news_company, broadcasting_media_production]",0.8775415951013565,3,overture-maps,2026-08-19.0
a9bc79b3-980a-4090-bf3c-b20761120539,Poly Studios - Podcast Studio Gold Coast,https://polystudios.com.au/,,hello@polystudios.com.au,12/2 Mieke Ct,Gold Coast,4220,QLD,AU,broadcasting_media_production,"[services_and_business, media_service, media_news_company, broadcasting_media_production]",0.875206470489502,3,overture-maps,2026-08-19.0
57488f16-e56c-4724-9af4-613cd1e5f1ca,Russ Technical Services,https://russtech.com.au/,+61467381724,tim@russtechmtisa.com,102/2 Webb St,Mount Isa,4825,QLD,AU,it_service_and_computer_repair,"[services_and_business, technical_service, it_service_and_computer_repair]",0.8748542270064354,3,overture-maps,2026-08-19.0
dbcc31c7-c165-4f9c-80e1-3ab546865ede,Greyscale Studio,https://thegreyscalestudio.com/,+61731914834,info@thegreyscalestudio.com,Level 1/1024 Ann St,Brisbane,4006,QLD,AU,broadcasting_media_production,"[services_and_business, media_service, media_news_company, broadcasting_media_production]",0.873881239593029,3,overture-maps,2026-08-19.0
1f8f4052-2b51-4ae1-9999-aa5baff4fc3d,Digital Dynamics,https://digitaldynamics.com.au/,+61746381110,admin@digitaldynamics.com.au,123 Margaret St,Toowoomba,4350,QLD,AU,information_technology_company,"[services_and_business, corporate_or_business_office, information_technology_company]",0.8713751944899559,3,overture-maps,2026-08-19.0
7e2043fb-412a-4e69-976f-11a8c3ab5503,Netlock Computer and Internet Services,https://netlock.com.au/,+61754941115,service@kingstons.com.au,"Landsborough Centre, Unit 3/42 Cribb St",Landsborough,4550,QLD,AU,computer_hardware_company,"[services_and_business, technical_service, computer_hardware_company]",0.8713227230310441,3,overture-maps,2026-08-19.0
d7b5d041-22b7-48c4-af4f-bc5eb2396daf,Milky Media,https://milkymedia.com.au/,+61415578112,jake@milkymedia.com.au,Unit 1/59 Township Dr,Gold Coast,4220,QLD,AU,media_agency,"[services_and_business, media_service, media_news_company, media_agency]",0.8687624037265778,3,overture-maps,2026-08-19.0
0469715f-1d19-45ff-9325-6426328c473b,Itchy Feet Media,https://itchyfeetmedia.com/,+61408275216,info@itchyfeetmedia.com,62 Main St,Kin Kin,4571,QLD,AU,media_agency,"[services_and_business, media_service, media_news_company, media_agency]",0.8683211088180542,3,overture-maps,2026-08-19.0
05771971-55c2-45fb-9168-00c18685d668,Blocmedia,https://blocmedia.com.au/,+61738444008,info@blocmedia.com.au,51 Mollison St,Brisbane,4101,QLD,AU,broadcasting_media_production,"[services_and_business, media_service, media_news_company, broadcasting_media_production]",0.8672886514663696,3,overture-maps,2026-08-19.0
1ee1070e-e915-4dd8-9441-44ddca2248b1,Webcasting Livestream,https://webcasting.com.au/,+61407814000,admin@webcasting.com.au,Suite 72/42 Ferry St,Brisbane,4169,QLD,AU,broadcasting_media_production,"[services_and_business, media_service, media_news_company, broadcasting_media_production]",0.8643446359038354,3,overture-maps,2026-08-19.0
66c3294b-2b1d-4109-88cc-bea6b8edcd6b,Alliance Business Technologies,https://linkedin.com/,+611300705062,sales@abtechnologies.com.au,10a/121 Evans Rd,Brisbane,4107,QLD,AU,information_technology_company,"[services_and_business, corporate_or_business_office, information_technology_company]",0.8560164043307305,3,overture-maps,2026-08-19.0
c5789ab5-7c6a-4304-a6f2-8a778dedcaef,Creative Edge Solutions,https://cesolutions.net.au/,+61731236646,info@cesolutions.net.au,Unit 1/120 Bluestone Cct,Brisbane,4073,QLD,AU,information_technology_company,"[services_and_business, corporate_or_business_office, information_technology_company]",0.8540300288796425,3,overture-maps,2026-08-19.0
c6ec5764-2d20-4b9a-af9a-d4d839574273,JBPL Technologies,https://jbpl.com.au/,0472728989,,88 Burnett Street,Sunshine Coast,4556,QLD,AU,it_service_and_computer_repair,"[services_and_business, technical_service, it_service_and_computer_repair]",0.85,3,overture-maps,2026-08-19.0
942e2122-c55a-430d-97ab-8cf94525b607,OnPlan Technologies Pty Ltd,https://onplan.tech/,0730672429,,"Suite 28, 1 Park Road",Milton Brisbane,4064,QLD,AU,information_technology_company,"[services_and_business, corporate_or_business_office, information_technology_company]",0.85,3,overture-maps,2026-08-19.0
043446e1-6549-48da-abfa-71b50e7e763a,Loginet Technologies,https://loginet.com.au/,+61745997909,contact@loginet.com.au,12/217 Margaret St,Toowoomba,4350,QLD,AU,information_technology_company,"[services_and_business, corporate_or_business_office, information_technology_company]",0.8493203333020211,3,overture-maps,2026-08-19.0
534c3776-82c4-454e-a45f-be5681671f93,Tech Repair Outpost,https://techrepairoutpost.com.au/,+61737062366,info@techrepairoutpost.com,63 Lugg St,Brisbane,4065,QLD,AU,it_service_and_computer_repair,"[services_and_business, technical_service, it_service_and_computer_repair]",0.8465664386749268,3,overture-maps,2026-08-19.0
341fd45e-46a1-4c0c-8efa-d12bea18425a,NCI Technologies,https://ncitech.com.au/,+61746379053,,Suite 3/120 Campbell St,Toowoomba,4350,QLD,AU,information_technology_company,"[services_and_business, corporate_or_business_office, information_technology_company]",0.8250905352830887,3,overture-maps,2026-08-19.0
ac55c8d0-f781-4061-a181-5a2399319396,GoTransit Media Group,https://gotransit.com.au/,+611300468726,enquiries@gotransit.com.au,59 Duporth Ave,Sunshine Coast,4558,QLD,AU,media_news_company,"[services_and_business, media_service, media_news_company]",0.821325260847807,3,overture-maps,2026-08-19.0
ba11815d-74c4-4d5d-995d-9cccb0ebec95,Auditor Training Online,https://auditortrainingonline.com/,+61730187508,info@auditortrainingonline.com,Ste 45/42 Manilla St,Brisbane,4169,QLD,AU,computer_coaching,"[education, place_of_learning, specialty_school, computer_coaching]",0.8181397326290607,3,overture-maps,2026-08-19.0
b9f53794-2420-4518-bf2a-88900c85a87d,9spheres Technologies,https://9spheres.com.au/,+61731493447,support@9spheres.com.au,8/29 Mount Cotton Rd,Brisbane,4157,QLD,AU,information_technology_company,"[services_and_business, corporate_or_business_office, information_technology_company]",0.8175805020332336,3,overture-maps,2026-08-19.0
9332c435-aa8a-4470-994f-0fa41f633095,Online PC Support,https://onlinepcsupport.com.au/,+61433096670,helpdesk@onlinepcsupport.com.au,46 Wallarah Parade,Brisbane,4509,QLD,AU,it_service_and_computer_repair,"[services_and_business, technical_service, it_service_and_computer_repair]",0.8096012827754021,3,overture-maps,2026-08-19.0
81bbb50c-7af6-42ef-ac64-06709c9ee9fd,Run Media,https://runmedia.com.au/,+61421642091,luke@runmedia.com.au,23 Mindarie Cres,Brisbane,4160,QLD,AU,broadcasting_media_production,"[services_and_business, media_service, media_news_company, broadcasting_media_production]",0.8095177979767323,3,overture-maps,2026-08-19.0
e93681a8-1be4-445a-8fe2-5d4e425b5203,Fanisha Media,https://fanishamedia.com/,+61415986129,fami@fanishamedia.com,Level/4/155 Queen St,Brisbane,4000,QLD,AU,social_media_agency,"[services_and_business, professional_service, social_media_agency]",0.8085207922756672,3,overture-maps,2026-08-19.0
1a7b76bb-1d76-4bee-bd1c-3a57f2fc9833,Digital Leaders,https://digitalleaders.com.au/,+61756901702,info@digitalleaders.com.au,Rawlinna Dr,Gold Coast,4218,QLD,AU,information_technology_company,"[services_and_business, corporate_or_business_office, information_technology_company]",0.7984954757243394,3,overture-maps,2026-08-19.0
5bcb60e4-6fc3-4e61-aaae-891acee5eff3,Olive Media,https://olivelearning.com.au/,+61732164494,hello@olivemedia.com.au,Suite 13/137 Racecourse Rd,Brisbane,4007,QLD,AU,media_news_company,"[services_and_business, media_service, media_news_company]",0.7959384483098983,3,overture-maps,2026-08-19.0
59e83785-b1ea-419a-86d2-b48ba095dc1c,Joda Technical Solutions,https://joda.com.au/,+61732049177,admin@joda.com.au,40 Welsh St,Brisbane,4505,QLD,AU,information_technology_company,"[services_and_business, corporate_or_business_office, information_technology_company]",0.7920674186944962,3,overture-maps,2026-08-19.0
08f28170-f99e-4d24-9fef-cf9b857e49f1,Lumina Design House,https://luminadesignhouse.com.au/,+61478949027,hello@luminadesignhouse.com.au,40 Sandhurst Cres,Sunshine Coast,4573,QLD,AU,broadcasting_media_production,"[services_and_business, media_service, media_news_company, broadcasting_media_production]",0.7765455964393914,3,overture-maps,2026-08-19.0
7aaad52b-f914-4ad3-aac7-fc7c843fb546,1VINE Design,https://1vinedesign.com.au/,(07) 3096 0059,,40 Whitehorse Road,Dakabin,4503,QLD,AU,product_design,"[services_and_business, design_service, product_design]",0.77,3,overture-maps,2026-08-19.0
688fc266-5368-4f6c-a07c-e8e9803e7e72,A Bit Hitech,https://abithitech.com.au/,(07) 5474 5588,,16 Crusoe Ct,Castaways Beach,4567,QLD,AU,it_service_and_computer_repair,"[services_and_business, technical_service, it_service_and_computer_repair]",0.77,3,overture-maps,2026-08-19.0
ce494a32-6206-46d8-9198-35ee23f86837,A tech in Need,https://atechinneed.com.au/,0421 702 581,,9 Ferny Ave Unit 2423,Surfers Paradise,4217,QLD,AU,it_service_and_computer_repair,"[services_and_business, technical_service, it_service_and_computer_repair]",0.77,3,overture-maps,2026-08-19.0
732d495d-dcda-4fbb-8c0d-8b8c8aea6d3b,Abbeywebs,https://abbeywebs.com.au/,0459 199 177,,101 Sayers Rd,Brandon,4808,QLD,AU,computer_wholesaler,"[services_and_business, b2b_service, wholesaler, computer_wholesaler]",0.77,3,overture-maps,2026-08-19.0
83ef5ba4-c6ff-4f5b-ade4-73d45ff0874f,Absolute Events & Marketing,https://absoluteeventsandmarketing.com.au/,(07) 3848 0089,,20 Newman Rd,Moorooka,4105,QLD,AU,event_technology_service,"[services_and_business, event_or_party_service, event_technology_service]",0.77,3,overture-maps,2026-08-19.0
f07f7922-2ef0-4aba-9496-6ac724b0c579,Abunai Media Group,https://abunai.com.au/,1300 228 624,,324 Oxley Dr,Coombabah,4216,QLD,AU,media_agency,"[services_and_business, media_service, media_news_company, media_agency]",0.77,3,overture-maps,2026-08-19.0
eea6a779-b17d-4b73-a54a-cb06ce8ded6c,Aces Webs,https://aceswebs.com/,0412 677 223,,80 Burnett St #1,Buderim,4556,QLD,AU,it_service_and_computer_repair,"[services_and_business, technical_service, it_service_and_computer_repair]",0.77,3,overture-maps,2026-08-19.0
e5026c8c-a4f0-4776-92dd-f79497d5eaf5,Adaptive Media,https://adaptivemedia.com.au/,(07) 3041 1146,,53 Township Dr #1,Burleigh Heads,4220,QLD,AU,computer_wholesaler,"[services_and_business, b2b_service, wholesaler, computer_wholesaler]",0.77,3,overture-maps,2026-08-19.0
39bf7d18-053c-4a7f-aa23-9384c5066479,ADC a Design Company,https://adcdesign.com.au/,0412 793 554,,1 Hooker Boulevard,Gold Coast,4218,QLD,AU,product_design,"[services_and_business, design_service, product_design]",0.77,3,overture-maps,2026-08-19.0
3158e0aa-9a3c-4435-a16e-64e67c56b924,Advantal Technologies Pvt,https://advantal.net/,0406 925 117,,9 Bellevue Ave,Rocklea,4107,QLD,AU,computer_wholesaler,"[services_and_business, b2b_service, wholesaler, computer_wholesaler]",0.77,3,overture-maps,2026-08-19.0
92de14dc-ae51-416e-8a43-17e31ac8d22f,Affordable Computer Techs,https://affordablecomputertechs.com/,0417 406 501,,169 Walter Lever Estate Rd,Silkwood,4856,QLD,AU,it_service_and_computer_repair,"[services_and_business, technical_service, it_service_and_computer_repair]",0.77,3,overture-maps,2026-08-19.0
52c9fe9f-98a0-4bb4-b2aa-ff15f7567d32,Alan Casey Entertainment Agency,https://alancaseyentertainment.com.au/,(07) 3290 1733,,6 Paradise Rd,Slacks Creek,4127,QLD,AU,event_technology_service,"[services_and_business, event_or_party_service, event_technology_service]",0.77,3,overture-maps,2026-08-19.0
8efbe10c-bb17-4b84-b174-8e2261713896,Alastair Young Design,https://alastairyoung.com/,0401 676 170,alastair.sd@gmail.com,23 Clubhouse Dr,Arundel,4214,QLD,AU,information_technology_company,"[services_and_business, corporate_or_business_office, information_technology_company]",0.77,3,overture-maps,2026-08-19.0
fc3bb733-1676-4144-8404-f424390197d5,All Media Services Bizemedia,https://bizemedia.com.au/,(07) 3852 3118,,58 Baroon Pocket Rd,Maleny,4552,QLD,AU,it_service_and_computer_repair,"[services_and_business, technical_service, it_service_and_computer_repair]",0.77,3,overture-maps,2026-08-19.0
6e5f24e3-790b-4cd6-9bff-da2eed5a727c,Alyte Creative,https://alyte.com.au/,(07) 4183 0204,,2/3 Southern cross cct,Hervey Bay,4655,QLD,AU,product_design,"[services_and_business, design_service, product_design]",0.77,3,overture-maps,2026-08-19.0
14133d61-7a2b-45f3-83af-f64e2aa065a1,ANE Technologies,https://anetechnologies.com.au/,(07) 3107 1918,,8 Boyland Ave Unit 3,Coopers Plains,4108,QLD,AU,it_service_and_computer_repair,"[services_and_business, technical_service, it_service_and_computer_repair]",0.77,3,overture-maps,2026-08-19.0
2af24f4c-f049-44ca-91f3-55c7ce12fe0b,Apps 101,https://apps101.co/,(07) 3088 5426,,360 Queen St Level 6,Brisbane City,4000,QLD,AU,information_technology_company,"[services_and_business, corporate_or_business_office, information_technology_company]",0.77,3,overture-maps,2026-08-19.0
46d5dd5d-b6dd-400f-a7a0-7af2c02a802e,Astounding Apps,https://astoundingapps.com.au/,(07) 3040 2302,,3184 Surfers Paradise Bvd,Benowa,4217,QLD,AU,computer_wholesaler,"[services_and_business, b2b_service, wholesaler, computer_wholesaler]",0.77,3,overture-maps,2026-08-19.0
4dcc0432-313f-4f47-86b0-ea1f44ad176b,Audiovation Technologies,https://audiovation.com.au/,0407 165 797,,7 Sophia St,Mackay,4740,QLD,AU,it_service_and_computer_repair,"[services_and_business, technical_service, it_service_and_computer_repair]",0.77,3,overture-maps,2026-08-19.0
138168b5-90d5-4efb-b74d-eeaeee0c36da,Auspac Media,https://auspacmedia.com.au/,(07) 5553 3200,,42 Bundall Rd #4,Bundall,4217,QLD,AU,media_agency,"[services_and_business, media_service, media_news_company, media_agency]",0.77,3,overture-maps,2026-08-19.0
f0db2e5e-bd58-4095-8ce6-3a0d6c67e6d6,AV Media Systems,https://avsystems.com.au/,1300 302 884,,80 Wickham St Unit 3,Fortitude Valley,4006,QLD,AU,computer_wholesaler,"[services_and_business, b2b_service, wholesaler, computer_wholesaler]",0.77,3,overture-maps,2026-08-19.0
c708e42d-6ad2-4b53-9fc1-880203372908,Bandhini Homewear Design,https://bandhinidesign.com/,(07) 5533 8545,,2 Gibsonville St.,Tallebudgera,4228,QLD,AU,product_design,"[services_and_business, design_service, product_design]",0.77,3,overture-maps,2026-08-19.0
8477b6af-090a-4e9d-aca6-5a959c33ff29,BarWeb C3,https://barweb.net.au/,(07) 3292 0222,,344 Queen St.,Brisbane,4000,QLD,AU,information_technology_company,"[services_and_business, corporate_or_business_office, information_technology_company]",0.77,3,overture-maps,2026-08-19.0
905ff06d-7bbe-4a9b-a4c1-4dd75bfd30e0,Black Eye Studios,https://blackeye.com.au/,(07) 3397 4919,,26 Strath St,Highgate Hill,4101,QLD,AU,information_technology_company,"[services_and_business, corporate_or_business_office, information_technology_company]",0.77,3,overture-maps,2026-08-19.0
fa1e6655-8162-4bcd-b6b4-d2c15e1b8730,Blackboard Creative,https://blackboardcreative.com.au/,0499 887 577,,"9 Bay St Suite 101, Level 1",Southport,4215,QLD,AU,event_technology_service,"[services_and_business, event_or_party_service, event_technology_service]",0.77,3,overture-maps,2026-08-19.0
b71b70b4-1934-4cb5-b5dd-385b9584d427,Bloc Media,https://bloc.net.au/,(07) 3891 2632,,811 Stanley St #2,Woolloongabba,4102,QLD,AU,information_technology_company,"[services_and_business, corporate_or_business_office, information_technology_company]",0.77,3,overture-maps,2026-08-19.0
ba6bb665-68fc-4094-95fd-ad6380f70e83,BN Graphic Design,https://designbn.com/,0429 205 947,contact@designbn.com,Zanoni Street,Chinchilla,4413,QLD,AU,it_service_and_computer_repair,"[services_and_business, technical_service, it_service_and_computer_repair]",0.77,3,overture-maps,2026-08-19.0
45d9a228-7ca7-4cde-8f08-8e7d04d8f531,Bocatech,https://bocatech.com.au/,1300 698 921,,4 Delta Ct,Crestmead,4132,QLD,AU,it_service_and_computer_repair,"[services_and_business, technical_service, it_service_and_computer_repair]",0.77,3,overture-maps,2026-08-19.0
500dc472-9d1d-4daa-8736-611dc5b3b8de,Boutiki Design,https://boutikidesign.com/,0410 102 458,sarah@boutikidesign.com,177 Old Cleveland Road,Brisbane,4151,QLD,AU,it_service_and_computer_repair,"[services_and_business, technical_service, it_service_and_computer_repair]",0.77,3,overture-maps,2026-08-19.0
bfecce9a-c238-41ba-bbf7-6c353b104ec5,Brisbane signwriting & design,https://bsigns.com.au/,(07) 3891 6478,,11 Didswith St,East Brisbane,4169,QLD,AU,product_design,"[services_and_business, design_service, product_design]",0.77,3,overture-maps,2026-08-19.0
5de8e088-7ffa-49f9-aa5c-ba1afd94f389,Cairns Media Corporate Productions,https://cairnsmedia.com.au/,(07) 4031 3660,,301 Draper St,Cairns,4870,QLD,AU,media_agency,"[services_and_business, media_service, media_news_company, media_agency]",0.77,3,overture-maps,2026-08-19.0
b86f4571-35d9-45f3-85a8-dcf49fe752a5,Calliope Newsagency Store,https://ampol.com.au/,(07) 4975 7317,,46 Stirrat St,Calliope,4680,QLD,AU,media_agency,"[services_and_business, media_service, media_news_company, media_agency]",0.77,3,overture-maps,2026-08-19.0
dde76fbd-0f98-4c36-adee-b87951547113,Caretech Systems,https://caretech.com.au/,(07) 3284 2700,,8 Macdonnell Rd Unit 4,Margate,4019,QLD,AU,it_service_and_computer_repair,"[services_and_business, technical_service, it_service_and_computer_repair]",0.77,3,overture-maps,2026-08-19.0
f7a82461-791a-4354-8c15-44f94631a96b,Carroll's Newsagency,https://carrollsnews.com.au/,(07) 4957 3915,,106 Victoria St #5,Mackay,4740,QLD,AU,media_agency,"[services_and_business, media_service, media_news_company, media_agency]",0.77,3,overture-maps,2026-08-19.0
e7fcf994-bff0-43e1-b286-8413bf3731ac,Cassie Ilett Designs,https://cassieilett.com/,0431 384 381,,60 Hobbs Rd,Buderim,4556,QLD,AU,information_technology_company,"[services_and_business, corporate_or_business_office, information_technology_company]",0.77,3,overture-maps,2026-08-19.0
242bdb4f-ea1b-4bee-9bf8-df8c966c7790,Chameleon Media Services,https://chameleonmedia.com.au/,(07) 4122 4199,,16 Southern Cross Cct,Urangan,4655,QLD,AU,it_service_and_computer_repair,"[services_and_business, technical_service, it_service_and_computer_repair]",0.77,3,overture-maps,2026-08-19.0
b795b70d-1354-4c2e-9a01-f30c7b1bf7a0,Chaptech,https://chaptech.com.au/,(07) 4951 1818,,1 Industrial St,Mackay,4740,QLD,AU,information_technology_company,"[services_and_business, corporate_or_business_office, information_technology_company]",0.77,3,overture-maps,2026-08-19.0
b8591f02-461b-4040-910e-76153f51321e,Chill Zone Internet Cafe,https://chillzone.net.au/,(07) 4163 1828,,33 Fitzroy St,Nanango,4615,QLD,AU,it_service_and_computer_repair,"[services_and_business, technical_service, it_service_and_computer_repair]",0.77,3,overture-maps,2026-08-19.0
d015be4d-1d45-4290-bdeb-fd2b666cc640,Clifford Gardens Newsagency,https://theluckycharm.com.au/,(07) 4634 6811,,Clifford Gardens Shopping Centre Shop 2,Toowoomba,4350,QLD,AU,media_agency,"[services_and_business, media_service, media_news_company, media_agency]",0.77,3,overture-maps,2026-08-19.0
b59a57d8-2830-4987-9cd5-d6c192b759e6,Clifton Newsagency,https://clifton-news.com.au/,(07) 4697 3304,,King St,Clifton,4361,QLD,AU,media_agency,"[services_and_business, media_service, media_news_company, media_agency]",0.77,3,overture-maps,2026-08-19.0
a04060d1-cef7-4f1b-8d73-e3f2cd038efa,Clint Neilsen Search Marketing,https://clintneilsen.com/,0402 542 875,,9/204 Alice Street,Brisbane,4000,QLD,AU,information_technology_company,"[services_and_business, corporate_or_business_office, information_technology_company]",0.77,3,overture-maps,2026-08-19.0
73cabfeb-7362-47a6-8850-9b96efd0ac01,Coastlife Digital,https://coastlifedigital.com.au/,(07) 5441 3895,,52 Currie St Shop 51,Nambour,4560,QLD,AU,media_agency,"[services_and_business, media_service, media_news_company, media_agency]",0.77,3,overture-maps,2026-08-19.0
e7521da9-d254-4b89-a657-6bb098340ccc,Core Digital,https://coredigital.com.au/,1300 754 075,,41 Boogaerdt Rise,Bonogin,4213,QLD,AU,it_service_and_computer_repair,"[services_and_business, technical_service, it_service_and_computer_repair]",0.77,3,overture-maps,2026-08-19.0
b9359d9a-6f49-44e0-b3c8-b37982248ff8,Creative Touch Decorations,https://creativedecorations.com.au/,(07) 4091 3814,sarina@creativedecorations.com.au,79 Herberton Rd,Atherton,4883,QLD,AU,event_technology_service,"[services_and_business, event_or_party_service, event_technology_service]",0.77,3,overture-maps,2026-08-19.0
8b0c0144-cfbc-4ff9-b686-9d15298a4710,Cupid Media,https://cupidmedia.com/,(07) 5667 7855,,5 Lawson St Unit 2502,Southport,4215,QLD,AU,computer_wholesaler,"[services_and_business, b2b_service, wholesaler, computer_wholesaler]",0.77,3,overture-maps,2026-08-19.0
4faeb3b6-b583-4935-a10b-a376070e374b,Dean Isaacs Design,https://didesign.net.au/,(07) 3882 3046,,6 Mitze St,Bray Park,4500,QLD,AU,information_technology_company,"[services_and_business, corporate_or_business_office, information_technology_company]",0.77,3,overture-maps,2026-08-19.0
c70290aa-1cef-4f8c-9428-f409cda366a0,Design 360,https://design360.com.au/,1300 622 511,,2/10 Torres Cres,North Lakes,4509,QLD,AU,product_design,"[services_and_business, design_service, product_design]",0.77,3,overture-maps,2026-08-19.0
c69e813f-34c2-44e8-b13d-a6f91bdca660,Design Bordello,https://designbordello.com/,0423 154 570,,67 Montpelier St,Grange,4051,QLD,AU,product_design,"[services_and_business, design_service, product_design]",0.77,3,overture-maps,2026-08-19.0
54051879-33f7-44e1-be37-5896f8bdc60a,Design Depot,https://designdepot.com.au/,(07) 4031 4899,,29 Grafton St Suite 1,Cairns,4870,QLD,AU,information_technology_company,"[services_and_business, corporate_or_business_office, information_technology_company]",0.77,3,overture-maps,2026-08-19.0
b8ee721b-f6c2-4697-bdd8-2215d132c02d,Design Vibe Pty,https://designvibe.asia/,(07) 5526 6812,,5 Markeri St Suite 13,Mermaid Waters,4218,QLD,AU,product_design,"[services_and_business, design_service, product_design]",0.77,3,overture-maps,2026-08-19.0
c1617b0c-5746-41cf-9b27-a693d0d2c11f,Design With Style,https://designwithstyle.com.au/,(07) 3207 3846,,15 Collingwood Rd,Birkdale,4159,QLD,AU,information_technology_company,"[services_and_business, corporate_or_business_office, information_technology_company]",0.77,3,overture-maps,2026-08-19.0
a60d5976-052b-4ce3-8690-fbd56257c798,Designer Graphics,https://designergraphics.com.au/,(07) 3808 8111,,20 Brennan St,Slacks Creek,4127,QLD,AU,information_technology_company,"[services_and_business, corporate_or_business_office, information_technology_company]",0.77,3,overture-maps,2026-08-19.0
c2df0800-54a2-4dbd-8d14-5314d19f8a0a,Devision Design,https://devision.com.au/,(07) 5493 2001,info@devision.com.au,127 Grand Parade,Parrearra,4575,QLD,AU,information_technology_company,"[services_and_business, corporate_or_business_office, information_technology_company]",0.77,3,overture-maps,2026-08-19.0
73c9f92e-c7ea-4955-9741-cd49cbc1ba22,Digital Blitz,https://digitalblitz.com.au/,(07) 5538 7722,,21 Upton St Shop 6,Bundall,4217,QLD,AU,it_service_and_computer_repair,"[services_and_business, technical_service, it_service_and_computer_repair]",0.77,3,overture-maps,2026-08-19.0
987b9774-1d5c-4f65-a1ca-26d7b70dc601,Digital Genius - Brisbane,https://digitalgenius.com.au/,1300 877 837,,1 Mayneview St,Milton,4064,QLD,AU,it_service_and_computer_repair,"[services_and_business, technical_service, it_service_and_computer_repair]",0.77,3,overture-maps,2026-08-19.0
2ca02032-6ea4-457d-b280-d387662cbd7d,Digital Horizons,https://digitalhorizons.com.au/,(07) 4697 1668,,14247 New England Hwy,East Greenmount,4359,QLD,AU,computer_wholesaler,"[services_and_business, b2b_service, wholesaler, computer_wholesaler]",0.77,3,overture-maps,2026-08-19.0
55d05ecd-072f-4b5b-b718-332d5012775e,Digital Lighting Solutions,https://digitallightingsolutions.com.au/,(07) 5660 6219,,19 Commerce Cct,Yatala,4207,QLD,AU,event_technology_service,"[services_and_business, event_or_party_service, event_technology_service]",0.77,3,overture-maps,2026-08-19.0
612025b2-59d6-4dbe-9494-004cb762259f,Digital Refresh,https://digitalrefresh.com.au/,1300 526 888,,9 Attwood Way,Goodna,4300,QLD,AU,information_technology_company,"[services_and_business, corporate_or_business_office, information_technology_company]",0.77,3,overture-maps,2026-08-19.0
b13f3a2a-0cba-49c9-85b8-c2c4618c78d4,Digital Sense,https://digitalsense.com.au/,1300 799 908,,300 Ann St #13,Brisbane,4000,QLD,AU,it_service_and_computer_repair,"[services_and_business, technical_service, it_service_and_computer_repair]",0.77,3,overture-maps,2026-08-19.0
06ee4d99-c98b-44f7-96b4-e9dba74aaae3,Digital Solutions Brisbane,https://digitalsolutionsbrisbane.com.au/,1300 939 310,,27 Discovery Dr,North Lakes,4509,QLD,AU,computer_wholesaler,"[services_and_business, b2b_service, wholesaler, computer_wholesaler]",0.77,3,overture-maps,2026-08-19.0
96d8b25c-e937-4592-a1d6-8b7ceab04328,Disruptor Web,https://disruptor.com.au/,(07) 3229 1742,,Level 3/109 Edward Street,Brisbane,4000,QLD,AU,product_design,"[services_and_business, design_service, product_design]",0.77,3,overture-maps,2026-08-19.0
4ad4d249-649b-4a42-afef-8afa0b15540c,Dragon Image Studios,https://dragonimage.com.au/,(07) 3219 3803,,174 Wecker Rd,Mansfield,,QLD,AU,product_design,"[services_and_business, design_service, product_design]",0.77,3,overture-maps,2026-08-19.0
c7a7f7eb-e935-45be-839b-824efc4ccc28,Electrotech Australia,https://electrotech.net.au/,(07) 3390 7811,,12 Aquarium Ave Unit 3,Hemmant,4174,QLD,AU,computer_wholesaler,"[services_and_business, b2b_service, wholesaler, computer_wholesaler]",0.77,3,overture-maps,2026-08-19.0
a9662980-1e6c-4dfa-b64c-a54c19050946,Ematter Technologies,https://ematter.com.au/,1300 884 226,,50-56 Sanders St #12,Brisbane,4122,QLD,AU,computer_wholesaler,"[services_and_business, b2b_service, wholesaler, computer_wholesaler]",0.77,3,overture-maps,2026-08-19.0
79e7c0ee-081b-4697-9c0d-9cc2850aa154,Epic Media,https://epicmedia.com.au/,(07) 4032 2758,,3a Bellevue Cres,Edge Hill,4870,QLD,AU,it_service_and_computer_repair,"[services_and_business, technical_service, it_service_and_computer_repair]",0.77,3,overture-maps,2026-08-19.0
fd1386aa-c15d-4c17-8b0d-f6f578da20c4,Evergreen Shipping Agency,https://evergreen-line.com/,(07) 3237 7377,,303-309 Adelaide St Level 1 Suite 101,Brisbane,4000,QLD,AU,computer_wholesaler,"[services_and_business, b2b_service, wholesaler, computer_wholesaler]",0.77,3,overture-maps,2026-08-19.0
64997ae0-3f57-4b57-b5ec-29fbf7c5e969,Eye Jam Interactive,https://eji.com.au/,(07) 5479 5227,,151 Horton Pde Shop 16,Maroochydore,4558,QLD,AU,it_service_and_computer_repair,"[services_and_business, technical_service, it_service_and_computer_repair]",0.77,3,overture-maps,2026-08-19.0
291ff1fa-c6eb-4c61-a2ac-8d6124dd938d,Fenton Design & Advertising,https://fentondesign.com.au/,0428 846 476,,13 Tooraneedin Rd,Coomera,4209,QLD,AU,information_technology_company,"[services_and_business, corporate_or_business_office, information_technology_company]",0.77,3,overture-maps,2026-08-19.0
9db96da3-51be-4421-9d6d-f5253a03ed79,Find Us Online,https://findusonline.com.au/,(07) 5391 1251,,14 Jacksonia Place,Noosaville,4566,QLD,AU,it_service_and_computer_repair,"[services_and_business, technical_service, it_service_and_computer_repair]",0.77,3,overture-maps,2026-08-19.0
9f2cd426-350c-4f1a-8189-940f3f67692c,Flatworld Digital,https://flatworlddigital.com/,0401 761 973,,15 Albert Ave,Broadbeach,4218,QLD,AU,computer_wholesaler,"[services_and_business, b2b_service, wholesaler, computer_wholesaler]",0.77,3,overture-maps,2026-08-19.0
4cb8aeb6-0e81-472d-a885-7378175b7f1f,FMTech,https://fmtech.com.au/,(07) 3272 7155,,16 McDougall St,Milton,4064,QLD,AU,computer_wholesaler,"[services_and_business, b2b_service, wholesaler, computer_wholesaler]",0.77,3,overture-maps,2026-08-19.0
e08652d7-0ff9-4499-9a59-3fb5bc4f0db0,G3 Interactive,https://g3interactive.com/,1300 103 003,,87 Wickham Tce #10,Spring Hill,4000,QLD,AU,computer_wholesaler,"[services_and_business, b2b_service, wholesaler, computer_wholesaler]",0.77,3,overture-maps,2026-08-19.0
6a565831-7e88-4708-b9cd-d781927fddf9,GWA Media & DVD,https://gwavideo.com.au/,(07) 3422 2111,info@gwavideo.com.au,44 Moxon Rd,Burbank,4156,QLD,AU,media_agency,"[services_and_business, media_service, media_news_company, media_agency]",0.77,3,overture-maps,2026-08-19.0
796c2de3-f63f-4158-b457-b70af808ad91,Gympie Internet and Gaming,https://thegig.com.au/,(07) 5482 5388,,183-185 Mary St #185,Gympie,4570,QLD,AU,internet_cafe,"[food_and_drink, casual_eatery, cafe, internet_cafe]",0.77,3,overture-maps,2026-08-19.0
a188eb06-a43e-47f5-92bc-7f1fa22d7784,HandyWeb,https://handyweb.com.au/,0433 371 094,,24 Mackintosh Dr,North Lakes,4509,QLD,AU,it_service_and_computer_repair,"[services_and_business, technical_service, it_service_and_computer_repair]",0.77,3,overture-maps,2026-08-19.0
fb9f4c7b-b644-4b0d-8615-41fd62900716,Harley Young Media,https://hym.com.au/,(07) 3839 9362,,Unit 3/130 Bennetts Road,Brisbane,4170,QLD,AU,product_design,"[services_and_business, design_service, product_design]",0.77,3,overture-maps,2026-08-19.0
23a80285-80c0-4609-b11e-2f112769b24d,Home Computer Tech,https://homecomputertech.com.au/,0410 659 349,,96 Formby St Unit 12,Brisbane,4116,QLD,AU,it_service_and_computer_repair,"[services_and_business, technical_service, it_service_and_computer_repair]",0.77,3,overture-maps,2026-08-19.0
1763d05e-f313-476c-a327-d2f217a3b0e8,Hydric Media,https://hydricmedia.com/,(07) 3846 3249,,Australia,South Brisbane,,QLD,AU,information_technology_company,"[services_and_business, corporate_or_business_office, information_technology_company]",0.77,3,overture-maps,2026-08-19.0
bab98e42-ee8b-4821-82ba-93615f9737f5,In-Circuit Design,https://icd.com.au/,0412 314 441,,2 Corporate Ct,Gold Coast,4217,QLD,AU,computer_wholesaler,"[services_and_business, b2b_service, wholesaler, computer_wholesaler]",0.77,3,overture-maps,2026-08-19.0
c4ce9c4f-5f0f-422f-8a78-17a6f45b1fc0,Inkling About Design,https://inklingaboutdesign.com/,0498 141 715,hello@inklingaboutdesign.com,172a James St,Toowoomba,4350,QLD,AU,information_technology_company,"[services_and_business, corporate_or_business_office, information_technology_company]",0.77,3,overture-maps,2026-08-19.0
d305ed8f-f6ad-4fdf-9db6-62d84339e8c4,Insight Creative,https://insightcreative.com.au/,(07) 4728 1012,info@insightcreative.com.au,38 Meenan St,Garbutt,4814,QLD,AU,product_design,"[services_and_business, design_service, product_design]",0.77,3,overture-maps,2026-08-19.0
10022ad0-f7ee-408a-b147-ae58346996ad,Intalock Technologies,https://intalock.com.au/,(07) 3211 3992,,"Level 2, 303 Adelaide St",Brisbane,4001,QLD,AU,information_technology_company,"[services_and_business, corporate_or_business_office, information_technology_company]",0.77,3,overture-maps,2026-08-19.0
82e0bf36-0932-4485-8903-daf378adc770,Interactive Business Services,https://interactivebusiness.com.au/,(07) 3113 4051,info@interactivebusiness.com.au,"13/51 Playfield St, Chermside QLD 4032",Chermside,4032,QLD,AU,product_design,"[services_and_business, design_service, product_design]",0.77,3,overture-maps,2026-08-19.0
5a404bb2-4cf8-405a-a765-eef45b0afba8,Ish designs,https://ishtechnologies.com.au/,1300 103 003,,"Level 10, 87 wickham terrace",Spring Hill,4000,QLD,AU,it_service_and_computer_repair,"[services_and_business, technical_service, it_service_and_computer_repair]",0.77,3,overture-maps,2026-08-19.0
5fccf2d7-a908-4c88-a3fb-449eca6e39b3,Itag Media,https://itagmedia.com.au/,1300 795 541,mybrand@itagmedia.com,4/218 Walker Street,Bundaberg,4670,QLD,AU,product_design,"[services_and_business, design_service, product_design]",0.77,3,overture-maps,2026-08-19.0
12e6cdf8-b799-4949-be88-5076d6afa1d6,Iweb Solutions,https://greengalaxies.net/,(07) 3720 9927,,110 Mary St Level 15,Brisbane,4000,QLD,AU,computer_wholesaler,"[services_and_business, b2b_service, wholesaler, computer_wholesaler]",0.77,3,overture-maps,2026-08-19.0
7fe5c06f-497b-4ff1-8f89-37e42cf846d0,Jenasys Design,https://jenasysdesign.com.au/,(07) 3715 6705,,9 Amazons Pl #48,Sinnamon Park,4073,QLD,AU,it_service_and_computer_repair,"[services_and_business, technical_service, it_service_and_computer_repair]",0.77,3,overture-maps,2026-08-19.0
3e1be556-2b29-4240-9255-e5677d3ca239,jpg Design Print & Signs,https://jpgdesign.com.au/,(07) 5456 4499,,1 Glen Kyle Dr,Buderim,4556,QLD,AU,information_technology_company,"[services_and_business, corporate_or_business_office, information_technology_company]",0.77,3,overture-maps,2026-08-19.0
73a96ab8-b4cd-4cc2-897f-eed85105eca6,JSL Tech,https://jsltech.net.au/,(07) 3812 8598,,139 Brisbane Rd,Brisbane,4304,QLD,AU,computer_wholesaler,"[services_and_business, b2b_service, wholesaler, computer_wholesaler]",0.77,3,overture-maps,2026-08-19.0
1ca86320-dbbb-4580-9a50-447e696e543e,Kaitech Computing Services,https://kaitech.com.au/,(07) 3369 8282,,8 Fernberg Rd,Milton,4064,QLD,AU,it_service_and_computer_repair,"[services_and_business, technical_service, it_service_and_computer_repair]",0.77,3,overture-maps,2026-08-19.0
e51a59e4-b506-4892-9c34-efb7bcbbd9a7,Kcc Tech,https://kcctech.com.au/,0431 562 800,,7 Villiers Dr #5,Currumbin Valley,4223,QLD,AU,computer_wholesaler,"[services_and_business, b2b_service, wholesaler, computer_wholesaler]",0.77,3,overture-maps,2026-08-19.0
e97e17ec-188a-49eb-9c98-d895341c7279,KGR Design,https://kgrdesign.com.au/,(07) 5442 4700,kgrdesign@bigpond.com,34 Yellowood Cl,Tewantin,4565,QLD,AU,information_technology_company,"[services_and_business, corporate_or_business_office, information_technology_company]",0.77,3,overture-maps,2026-08-19.0
94b6649d-c809-4a52-a082-daea449c86c0,Kinesis Digital,https://kinesisdigital.com.au/,0409 791 594,,Wallace St,Toowoomba,4350,QLD,AU,product_design,"[services_and_business, design_service, product_design]",0.77,3,overture-maps,2026-08-19.0
2eb6efd6-751d-4a47-8035-99ade4d4b63b,Laptech Solutions,https://laptechsolutions.com.au/,(07) 3808 7888,,3-15 Dennis Rd Suite 13S,Springwood,4127,QLD,AU,it_service_and_computer_repair,"[services_and_business, technical_service, it_service_and_computer_repair]",0.77,3,overture-maps,2026-08-19.0
86b3cf5c-2a6b-4be7-8f60-c3369918c115,Letts Design,https://lettsdesign.com/,0408 027 013,peter@lettsdesign.com,4 Sixteenth Avenue,Palm Beach,4221,QLD,AU,product_design,"[services_and_business, design_service, product_design]",0.77,3,overture-maps,2026-08-19.0
fe33dac4-05e6-4d7c-a395-cda85ce4d2ae,Lovehate Design,https://lovehatedesign.com/,0418 980 090,,97 Waterworks Rd,Ashgrove,4060,QLD,AU,product_design,"[services_and_business, design_service, product_design]",0.77,3,overture-maps,2026-08-19.0
ad80b22c-c607-4331-9c86-e6b28e887215,M Business & Marketing Solutions Pty Ltd,https://mbusinesssolutions.com.au/,(07) 4659 8898,,123 Margaret St,Toowoomba,4350,QLD,AU,product_design,"[services_and_business, design_service, product_design]",0.77,3,overture-maps,2026-08-19.0
8533ab2c-6dfe-4fee-8dda-286af309270e,MadTECH Computers Business IT Support,https://madtech.com.au/,1300 584 024,,36 Laver Dr,Gold Coast,4226,QLD,AU,it_service_and_computer_repair,"[services_and_business, technical_service, it_service_and_computer_repair]",0.77,3,overture-maps,2026-08-19.0
88d9daa2-4e85-43fb-b773-8e5d9df58a97,Mark Walton Graphic Design,https://markwgraphicdesign.weebly.com/,0400 721 521,,Welsh St,Burpengary,4505,QLD,AU,information_technology_company,"[services_and_business, corporate_or_business_office, information_technology_company]",0.77,3,overture-maps,2026-08-19.0
1c5d6fcb-a42e-46a3-9b80-e24121878bc0,Marketing for You,https://marketingforyou.net.au/,(07) 4168 7102,info@marketingforyou.net.au,"156 Macaulay Rd,",Tansey,4601,QLD,AU,product_design,"[services_and_business, design_service, product_design]",0.77,3,overture-maps,2026-08-19.0
849468d1-8d1d-43c8-ad24-40b9bcfb0ea7,Marquee Studio,https://marqueestudio.com.au/,0413 283 408,,11 Marne Street,Alderley,4051,QLD,AU,information_technology_company,"[services_and_business, corporate_or_business_office, information_technology_company]",0.77,3,overture-maps,2026-08-19.0
d94bb7de-71bb-491a-af56-6783ddb04788,Maryon's European Designer Footwear,https://maryons.com.au/,(07) 3252 0788,,"Shop 15/7, Emporium, 1000 Ann Street",Fortitude Valley,4006,QLD,AU,product_design,"[services_and_business, design_service, product_design]",0.77,3,overture-maps,2026-08-19.0
e3af113f-7d77-4424-ad15-b0c463c16ad2,Media Kings,https://mediakings.com.au/,1300 883 184,,Lot 7 Banjo Paterson Drive,Ocean view,4521,QLD,AU,it_service_and_computer_repair,"[services_and_business, technical_service, it_service_and_computer_repair]",0.77,3,overture-maps,2026-08-19.0
1a8e25fb-2736-48ee-bcaf-0042318f40f6,Media Suite,https://mediasuite.net.au/,(07) 3268 5771,,24 Macquarie St,New Farm,4005,QLD,AU,media_agency,"[services_and_business, media_service, media_news_company, media_agency]",0.77,3,overture-maps,2026-08-19.0
6841894e-6de2-4fb2-b337-e473370ff4cc,Mobile Technologies,https://mobiletechnologies.com.au/,(07) 3147 8045,,88 Brandl St,Eight Mile Plains,4113,QLD,AU,computer_wholesaler,"[services_and_business, b2b_service, wholesaler, computer_wholesaler]",0.77,3,overture-maps,2026-08-19.0
7577c497-2c0d-4f4f-afda-ce81cb23c6fe,Mod Cons Design,https://mod-cons.com.au/,(07) 3257 2996,,702 Ann St.,Fortitude Valley,4006,QLD,AU,product_design,"[services_and_business, design_service, product_design]",0.77,3,overture-maps,2026-08-19.0
b6778672-e4df-4706-a468-118764b00d81,MultiTech IT - Managed IT Services Gold Coast,https://multitechit.com.au/,(07) 5527 8981,,2 Corporate Ct,Gold Coast,4217,QLD,AU,it_service_and_computer_repair,"[services_and_business, technical_service, it_service_and_computer_repair]",0.77,3,overture-maps,2026-08-19.0
fcb2436b-9872-4a52-b513-f6e1f7f6f8f4,Multitech Mackay,https://multitech.com.au/,(07) 4953 2988,,36 Wood St,Mackay,4740,QLD,AU,it_service_and_computer_repair,"[services_and_business, technical_service, it_service_and_computer_repair]",0.77,3,overture-maps,2026-08-19.0
f80a5d0d-778a-4527-9a29-e2dbf2911df7,Nebula Tech - Salesforce,https://nebulatech.com.au/,(07) 3151 7553,,2 Edward Street,Brisbane City,4000,QLD,AU,it_service_and_computer_repair,"[services_and_business, technical_service, it_service_and_computer_repair]",0.77,3,overture-maps,2026-08-19.0
4cba5d77-3644-4054-b559-588f02380e11,Nectar Creative Communications,https://nectarcc.com.au/,(07) 3398 8788,,13 Lovejoy St,Carina,4152,QLD,AU,event_technology_service,"[services_and_business, event_or_party_service, event_technology_service]",0.77,3,overture-maps,2026-08-19.0
b6370033-e772-45ec-bbe2-3c7cda2c561f,NewTech Networking,https://ntn.com.au/,(07) 4921 1299,helpdesk@ntn.com.au,148 George St Unit 4,Depot Hill,4700,QLD,AU,it_service_and_computer_repair,"[services_and_business, technical_service, it_service_and_computer_repair]",0.77,3,overture-maps,2026-08-19.0
a2ad1259-8c37-46d1-b926-ff1908d4a0d5,Nissen Technologies,https://nissentechnologies.com.au/,(07) 5455 6476,,33 Gateway Dr #3,Noosaville,4566,QLD,AU,it_service_and_computer_repair,"[services_and_business, technical_service, it_service_and_computer_repair]",0.77,3,overture-maps,2026-08-19.0
149820d3-793f-428b-a29d-e8202a40ec58,NQ Wholesale Tech Traders,https://nqwholesaletechtraders.com/,(07) 4775 7067,,4 Masuda St,Annandale,4814,QLD,AU,it_service_and_computer_repair,"[services_and_business, technical_service, it_service_and_computer_repair]",0.77,3,overture-maps,2026-08-19.0
9d43acc8-88a5-42e1-98b7-9e700be7fb45,One80 Digital Post,https://one80digitalpost.com.au/,(07) 5570 3935,,50 Cavill Ave Level 17,Surfers Paradise,4217,QLD,AU,media_agency,"[services_and_business, media_service, media_news_company, media_agency]",0.77,3,overture-maps,2026-08-19.0
a60d1f1b-390f-4d00-ae86-605751cae9ba,Online Data Storage,https://onlinedatastorage.com.au/,(07) 4033 7490,,472 Mulgrave Rd,Freshwater,4870,QLD,AU,computer_wholesaler,"[services_and_business, b2b_service, wholesaler, computer_wholesaler]",0.77,3,overture-maps,2026-08-19.0
1fd9832e-4a47-413b-babf-67aae063895e,Online Trainer Booking System,https://onlinetrainerbookingsystem.com.au/,0412 606 287,,56 Grandview Rd,Jimboomba,4280,QLD,AU,computer_wholesaler,"[services_and_business, b2b_service, wholesaler, computer_wholesaler]",0.77,3,overture-maps,2026-08-19.0
e4202d08-0115-4809-8d8f-d247de6b92f1,Pacrim Technomart,https://apectechnomart.com/,(07) 3229 2624,,10 Eagle St Level 13,Brisbane,4000,QLD,AU,event_technology_service,"[services_and_business, event_or_party_service, event_technology_service]",0.77,3,overture-maps,2026-08-19.0
9822a99a-dd41-4337-b439-7b9f73b24580,Paradise Point Newsagency,https://nextra.com.au/,(07) 5577 1654,,6 Grice Ave Shop 6c,Paradise Point,4216,QLD,AU,media_agency,"[services_and_business, media_service, media_news_company, media_agency]",0.77,3,overture-maps,2026-08-19.0
1f8ac553-6776-476c-bacf-0c45a266bc40,Pegasus Digital,https://pegasusdigital.com.au/,0414 577 753,,20 McKinley St,Eagleby,4207,QLD,AU,computer_wholesaler,"[services_and_business, b2b_service, wholesaler, computer_wholesaler]",0.77,3,overture-maps,2026-08-19.0
803f57e5-fd41-4784-b91f-354226451835,Perduco Technologies,https://perduco.com.au/,(07) 3014 0366,,8 Clunies Ross Ct,Brisbane,,QLD,AU,computer_wholesaler,"[services_and_business, b2b_service, wholesaler, computer_wholesaler]",0.77,3,overture-maps,2026-08-19.0
c099bb6b-2b1f-4af8-9fb0-806ee90c6509,Plash Creative,https://plashcreative.com/,(07) 4622 3315,info@plashcreative.com,32 Hawthorne St,Roma,4455,QLD,AU,product_design,"[services_and_business, design_service, product_design]",0.77,3,overture-maps,2026-08-19.0
5ef61fc3-950b-4567-b3ce-d7bb5303d387,Point of Design,https://pointofdesign.com.au/,(07) 4159 1192,,91 Fairway Dr,Bargara,4670,QLD,AU,information_technology_company,"[services_and_business, corporate_or_business_office, information_technology_company]",0.77,3,overture-maps,2026-08-19.0
535b74ce-0243-41c5-9330-2c58a79bd362,Power Tech Systems,https://ptech.com.au/,(07) 3620 1688,,75 Longland St Unit 1,Newstead,4006,QLD,AU,it_service_and_computer_repair,"[services_and_business, technical_service, it_service_and_computer_repair]",0.77,3,overture-maps,2026-08-19.0
9fbc2c83-e5c9-4153-ba06-d2ed5b015024,PRWeb Australia,https://prweb.com.au/,1300 177 932,,"Suite 10, Riverwalk Place, 238 Robina Town Centre Drive",Robina,4226,QLD,AU,information_technology_company,"[services_and_business, corporate_or_business_office, information_technology_company]",0.77,3,overture-maps,2026-08-19.0
2aa26d30-11d7-4711-9fec-5a94d721f4f6,Quadtech Professional Services,https://quadtech.com.au/,(07) 4659 9894,,120 Campbell St #3,Toowoomba,4350,QLD,AU,it_service_and_computer_repair,"[services_and_business, technical_service, it_service_and_computer_repair]",0.77,3,overture-maps,2026-08-19.0
dc230366-d11f-42ba-a4cd-45df8b09e5c6,ResOnline,https://resonline.com/,(07) 5668 2540,,9 Lawson St Level 3,Southport,4215,QLD,AU,computer_wholesaler,"[services_and_business, b2b_service, wholesaler, computer_wholesaler]",0.77,3,overture-maps,2026-08-19.0
e15bfd93-38a1-4560-a117-77144968d809,RetailCare - Your Retail Tech Partner,https://retailcare.com.au/,1800 811 821,,,Brisbane,4008,QLD,AU,it_service_and_computer_repair,"[services_and_business, technical_service, it_service_and_computer_repair]",0.77,3,overture-maps,2026-08-19.0
e2e0c086-b464-448b-a220-ded841174e61,Robinson Road Newsagency,https://newspower.com.au/,(07) 3263 3557,,591 Robinson Rd Shop 1,Aspley,4034,QLD,AU,media_agency,"[services_and_business, media_service, media_news_company, media_agency]",0.77,3,overture-maps,2026-08-19.0
c1d27ef2-a16c-4efd-a579-a83977d16588,Ruby Wagtail Designs,https://rubywagtaildesigns.com.au/,0400 197 810,,19 Carina Peak Dr Unit 92,Varsity Lakes,4227,QLD,AU,information_technology_company,"[services_and_business, corporate_or_business_office, information_technology_company]",0.77,3,overture-maps,2026-08-19.0
94b98b80-6023-423c-87f6-17b6fe366446,Sandgate Newsagency,https://newsxpress.com.au/,(07) 3269 1995,,19 Brighton Rd,Brighton,4017,QLD,AU,media_agency,"[services_and_business, media_service, media_news_company, media_agency]",0.77,3,overture-maps,2026-08-19.0
00b2616c-6ad7-4c5b-98db-ac28112e13a9,Sarbe Designer Weddings and Invitations,https://sarbe.com.au/,(07) 5528 0330,,184 Scarborough St,Southport,4215,QLD,AU,event_technology_service,"[services_and_business, event_or_party_service, event_technology_service]",0.77,3,overture-maps,2026-08-19.0
22390b05-4971-4e28-a6c7-ec5fec44712c,Sexty Peter Graphic Design,https://sextydesign.com.au/,(07) 5539 9399,,17 Albert Ave,Broadbeach,4218,QLD,AU,product_design,"[services_and_business, design_service, product_design]",0.77,3,overture-maps,2026-08-19.0
3d01e8a0-9ea3-449f-ba83-15ebef92dc98,ShedTech,https://shedtech.com.au/,(07) 3808 8118,,12 Tolmer Pl #3,Springwood,4127,QLD,AU,it_service_and_computer_repair,"[services_and_business, technical_service, it_service_and_computer_repair]",0.77,3,overture-maps,2026-08-19.0
6cd8b02e-77ad-48df-bd4e-a5bb6cac128a,Sk Graphic Design,https://sk-graphicdesign.com/,0432 405 547,info@sk-graphicdesign.com,21-31 Poinciana St #22,Holloways Beach,4878,QLD,AU,information_technology_company,"[services_and_business, corporate_or_business_office, information_technology_company]",0.77,3,overture-maps,2026-08-19.0
dd019e4b-b95e-47a4-bb14-a7bf5c0764e2,Smart Artz Creative,https://smartz.com.au/,(07) 4041 5197,,19-21 Lake street,Cairns,4870,QLD,AU,product_design,"[services_and_business, design_service, product_design]",0.77,3,overture-maps,2026-08-19.0
a481ed07-7e9e-4340-9961-6cc923a8527b,SME Apps - Mobile Apps Development Solutions for Businesses,https://smeappsolutions.com.au/,1300 141 908,,13-15 Winkworth St,Bungalow,4870,QLD,AU,it_service_and_computer_repair,"[services_and_business, technical_service, it_service_and_computer_repair]",0.77,3,overture-maps,2026-08-19.0
25be8603-edcb-45e6-a26e-a0d896ec922f,StudioCoast,https://vmix.com/,(07) 5654 5572,,249 Scottsdale Dr Unit 3,Gold Coast,4226,QLD,AU,information_technology_company,"[services_and_business, corporate_or_business_office, information_technology_company]",0.77,3,overture-maps,2026-08-19.0
b4befbc6-7e0f-4313-adf1-412d49f6aed4,Sunnysworth Studios,https://sunnysworth.com/,(07) 3376 9113,,120 Bluestone Cct,Seventeen Mile Rocks,4073,QLD,AU,computer_wholesaler,"[services_and_business, b2b_service, wholesaler, computer_wholesaler]",0.77,3,overture-maps,2026-08-19.0
d0f14934-b162-476f-af86-fc6661b74a1b,Supernova Infotechnologies,https://supernovainfo.com/,0405 564 743,,4 Como Cres #1103,Southport,4215,QLD,AU,computer_wholesaler,"[services_and_business, b2b_service, wholesaler, computer_wholesaler]",0.77,3,overture-maps,2026-08-19.0
a3564b21-bd26-4202-a2b4-82fa8e2e58bb,Superscript Design,https://superscript.design/,(07) 3506 3687,,74 Eureka St #1,Kelvin Grove,4059,QLD,AU,information_technology_company,"[services_and_business, corporate_or_business_office, information_technology_company]",0.77,3,overture-maps,2026-08-19.0
e82bb2fb-00e0-4010-8762-8399aa23a74f,Tannum Sands Newsagency,https://thelott.com/,(07) 4973 8866,,Shop 8 Crn Hampton Dr & Garnet St Shop 8,Tannum Sands,4680,QLD,AU,media_agency,"[services_and_business, media_service, media_news_company, media_agency]",0.77,3,overture-maps,2026-08-19.0
8ce9d3fa-bad2-4d72-848e-eab3948f0398,Tech Project,https://techproject.com.au/,(07) 3433 0000,sales@techproject.com.au,8 Clunies Ross Ct Level 2,Eight Mile Plains,4113,QLD,AU,it_service_and_computer_repair,"[services_and_business, technical_service, it_service_and_computer_repair]",0.77,3,overture-maps,2026-08-19.0
c9ea7cbb-d817-4432-a3a4-971b75919a61,Tech-knowledge,https://techknowledge.com.au/,(07) 3122 0088,,10 boundary rd,Bardon,4065,QLD,AU,information_technology_company,"[services_and_business, corporate_or_business_office, information_technology_company]",0.77,3,overture-maps,2026-08-19.0
61c3217e-1c1f-49ec-b7ea-de2d08dad155,Techboxx,https://tech-boxx.com/,(07) 3252 1400,,150 Kitchener Rd,Ascot,4007,QLD,AU,it_service_and_computer_repair,"[services_and_business, technical_service, it_service_and_computer_repair]",0.77,3,overture-maps,2026-08-19.0
04eb033d-ff3a-44f6-acba-97e010e11828,Techbusters,https://techbusters.com.au/,(07) 3824 6117,,216 Vienna Rd,Alexandra Hills,4161,QLD,AU,it_service_and_computer_repair,"[services_and_business, technical_service, it_service_and_computer_repair]",0.77,3,overture-maps,2026-08-19.0
cc507233-1559-4394-9a79-abce74cef3fe,Techjam,https://techjam.com.au/,0421 057 334,,363 Turbot St #605,Brisbane,4000,QLD,AU,computer_wholesaler,"[services_and_business, b2b_service, wholesaler, computer_wholesaler]",0.77,3,overture-maps,2026-08-19.0
100f42f1-bb0f-4927-b1fc-145db817d7a4,Technogeek,https://technogeek.net.au/,0401 683 956,webmaster@technogeek.net.au,7 Ginger Cres,Griffin,4503,QLD,AU,it_service_and_computer_repair,"[services_and_business, technical_service, it_service_and_computer_repair]",0.77,3,overture-maps,2026-08-19.0
a320620f-4aa0-457a-b2bf-44dc0f13d3db,Techs on Time Brisbane,https://techsontime.com.au/,(07) 3117 2593,info@techsontime.com.au,31 Barbigal Street,Stafford,4053,QLD,AU,it_service_and_computer_repair,"[services_and_business, technical_service, it_service_and_computer_repair]",0.77,3,overture-maps,2026-08-19.0
690cd589-3b2b-438e-a5e7-030c6914b882,TemsTech,https://temstech.com.au/,(07) 3053 8410,,305 Blunder Rd,Durack,4077,QLD,AU,it_service_and_computer_repair,"[services_and_business, technical_service, it_service_and_computer_repair]",0.77,3,overture-maps,2026-08-19.0
add599c3-3069-48e4-8149-568ec6831dfc,The Pines Newsagency,https://pursuitrecruitment.com/,(07) 5598 1181,,K P McGrath Dr,Elanora,4221,QLD,AU,media_agency,"[services_and_business, media_service, media_news_company, media_agency]",0.77,3,overture-maps,2026-08-19.0
cedc363e-4b34-4a72-9bc2-ecd894d9dd37,The Studio Attic,https://thestudioattic.com.au/,0438 171 062,,45 Village Way #17,Oxenford,4210,QLD,AU,information_technology_company,"[services_and_business, corporate_or_business_office, information_technology_company]",0.77,3,overture-maps,2026-08-19.0
352d5b03-57b3-45ae-b622-6c145406f888,Theodore Newsagency,https://cqscopes.com.au/,(07) 4993 1252,,The Bvd,Theodore,4719,QLD,AU,media_agency,"[services_and_business, media_service, media_news_company, media_agency]",0.77,3,overture-maps,2026-08-19.0
afcc5a13-5268-415e-96da-dc5a40fd5143,Tobacco Station Sandgate & Casket Agency,https://tobaccosg.com/,(07) 3269 8934,,1 Fifth Ave Shop 1,Sandgate,4017,QLD,AU,media_agency,"[services_and_business, media_service, media_news_company, media_agency]",0.77,3,overture-maps,2026-08-19.0
d6046516-db7e-46c8-adc1-d6d52dcfb89b,Triaxial Tech,https://triaxialtech.com/,(07) 3333 2370,,38 Arthur St,Fortitude Valley,4006,QLD,AU,computer_wholesaler,"[services_and_business, b2b_service, wholesaler, computer_wholesaler]",0.77,3,overture-maps,2026-08-19.0
7f64e5b1-bb82-4e4a-8748-3ce6bed7f48b,UnifiedAR - Interactive Print & Augmented Reality Solutions,https://unifiedar.com/,(07) 3099 0869,,76 Skyring Tce Level 2,Newstead,4006,QLD,AU,computer_wholesaler,"[services_and_business, b2b_service, wholesaler, computer_wholesaler]",0.77,3,overture-maps,2026-08-19.0
ba73c3bb-965d-4826-847e-94b31fc5aaec,Valley Edge Design Centre,https://valleyedge.com.au/,(07) 3257 2000,,75 Doggett St,Brisbane,4006,QLD,AU,product_design,"[services_and_business, design_service, product_design]",0.77,3,overture-maps,2026-08-19.0
581856db-d00e-4377-91b4-a03bc9e072b1,VB Designs,https://vbdesigns.com.au/,1300 732 217,,"241 Adelaide Street, Level 1, Suite 328",Brisbane,4000,QLD,AU,product_design,"[services_and_business, design_service, product_design]",0.77,3,overture-maps,2026-08-19.0
8f2d6d0d-ad4b-49cc-82dd-bb25a139bde3,Via Design,https://viadesign.com.au/,0424 171 581,,46/7 Johnston Street,Carindale,4152,QLD,AU,product_design,"[services_and_business, design_service, product_design]",0.77,3,overture-maps,2026-08-19.0
2f4e1059-5c96-4116-a33f-0b163f31b66a,Voir Creative,https://voircreative.com.au/,(07) 3841 8075,admin@voircreative.com.au,18 Grampian Ct,Rochedale South,4123,QLD,AU,information_technology_company,"[services_and_business, corporate_or_business_office, information_technology_company]",0.77,3,overture-maps,2026-08-19.0
4d8ea76e-b8a8-4a14-aa8d-ca8f603b1127,Web Haven,https://webhaven.com/,(07) 3085 4314,,4/141 Princess Street,Cleveland,4163,QLD,AU,product_design,"[services_and_business, design_service, product_design]",0.77,3,overture-maps,2026-08-19.0
d7267942-097e-4d33-9a21-8f7edbc164c9,Webbism,https://webbism.com/,(07) 3106 6061,,150 Edward St Level 4,Brisbane,4000,QLD,AU,computer_wholesaler,"[services_and_business, b2b_service, wholesaler, computer_wholesaler]",0.77,3,overture-maps,2026-08-19.0
90297fc7-210a-45be-b4ac-1ab571321c4e,wEbbTide Systems,https://webbtide.com/,0416 279 262,,25-27 Tinney Rd,Caboolture,4510,QLD,AU,information_technology_company,"[services_and_business, corporate_or_business_office, information_technology_company]",0.77,3,overture-maps,2026-08-19.0
50339be6-8023-4c37-b1ae-dba28fda2834,You and Us Design,https://youandusdesign.com/,0447 225 005,,59 Phoenix Cr,Mackay,4740,QLD,AU,information_technology_company,"[services_and_business, corporate_or_business_office, information_technology_company]",0.77,3,overture-maps,2026-08-19.0
bc2fedea-f440-45a8-ad0e-74b25e36ea38,Sunshine Coast Media Centre,https://919seafm.com.au/,+61754438444,,43 Plaza Pde,Sunshine Coast,4558,QLD,AU,broadcasting_media_production,"[services_and_business, media_service, media_news_company, broadcasting_media_production]",0.7646490335464478,3,overture-maps,2026-08-19.0
a024bb88-744c-44e2-98c8-8e30435ed377,Totally Technical Pty Ltd,https://totallytechnical.com.au/,+61732701111,info@totallytechnical.com.au,Level 2/34 Campbell St,Brisbane,4006,QLD,AU,it_service_and_computer_repair,"[services_and_business, technical_service, it_service_and_computer_repair]",0.7196269631385803,3,overture-maps,2026-08-19.0
79890624-cff3-4f4c-bea7-57a4a9748174,Hi-Tech Solutions NQ,https://hitechsolutions.com.au/,+61747871122,sales@hitechsolutions.com.au,88 Gill St,Charters Towers,4820,QLD,AU,information_technology_company,"[services_and_business, corporate_or_business_office, information_technology_company]",0.7127068638801575,3,overture-maps,2026-08-19.0
b7876eb0-54c2-4a00-80ee-0db1b0c15d5e,Media Hunt,https://mediahunt.com.au/,+61755207955,info@mediahunt.com.au,2/43 Tallebudgera Creek Rd,Gold Coast,4220,QLD,AU,media_agency,"[services_and_business, media_service, media_news_company, media_agency]",0.671685516834259,3,overture-maps,2026-08-19.0
f0b415ff-a97f-4134-8de7-a362fb6ee77e,24hr Tech Mackay,https://24hrtech.com.au/,+61488039846,info@24hrtech.com.au,Unit 1/334 Shakespeare St,Mackay,4740,QLD,AU,computer_store,"[shopping, specialty_store, electronics_store, computer_store]",0.6524041891098022,3,overture-maps,2026-08-19.0
0f075ecb-e47b-4dec-9243-0626bacedbf2,Computer & Laser Technologies,https://computerandlaser.com.au/,+61418151829,mobby@tpg.com.au,15 Primrose Pde,Brisbane,4178,QLD,AU,it_service_and_computer_repair,"[services_and_business, technical_service, it_service_and_computer_repair]",0.6471256017684937,3,overture-maps,2026-08-19.0
7587a66f-f854-439f-90bd-119cc2e1b151,CAMEX Technologies,https://camextech.com.au/,+61730608133,solutions@camextech.com.au,200 Kingston Rd,Brisbane,4127,QLD,AU,computer_store,"[shopping, specialty_store, electronics_store, computer_store]",0.6398633122444153,3,overture-maps,2026-08-19.0
6a921531-43b7-4e0c-8c8f-d8ec66e9d085,Biggs Tech Repairs,https://biggstechrepairs.com.au/,+61413245865,matt@biggstechrepairs.com.au,7 Kokoda St,Bundaberg,4670,QLD,AU,it_service_and_computer_repair,"[services_and_business, technical_service, it_service_and_computer_repair]",0.6397440433502197,3,overture-maps,2026-08-19.0
28717879-96a8-4608-9bc6-6a1c14bafdaa,BioQuest Studios,https://bioqueststudios.com.au/,+61412424673,info@bioquest.com.au,32 Macrossan St,Port Douglas,4877,QLD,AU,broadcasting_media_production,"[services_and_business, media_service, media_news_company, broadcasting_media_production]",0.6375449895858765,3,overture-maps,2026-08-19.0
c4ababaa-7eb7-47f1-87fe-d8488888c063,Computers and VR Tech,https://cvrt.com.au/,+61408782700,facebook@cvrt.com.au,1/212 Preston Rd,Brisbane,4179,QLD,AU,computer_store,"[shopping, specialty_store, electronics_store, computer_store]",0.6083084940910339,3,overture-maps,2026-08-19.0
